BU_CODE;I01_buurtcode;I02_buurtnaam;I03_wijkcode;I04_wijknaam;I05_gemeentecode;I06_gemeentenaam;I07_energieregionaam;I08_provincienaam;I09_aantal_woningen;I10_aantal_utiliteit;I11_woningequivalenten;I12_opp_woningen;I13_opp_utiliteit;Uitgesloten;Woning_H01_Vraag_Warmte_Totaal;Woning_H02_Vraag_Ruimteverwarming;Woning_H03_Vraag_Tapwater;Woning_H04_Vraag_Ventilatie;Woning_H05_Vraag_Koude;Woning_H06_Vraag_Apparaten;Woning_H07_Vraag_perhectare;Woning_H08_Input_Totaal;Woning_H09_Input_Aardgas;Woning_H10_Input_Duurzaamgas;Woning_H11_Input_Elektriciteit;Woning_H12_Input_MTwarmte;Woning_H13_Input_LTwarmte;Woning_H14_Saldo_Omgevingswarmte;Woning_H19_Waarde_hernieuwbaar_gas;Woning_H21_CapaciteitsvraagE;Woning_H22_AantalNieuweMSR;Woning_A01_Aansl_aardgas;Woning_A02_Aansl_groengas;Woning_A03_Aansl_waterstof;Woning_A04_Aansl_Gasketel;Woning_A05_Aansl_eWP_lucht;Woning_A05_Aansl_eWP_bodem;Woning_A06_Aansl_Rest70_collGGheater;Woning_A07_Aansl_Geo70_collGGheater;Woning_A08_Aansl_Rest30_eWPlucht;Woning_A09_Aansl_Rest30_colleWP70;Woning_A10_Aansl_WKO15_colleWP70;Woning_A11_Aansl_WKO15_colleWP50_beWP;Woning_A12_Aansl_WKO15_TEO15_colleWP70;Woning_A13_Aansl_hWP;Woning_A14_Aansl_h2WP;Woning_A15_Aansl_h2R;Woning_A16_Aansl_naarA;Woning_A17_Aansl_naarB;Woning_A18_Aansl_naarC;Woning_A19_Aansl_naarD;Woning_G01_Aansl_LT15_50;Woning_G02_Aansl_LT15_70;Woning_G03_Aansl_LT30_30;Woning_G04_Aansl_LT30_70;Woning_G05_Aansl_TEO;Woning_G06_Aansl_WKO;Woning_G07_Aansl_WijkWKK;Woning_G08_Aansl_BioWKK;Woning_G09_Aansl_BuurtWKO;Woning_G10_Aansl_Restwarmte;Woning_G11_Aansl_Geothermie;Woning_G12_Aansl_WaterstofHR;Woning_G13_Aansl_WaterstofWP;Woning_L01_Aansl_LabelAppp;Woning_L02_Aansl_LabelA;Woning_L03_Aansl_LabelB;Woning_L04_Aansl_LabelC;Woning_L05_Aansl_LabelD;Woning_L06_Aansl_LabelE;Woning_L07_Aansl_LabelF;Util_H01_Vraag_Warmte_Totaal;Util_H02_Vraag_Ruimteverwarming;Util_H03_Vraag_Tapwater;Util_H04_Vraag_Ventilatie;Util_H05_Vraag_Koude;Util_H06_Vraag_Apparaten;Util_H07_Vraag_perhectare;Util_H08_Input_Totaal;Util_H09_Input_Aardgas;Util_H10_Input_Duurzaamgas;Util_H11_Input_Elektriciteit;Util_H12_Input_MTwarmte;Util_H13_Input_LTwarmte;Util_H14_Saldo_Omgevingswarmte;Util_H19_Waarde_hernieuwbaar_gas;Util_H21_CapaciteitsvraagE;Util_H22_AantalNieuweMSR;Util_A01_Aansl_aardgas;Util_A02_Aansl_groengas;Util_A03_Aansl_waterstof;Util_A04_Aansl_gasketel;Util_A05_Aansl_eWP_lucht;Util_A05_Aansl_eWP_bodem;Util_A06_Aansl_Rest70_collGGheater;Util_A07_Aansl_Geo70_collGGheater;Util_A08_Aansl_Rest30_eWPlucht;Util_A09_Aansl_Rest30_colleWP70;Util_A10_Aansl_WKO15_colleWP70;Util_A11_Aansl_WKO15_colleWP50_beWP;Util_A12_Aansl_WKO15_TEO15_colleWP70;Util_A13_Aansl_hWP;Util_A14_Aansl_h2WP;Util_A15_Aansl_h2R;Util_A17_Aansl_naarB;Util_A18_Aansl_naarC;Util_A19_Aansl_naarD;Util_G01_Aansl_LT15_50;Util_G02_Aansl_LT15_70;Util_G03_Aansl_LT30_30;Util_G04_Aansl_LT30_70;Util_G05_Aansl_TEO;Util_G06_Aansl_WKO;Util_G07_Aansl_WijkWKK;Util_G08_Aansl_BioWKK;Util_G09_Aansl_BuurtWKO;Util_G10_Aansl_Restwarmte;Util_G11_Aansl_Geothermie;Util_G12_Aansl_WaterstofHR;Util_G13_Aansl_WaterstofWP;Util_L01_Aansl_LabelAppp;Util_L02_Aansl_LabelA;Util_L03_Aansl_LabelB;Util_L04_Aansl_LabelC;Util_L05_Aansl_LabelD;Util_L06_Aansl_LabelE;Util_L07_Aansl_LabelF;H15_CO2_uitstoot;H16_Nat_meerkost;H17_Nat_meerkost_CO2;H18_Nat_meerkost_WEQ;H23_Capaciteit_huidig;nr_OrgEntity
BU03760104;BU03760104;Blaricummermeent;WK037601;Blaricum;GM0376;Blaricum;Noord-Holland Zuid;Noord-Holland;914;142;1031;129433;15205;False;24082.1477;17152.5477;6929.6;0;0;8675.64;343;32757.7877;0;2949.14235;16936.8431;10911.8267;0;1959.97557;0;3199;0.917126984;0;0;0;0;0;0;0;0;0;0;0;0;0;0;0;0;0;0;0;0;0;0;0;0;0;0;0;0;0;0;0;0;0;0;909;0;0;0;0;0;2231.45699;2155.09188;76.3651125;0;587.048328;2281.351;32;5099.85632;0;2949.14235;9864.44409;10911.8267;0;-18625.5568;0;1011.1325;0.917126984;0;0;0;0;140;0;0;0;140;0;0;0;0;0;0;0;0;0;0;0;0;2;0;0;0;0;0;0;0;0;0;0;0;0;142;0;0;0;0;0;1337443;756;1297;5040;581
BU04020101;BU04020101;Centrum;WK040201;Centrum;GM0402;Hilversum;Noord-Holland Zuid;Noord-Holland;1922;545;3836;174700;248751;False;45785.2919;32222.2419;13563.05;592.93954;0;16682.8;1153;63061.0314;0;0;31603.5908;0;0;31457.4407;0;6727;18.7691079;0;0;0;0;1220;0;0;0;305;0;0;0;0;0;0;0;0;0;0;0;0;0;305;0;0;0;0;0;0;0;0;0;0;0;395;1524;0;0;0;0;38527.1447;36477.7221;2049.42267;0;25165.3904;112335.348;970;176027.883;0;0;130318.641;0;0;45709.2418;0;16541.9415;18.7691079;0;0;0;0;532;0;0;0;532;0;0;0;0;0;0;0;0;0;0;0;0;13;0;0;0;0;0;0;0;0;0;0;0;0;545;0;0;0;0;0;11937551;1307;3112;9972.4035;927
BU04020102;BU04020102;Havenstraatbuurt;WK040201;Centrum;GM0402;Hilversum;Noord-Holland Zuid;Noord-Holland;1532;196;1744;128565;27500;False;39262.5397;27667.5897;11594.95;676.64945;0;13906.24;1793;53845.4291;0;0;27007.3841;0;0;26838.045;0;5362;5.41746032;0;0;0;0;1299;0;0;0;35;0;0;0;0;0;0;0;0;0;0;0;0;0;35;0;0;0;0;0;0;0;0;0;0;0;198;1334;0;0;0;0;3622.82832;3378.37007;244.458252;0;2827.9506;12277.182;165;18727.9609;0;0;14091.8564;0;0;4636.10454;0;1828.75;5.41746032;0;0;0;0;195;0;0;0;195;0;0;0;0;0;0;0;0;0;0;0;0;1;0;0;0;0;0;0;0;0;0;0;0;0;196;0;0;0;0;0;4713551;1226;2703;3081.75;928
BU04020103;BU04020103;Sint Vitusbuurt;WK040201;Centrum;GM0402;Hilversum;Noord-Holland Zuid;Noord-Holland;837;57;1022;72019;24048;False;23420.3281;17002.3281;6418;457.222599;0;7816.59;1155;31694.1407;0;0;15629.2269;0;0;16064.9137;0;2929.5;3.84733968;0;0;0;0;788;0;0;0;0;0;0;0;0;0;0;0;0;0;0;0;0;0;0;0;0;0;0;0;0;0;0;0;0;0;49;788;0;0;0;0;3575.88897;3343.28603;232.602936;0;1886.85798;5667.97;176;11130.7169;0;0;7231.63317;0;0;3899.08377;0;1599.192;3.84733968;0;0;0;0;57;0;0;0;0;0;0;0;0;0;0;0;0;0;0;0;0;0;0;0;0;0;0;0;0;0;0;0;0;0;57;0;0;0;0;0;2906422;1135;2844;1940.868;929
BU04020104;BU04020104;Langgewenstbuurt;WK040201;Centrum;GM0402;Hilversum;Noord-Holland Zuid;Noord-Holland;994;261;1798;78864;104436;False;23547.2592;16625.7592;6921.5;346.330652;0;8727.03;1145;32620.6199;0;0;16503.5953;0;0;16117.0245;0;3479;8.75010794;0;0;0;0;783;0;0;0;58;0;0;0;0;0;0;0;0;0;0;0;0;0;58;0;0;0;0;0;0;0;0;0;0;0;153;841;0;0;0;0;13916.1596;13151.4233;764.73637;0;10259.1948;44537.456;677;68712.8105;0;0;51329.338;0;0;17383.4724;0;6944.994;8.75010794;0;0;0;0;260;0;0;0;260;0;0;0;0;0;0;0;0;0;0;0;0;1;0;0;0;0;0;0;0;0;0;0;0;0;261;0;0;0;0;0;5649740;1452;3142;5210;930
BU04020201;BU04020201;Boomberg;WK040202;Noordwest;GM0402;Hilversum;Noord-Holland Zuid;Noord-Holland;1537;211;2217;194721;88380;False;52911.3363;41016.3863;11894.95;1182.30438;0;13912.35;584;68005.9907;0;0;31199.0407;0;0;36806.95;0;5379.5;9.73720635;0;0;0;0;1453;0;0;0;0;0;0;0;0;0;0;0;0;0;0;0;0;0;0;0;0;0;0;0;0;0;0;0;0;0;82;1453;0;0;0;0;14756.4952;13859.0088;897.486438;0;7819.25722;27642.562;163;50218.3144;0;0;34093.5279;0;0;16124.7866;0;5877.27;9.73720635;0;0;0;0;211;0;0;0;0;0;0;0;0;0;0;0;0;0;0;0;0;0;0;0;0;0;0;0;0;0;0;0;0;0;211;0;0;0;0;0;7647088;1122;3449;4824.33;931
BU04020202;BU04020202;Raadhuiskwartier;WK040202;Noordwest;GM0402;Hilversum;Noord-Holland Zuid;Noord-Holland;643;89;1020;100253;48889;False;27202.1189;21537.6689;5664.45;680.507277;0;6161.31;602;34043.9362;0;0;15003.7857;0;0;19040.1505;0;2250.5;4.71076508;0;0;0;0;559;0;0;0;0;0;0;0;0;0;0;0;0;0;0;0;0;0;0;0;0;0;0;0;0;0;0;0;0;0;84;559;0;0;0;0;9926.25464;9513.61396;412.640687;0;5659.69829;19538.286;220;35124.2389;0;0;23947.1503;0;0;11177.0886;0;3251.1185;4.71076508;0;0;0;0;89;0;0;0;0;0;0;0;0;0;0;0;0;0;0;0;0;0;0;0;0;0;0;0;0;0;0;0;0;0;89;0;0;0;0;0;3993401;1035;3915;3290;932
BU04020203;BU04020203;Trompenberg-Zuid;WK040202;Noordwest;GM0402;Hilversum;Noord-Holland Zuid;Noord-Holland;471;59;1177;52807;91755;False;13658.5777;10275.0777;3383.5;253.385845;0;4106.45;464;18018.4136;0;0;8580.11939;0;0;9438.29416;0;1648.5;6.77887302;0;0;0;0;452;0;0;0;0;0;0;0;0;0;0;0;0;0;0;0;0;0;0;0;0;0;0;0;0;0;0;0;0;0;19;452;0;0;0;0;20952.6957;20335.513;617.182671;0;10493.3147;39189.505;712;70635.5154;0;0;48092.0477;0;0;22543.4677;0;6101.7075;6.77887302;0;0;0;0;59;0;0;0;0;0;0;0;0;0;0;0;0;0;0;0;0;0;0;0;0;0;0;0;0;0;0;0;0;0;59;0;0;0;0;0;4184593;1074;3555;3321.5175;933
BU04020204;BU04020204;Villaparken;WK040202;Noordwest;GM0402;Hilversum;Noord-Holland Zuid;Noord-Holland;580;57;853;95114;35480;False;23830.1336;19088.2336;4741.9;542.53716;0;5286.62;193;29659.2908;0;0;12878.5536;0;0;16780.7372;0;2030;3.448;0;0;0;0;445;0;0;0;0;0;0;0;0;0;0;0;0;0;0;0;0;0;0;0;0;0;0;0;0;0;0;0;0;0;135;445;0;0;0;0;6075.59309;5812.04486;263.548225;0;2198.68524;9782.427;49;18056.7053;0;0;12166.3605;0;0;5890.34486;0;2359.42;3.448;0;0;0;0;57;0;0;0;0;0;0;0;0;0;0;0;0;0;0;0;0;0;0;0;0;0;0;0;0;0;0;0;0;0;57;0;0;0;0;0;3044764;1110;3569;2480;934
BU04020205;BU04020205;Trompenberg-Noord;WK040202;Noordwest;GM0402;Hilversum;Noord-Holland Zuid;Noord-Holland;287;24;366;45447;10177;False;12045.4243;9581.42433;2464;273.638423;0;2695.08;322;15014.1427;0;0;6546.79799;0;0;8467.34476;0;1004.5;1.27734286;0;0;0;0;204;0;0;0;30;0;0;0;0;0;0;0;0;0;0;0;0;0;30;0;0;0;0;0;0;0;0;0;0;0;51;234;0;0;0;0;2463.41737;2336.40911;127.008256;0;1105.70289;3987.44;66;7556.56026;0;0;5010.80298;0;0;2545.75728;0;676.7705;1.27734286;0;0;0;0;23;0;0;0;23;0;0;0;0;0;0;0;0;0;0;0;0;1;0;0;0;0;0;0;0;0;0;0;0;0;24;0;0;0;0;0;1333829;1018;3644;720.5445;935
BU04020206;BU04020206;Media Park;WK040202;Noordwest;GM0402;Hilversum;Noord-Holland Zuid;Noord-Holland;7;99;2427;1280;314474;False;376.215518;316.715518;59.5;10.7235527;0;67.9;7;454.839071;0;0;188.79644;0;0;266.042631;0;24.5;18.9904952;0;0;0;0;7;0;0;0;0;0;0;0;0;0;0;0;0;0;0;0;0;0;0;0;0;0;0;0;0;0;0;0;0;0;0;7;0;0;0;0;69909.2564;67311.6968;2597.55958;0;41591.908;119875.048;1221;231376.212;0;0;151309.692;0;0;80066.5208;0;20912.521;18.9904952;0;0;0;0;75;0;0;0;75;0;0;0;0;0;0;0;0;0;0;0;0;24;0;0;0;0;0;0;0;0;0;0;0;0;99;0;0;0;0;0;8912615;1129;3672;8973.009;936
BU04020301;BU04020301;Havenkwartier;WK040203;Zuidwest;GM0402;Hilversum;Noord-Holland Zuid;Noord-Holland;16;118;714;1284;90667;False;413.604363;298.404363;115.2;9.61898028;0;138.85;7;562.073343;0;0;279.153972;0;0;282.919372;0;56;5.51959683;0;0;0;0;16;0;0;0;0;0;0;0;0;0;0;0;0;0;0;0;0;0;0;0;0;0;0;0;0;0;0;0;0;0;0;16;0;0;0;0;12588.8605;12194.0305;394.830084;0;4797.93928;28902.755;204;46289.5548;0;0;33878.7672;0;0;12410.7877;0;6029.3555;5.51959683;0;0;0;0;118;0;0;0;0;0;0;0;0;0;0;0;0;0;0;0;0;0;0;0;0;0;0;0;0;0;0;0;0;0;118;0;0;0;0;0;2247799;2033;3148;4670;937
BU04020302;BU04020302;Het Rode Dorp;WK040203;Zuidwest;GM0402;Hilversum;Noord-Holland Zuid;Noord-Holland;616;9;624;65337;1007;False;19556.6836;14875.3336;4681.35;457.623573;0;5966.88;1542;25981.1872;0;0;12456.677;0;0;13524.5102;0;2156;2.01629524;0;0;0;0;616;0;0;0;0;0;0;0;0;0;0;0;0;0;0;0;0;0;0;0;0;0;0;0;0;0;0;0;0;0;0;616;0;0;0;0;93.898551;90.0953396;3.80321142;0;53.6642533;530.467;7;678.029804;0;0;572.188592;0;0;105.841212;0;66.9655;2.01629524;0;0;0;0;9;0;0;0;0;0;0;0;0;0;0;0;0;0;0;0;0;0;0;0;0;0;0;0;0;0;0;0;0;0;9;0;0;0;0;0;1933410;1185;3098;952.6995;938
BU04020303;BU04020303;Zeverijn;WK040203;Zuidwest;GM0402;Hilversum;Noord-Holland Zuid;Noord-Holland;845;80;972;84717;16438;False;23686.9864;17892.5864;5794.4;553.873376;0;7571.85;945;31812.7098;0;0;15278.5967;0;0;16534.1131;0;2957.5;2.95340317;0;0;0;0;627;0;0;0;0;0;0;0;0;0;0;0;0;0;0;0;0;0;0;0;0;0;0;0;0;0;0;0;0;0;218;627;0;0;0;0;1873.95912;1807.19667;66.7624539;0;867.898906;4185.996;75;6927.85403;0;0;4966.41366;0;0;1961.44037;0;1093.127;2.95340317;0;0;0;0;80;0;0;0;0;0;0;0;0;0;0;0;0;0;0;0;0;0;0;0;0;0;0;0;0;0;0;0;0;0;80;0;0;0;0;0;2521835;1175;2594;1735.983;939
BU04020304;BU04020304;Kerkelanden;WK040203;Zuidwest;GM0402;Hilversum;Noord-Holland Zuid;Noord-Holland;3034;490;3887;289196;110806;False;81568.1464;60963.6964;20604.45;1703.50802;0;27447.74;583;110719.394;0;0;54373.2586;0;0;56346.1358;0;10619;13.9089333;0;0;0;0;2310;0;0;0;511;0;0;0;0;0;0;0;0;0;0;0;0;0;511;0;0;0;0;0;0;0;0;0;0;0;213;2821;0;0;0;0;18277.9969;17693.0431;584.953838;0;8021.08738;33965.919;131;60265.0033;0;0;41456.2657;0;0;18808.7376;0;7368.599;13.9089333;0;0;0;0;488;0;0;0;488;0;0;0;0;0;0;0;0;0;0;0;0;2;0;0;0;0;0;0;0;0;0;0;0;0;490;0;0;0;0;0;10057179;1272;2587;7708.971;940
BU04020401;BU04020401;Bloemenkwartier Noord;WK040204;Zuid;GM0402;Hilversum;Noord-Holland Zuid;Noord-Holland;1310;216;1478;131885;21764;False;41319.4447;30659.0447;10660.4;935.810878;0;12630.82;1513;54886.0756;0;0;26431.7903;0;0;28454.2853;0;4585;5.21433651;0;0;0;0;1216;0;0;0;40;0;0;0;0;0;0;0;0;0;0;0;0;0;40;0;0;0;0;0;0;0;0;0;0;0;54;1256;0;0;0;0;2488.32989;2352.58963;135.74026;0;1072.1449;8302.741;91;11863.2158;0;0;9326.45658;0;0;2536.7592;0;1447.306;5.21433651;0;0;0;0;216;0;0;0;0;0;0;0;0;0;0;0;0;0;0;0;0;0;0;0;0;0;0;0;0;0;0;0;0;0;216;0;0;0;0;0;4731643;1250;3201;2585.274;941
BU04020402;BU04020402;Bloemenkwartier Zuid;WK040204;Zuid;GM0402;Hilversum;Noord-Holland Zuid;Noord-Holland;2309;154;2497;218800;24324;False;69458.4921;51298.4421;18160.05;1505.43794;0;22305.13;1184;93269.0601;0;0;45334.5176;0;0;47934.5424;0;8081.5;7.77192381;0;0;0;0;1950;0;0;0;83;0;0;0;0;0;0;0;0;0;0;0;0;0;83;0;0;0;0;0;0;0;0;0;0;0;276;2033;0;0;0;0;3644.07723;3395.04492;249.032303;0;2036.18393;9284.198;62;14964.4592;0;0;10907.9287;0;0;4056.5305;0;1617.546;7.77192381;0;0;0;0;151;0;0;0;151;0;0;0;0;0;0;0;0;0;0;0;0;3;0;0;0;0;0;0;0;0;0;0;0;0;154;0;0;0;0;0;7268926;1197;2911;4175;942
BU04020403;BU04020403;Schrijverskwartier;WK040204;Zuid;GM0402;Hilversum;Noord-Holland Zuid;Noord-Holland;810;127;853;109171;5505;False;31322.911;24275.011;7047.9;806.861082;0;8042.92;966;40172.6921;0;0;18409.8242;0;0;21762.8679;0;2835;2.85268254;0;0;0;0;794;0;0;0;5;0;0;0;0;0;0;0;0;0;0;0;0;0;5;0;0;0;0;0;0;0;0;0;0;0;7;799;0;0;0;0;575.505012;532.807196;42.6978162;0;602.891625;2483.691;18;3662.08764;0;0;2810.99227;0;0;851.095368;0;366.0825;2.85268254;0;0;0;0;127;0;0;0;0;0;0;0;0;0;0;0;0;0;0;0;0;0;0;0;0;0;0;0;0;0;0;0;0;0;127;0;0;0;0;0;3170451;1217;3717;1371.8925;943
BU04020404;BU04020404;Staatsliedenkwartier;WK040204;Zuid;GM0402;Hilversum;Noord-Holland Zuid;Noord-Holland;1620;255;1745;174153;16161;False;50239.1986;37978.8986;12260.3;1219.88262;0;15278.37;1192;66737.4512;0;0;32016.0254;0;0;34721.4258;0;5670;5.94939365;0;0;0;0;1483;0;0;0;113;0;0;0;0;0;0;0;0;0;0;0;0;0;113;0;0;0;0;0;0;0;0;0;0;0;24;1592;0;0;0;0;2973.99278;2741.16798;232.824804;0;1913.56466;5942.727;71;10830.2844;0;0;7335.55174;0;0;3494.7327;0;1074.7065;5.94939365;0;0;0;0;254;0;0;0;254;0;0;0;0;0;0;0;0;0;0;0;0;1;0;0;0;0;0;0;0;0;0;0;0;0;255;0;0;0;0;0;5514119;1213;3160;2890.5885;944
BU04020405;BU04020405;Zeeheldenkwartier;WK040204;Zuid;GM0402;Hilversum;Noord-Holland Zuid;Noord-Holland;2226;434;2379;191672;19802;False;55110.7613;38995.6613;16115.1;1133.86502;0;20045.98;1006;76290.6063;0;0;38658.0259;0;0;37632.5804;0;7791;6.99440635;0;0;0;0;1863;0;0;0;182;0;0;0;0;0;0;0;0;0;0;0;0;0;182;0;0;0;0;0;0;0;0;0;0;0;181;2045;0;0;0;0;2597.45749;2412.82888;184.62861;0;1718.54912;5521.563;47;9837.56961;0;0;6746.87131;0;0;3090.6983;0;1316.833;6.99440635;0;0;0;0;434;0;0;0;0;0;0;0;0;0;0;0;0;0;0;0;0;0;0;0;0;0;0;0;0;0;0;0;0;0;434;0;0;0;0;0;6174950;1267;2596;3903.357;945
BU04020501;BU04020501;Schilderskwartier;WK040205;Zuidoost;GM0402;Hilversum;Noord-Holland Zuid;Noord-Holland;1521;248;2169;223860;84184;False;59102.6924;46051.2924;13051.4;1447.22249;0;14476.57;682;75026.4849;0;0;33811.0051;0;0;41215.4798;0;5323.5;9.24601905;0;0;0;0;1331;0;0;0;0;0;0;0;0;0;0;0;0;0;0;0;0;0;0;0;0;0;0;0;0;0;0;0;0;0;189;1331;0;0;0;0;15176.6335;14473.9487;702.684851;0;7753.30073;26323.528;175;49253.4622;0;0;32850.8568;0;0;16402.6055;0;5598.236;9.24601905;0;0;0;0;248;0;0;0;0;0;0;0;0;0;0;0;0;0;0;0;0;0;0;0;0;0;0;0;0;0;0;0;0;0;248;0;0;0;0;0;7537041;1161;3475;4970;946
BU04020502;BU04020502;t Hoogt van t Kruis;WK040205;Zuidoost;GM0402;Hilversum;Noord-Holland Zuid;Noord-Holland;625;50;677;97086;6660;False;22837.224;17948.924;4888.3;340.094606;0;5766.65;165;28943.9686;0;0;12815.468;0;0;16128.5006;0;2187.5;1.33504762;0;0;0;0;380;0;0;0;0;0;0;0;0;0;0;0;0;0;0;0;0;0;0;0;0;0;0;0;0;0;0;0;0;0;213;375;0;0;0;0;1587.56874;1459.96193;127.606813;0;972.617306;1790.645;11;4350.83105;0;0;2522.46966;0;0;1828.36139;0;442.89;1.33504762;0;0;0;0;50;0;0;0;0;0;0;0;0;0;0;0;0;0;0;0;0;0;0;0;0;0;0;0;0;0;0;0;0;0;50;0;0;0;0;0;1961674;1029;2898;1915;947
BU04020503;BU04020503;Arenaparkkwartier;WK040205;Zuidoost;GM0402;Hilversum;Noord-Holland Zuid;Noord-Holland;240;155;1623;34048;179782;False;9118.90213;7167.00213;1951.9;225.679963;0;2252.92;183;11597.5021;0;0;5242.15026;0;0;6355.35183;0;840;11.5646286;0;0;0;0;229;0;0;0;8;0;0;0;0;0;0;0;0;0;0;0;0;0;8;0;0;0;0;0;0;0;0;0;0;0;3;237;0;0;0;0;42444.8046;41495.5767;949.22793;0;17740.3373;69615.974;853;129801.116;0;0;86723.1086;0;0;43078.0072;0;11955.503;11.5646286;0;0;0;0;153;0;0;0;153;0;0;0;0;0;0;0;0;0;0;0;0;2;0;0;0;0;0;0;0;0;0;0;0;0;155;0;0;0;0;0;5416282;1415;3337;5483.787;948
BU04020504;BU04020504;West-IndiÃ«kwartier;WK040205;Zuidoost;GM0402;Hilversum;Noord-Holland Zuid;Noord-Holland;98;4;123;18143;3143;False;5115.1531;4239.5531;875.6;127.668184;0;946.6;162;6189.42129;0;0;2579.05051;0;0;3610.37078;0;343;0.47211746;0;0;0;0;92;0;0;0;2;0;0;0;0;0;0;0;0;0;0;0;0;0;2;0;0;0;0;0;0;0;0;0;0;0;4;94;0;0;0;0;894.80174;774.628184;120.173556;0;141.290359;731.174;28;1767.2661;0;0;1049.62482;0;0;717.641276;0;209.0095;0.47211746;0;0;0;0;3;0;0;0;3;0;0;0;0;0;0;0;0;0;0;0;0;1;0;0;0;0;0;0;0;0;0;0;0;0;4;0;0;0;0;0;581687;1049;4729;720;949
BU04020505;BU04020505;Van Riebeeckkwartier;WK040205;Zuidoost;GM0402;Hilversum;Noord-Holland Zuid;Noord-Holland;1933;208;2142;149029;27112;False;44461.7189;31074.3689;13387.35;844.370218;0;16877.03;1048;62183.1191;0;0;31888.8087;0;0;30294.3104;0;6765.5;6.81627937;0;0;0;0;879;0;0;0;946;0;0;0;0;0;0;0;0;0;0;0;0;0;946;0;0;0;0;0;0;0;0;0;0;0;108;1825;0;0;0;0;4308.51938;4095.88861;212.630765;0;1241.88526;6961.588;102;12511.9926;0;0;8576.93639;0;0;3935.05625;0;1802.948;6.81627937;0;0;0;0;206;0;0;0;206;0;0;0;0;0;0;0;0;0;0;0;0;2;0;0;0;0;0;0;0;0;0;0;0;0;208;0;0;0;0;0;4739357;1169;2213;3672.192;950
BU04020506;BU04020506;Egelshoek;WK040205;Zuidoost;GM0402;Hilversum;Noord-Holland Zuid;Noord-Holland;0;2;3;0;362;False;0;0;0;0;0;0;0;0;0;0;0;0;0;0;0;0;0.0218349206;0;0;0;0;0;0;0;0;0;0;0;0;0;0;0;0;0;0;0;0;0;0;0;0;0;0;0;0;0;0;0;0;0;0;0;0;0;0;0;0;33.2884692;31.9212771;1.36719219;0;43.9714136;164.348;7;241.607883;0;0;185.37861;0;0;56.2292725;0;24.073;0.0218349206;0;0;0;0;2;0;0;0;0;0;0;0;0;0;0;0;0;0;0;0;0;0;0;0;0;0;0;0;0;0;0;0;0;0;2;0;0;0;0;0;22633;7626;7544;250;951
BU04020601;BU04020601;Geuzenbuurt;WK040206;Oost;GM0402;Hilversum;Noord-Holland Zuid;Noord-Holland;1201;113;1564;110100;47144;False;34333.0801;25103.0301;9230.05;650.982812;0;11388.27;1241;46372.3329;0;0;22730.1401;0;0;23642.1928;0;4203.5;6.12297143;0;0;0;0;1048;0;0;0;46;0;0;0;0;0;0;0;0;0;0;0;0;0;46;0;0;0;0;0;0;0;0;0;0;0;107;1094;0;0;0;0;6330.54981;5987.89607;342.653747;0;3392.08028;13697.517;229;23420.1471;0;0;16467.6298;0;0;6952.5173;0;3135.076;6.12297143;0;0;0;0;112;0;0;0;112;0;0;0;0;0;0;0;0;0;0;0;0;1;0;0;0;0;0;0;0;0;0;0;0;0;113;0;0;0;0;0;4555488;1208;2913;3145.104;952
BU04020602;BU04020602;Electrobuurt;WK040206;Oost;GM0402;Hilversum;Noord-Holland Zuid;Noord-Holland;1194;49;1455;95723;33829;False;31129.2017;22220.0017;8909.2;574.3092;0;11157.9;1343;42861.4109;0;0;21537.2713;0;0;21324.1395;0;4179;5.25952698;0;0;0;0;934;0;0;0;95;0;0;0;0;0;0;0;0;0;0;0;0;0;95;0;0;0;0;0;0;0;0;0;0;0;165;1029;0;0;0;0;4625.78779;4406.2399;219.547884;0;3204.67607;11781.967;200;19612.4309;0;0;13982.7063;0;0;5629.72457;0;2249.6285;5.25952698;0;0;0;0;49;0;0;0;0;0;0;0;0;0;0;0;0;0;0;0;0;0;0;0;0;0;0;0;0;0;0;0;0;0;49;0;0;0;0;0;3868641;1216;2659;2755.1265;953
BU04020603;BU04020603;Kleine Driftbuurt;WK040206;Oost;GM0402;Hilversum;Noord-Holland Zuid;Noord-Holland;1919;140;2272;178599;45796;False;50860.9136;36805.0136;14055.9;794.855271;0;17878.99;1092;69534.7589;0;0;34420.2062;0;0;35114.5527;0;6716.5;6.95912381;0;0;0;0;1354;0;0;0;116;0;0;0;0;0;0;0;0;0;0;0;0;0;116;0;0;0;0;0;0;0;0;0;0;0;440;1470;0;0;0;0;6691.68459;6376.91774;314.766845;0;4716.97064;15998.1;144;27406.7552;0;0;19201.5152;0;0;8205.24005;0;3045.434;6.95912381;0;0;0;0;139;0;0;0;139;0;0;0;0;0;0;0;0;0;0;0;0;1;0;0;0;0;0;0;0;0;0;0;0;0;140;0;0;0;0;0;5644027;1145;2484;5440;954
BU04020604;BU04020604;Liebergen;WK040206;Oost;GM0402;Hilversum;Noord-Holland Zuid;Noord-Holland;2253;82;2467;206330;27719;False;59751.9076;42991.1576;16760.75;986.083601;0;21346.15;1213;82084.1412;0;0;40842.5315;0;0;41241.6098;0;7885.5;6.57987619;0;0;0;0;1265;0;0;0;509;0;0;0;0;0;0;0;0;0;0;0;0;0;509;0;0;0;0;0;0;0;0;0;0;0;479;1774;0;0;0;0;5481.24038;5185.75892;295.481464;0;2928.90881;8632.958;111;17043.1072;0;0;11029.2174;0;0;6013.88984;0;1843.3135;6.57987619;0;0;0;0;75;0;0;0;75;0;0;0;0;0;0;0;0;0;0;0;0;7;0;0;0;0;0;0;0;0;0;0;0;0;82;0;0;0;0;0;5622827;1023;2279;4169.4915;955
BU04020605;BU04020605;Astronomische Buurt;WK040206;Oost;GM0402;Hilversum;Noord-Holland Zuid;Noord-Holland;2402;226;2864;255938;60008;False;74259.1581;55876.6581;18382.5;1675.16088;0;23360.36;976;99294.6789;0;93.3744675;50917.6595;345.48553;0;47938.1595;0;8407;10.276673;0;0;0;0;2139;0;0;0;127;0;0;0;0;0;0;0;0;0;0;0;0;0;127;0;0;0;0;0;0;0;0;0;0;0;136;2266;0;0;0;0;9562.35297;9246.32651;316.026458;0;6205.81462;25239.017;126;41007.1846;0;93.3744675;34459.5969;345.48553;0;6108.72771;0;3990.532;10.276673;0;0;0;0;222;0;0;0;222;0;0;0;0;0;0;0;0;0;0;0;0;4;0;0;0;0;0;0;0;0;0;0;0;0;226;0;0;0;0;0;8494367;1095;2966;5313.228;956
BU04020606;BU04020606;Annas Hoeve;WK040206;Oost;GM0402;Hilversum;Noord-Holland Zuid;Noord-Holland;234;4;247;33282;1641;False;6216.27311;4352.77311;1863.5;12.7791366;0;2258.27;343;8487.32224;0;0;4068.91584;0;0;4418.40641;0;819;0.1466;0;0;0;0;10;0;0;0;5;0;0;0;0;0;0;0;0;0;0;0;0;0;5;0;0;0;0;0;0;0;0;0;0;0;213;15;0;0;0;0;236.553565;229.006311;7.5472532;0;13.1397706;257.79;13;507.483335;0;0;332.058996;0;0;175.424339;0;109.1265;0.1466;0;0;0;0;4;0;0;0;0;0;0;0;0;0;0;0;0;0;0;0;0;0;0;0;0;0;0;0;0;0;0;0;0;0;4;0;0;0;0;0;344907;781;1396;1260;957
BU04020701;BU04020701;Johannes Geradtswegbuurt;WK040207;Noordoost;GM0402;Hilversum;Noord-Holland Zuid;Noord-Holland;901;38;1053;112987;19726;False;31333.2698;23962.2698;7371;754.87447;0;8589.23;948;40677.3743;0;0;18975.8383;0;0;21701.536;0;3153.5;3.91680635;0;0;0;0;850;0;0;0;40;0;0;0;0;0;0;0;0;0;0;0;0;0;40;0;0;0;0;0;0;0;0;0;0;0;11;890;0;0;0;0;2616.18897;2439.802;176.386975;0;1713.07408;5803.016;79;10132.279;0;0;7031.16602;0;0;3101.11303;0;1311.779;3.91680635;0;0;0;0;38;0;0;0;0;0;0;0;0;0;0;0;0;0;0;0;0;0;0;0;0;0;0;0;0;0;0;0;0;0;38;0;0;0;0;0;3376136;1160;3206;1913.691;958
BU04020702;BU04020702;Erfgooiersbuurt;WK040207;Noordoost;GM0402;Hilversum;Noord-Holland Zuid;Noord-Holland;767;82;812;71449;5849;False;23706.9505;17570.2505;6136.7;528.895529;0;7573;1036;31808.8461;0;0;15433.8709;0;0;16374.9752;0;2684.5;2.45120952;0;0;0;0;689;0;0;0;3;0;0;0;0;0;0;0;0;0;0;0;0;0;3;0;0;0;0;0;0;0;0;0;0;0;75;692;0;0;0;0;895.929448;841.517841;54.4116073;0;701.048653;2235.055;39;3832.0331;0;0;2683.28506;0;0;1148.74804;0;388.9585;2.45120952;0;0;0;0;82;0;0;0;0;0;0;0;0;0;0;0;0;0;0;0;0;0;0;0;0;0;0;0;0;0;0;0;0;0;82;0;0;0;0;0;2450187;1180;3017;1430;959
BU04020703;BU04020703;Noord;WK040207;Noordoost;GM0402;Hilversum;Noord-Holland Zuid;Noord-Holland;3694;276;3937;302988;31571;False;89687.4918;63678.8918;26008.6;1794.54879;0;33173.92;962;124655.961;0;0;63087.9925;0;0;61567.9681;0;12929;11.0058698;0;0;0;0;2107;0;0;0;1024;0;0;0;0;0;0;0;0;0;0;0;0;0;1024;0;0;0;0;0;0;0;0;0;0;0;557;3130;0;0;0;0;4180.32185;3937.37308;242.948778;0;2510.1832;10455.989;45;17146.494;0;0;12355.433;0;0;4791.061;0;2099.4715;11.0058698;0;0;0;0;274;0;0;0;274;0;0;0;0;0;0;0;0;0;0;0;0;2;0;0;0;0;0;0;0;0;0;0;0;0;276;0;0;0;0;0;8920378;1172;2266;6440.7735;960
BU04020704;BU04020704;AZC Crailo;WK040207;Noordoost;GM0402;Hilversum;Noord-Holland Zuid;Noord-Holland;8;2;20;1304;1447;False;382.254389;310.254389;72;9.77813303;0;76.8;15;468.832522;0;0;199.953373;0;0;268.879149;0;28;0.109501587;0;0;0;0;7;0;0;0;0;0;0;0;0;0;0;0;0;0;0;0;0;0;0;0;0;0;0;0;0;0;0;0;0;0;1;7;0;0;0;0;282.97141;277.506418;5.46499198;0;173.144994;656.938;11;1113.0544;0;0;784.568636;0;0;328.485768;0;96.2255;0.109501587;0;0;0;0;2;0;0;0;0;0;0;0;0;0;0;0;0;0;0;0;0;0;0;0;0;0;0;0;0;0;0;0;0;0;2;0;0;0;0;0;95791;1818;4790;53.2395;961
BU04020801;BU04020801;Hilversumse Meent;WK040208;Hilversumse Meent;GM0402;Hilversum;Noord-Holland Zuid;Noord-Holland;1829;86;1897;221485;8718;False;57826.1675;43328.3675;14497.8;1150.40061;0;17969.48;561;76946.0481;0;0;36895.6888;0;0;40050.3592;0;6401.5;5.13854603;0;0;0;0;1570;0;0;0;42;0;0;0;0;0;0;0;0;0;0;0;0;0;42;0;0;0;0;0;0;0;0;0;0;0;207;1610;0;0;0;0;1479.22226;1394.36289;84.8593727;0;793.654577;3198.953;14;5471.82983;0;0;3847.25557;0;0;1624.57426;0;579.747;5.13854603;0;0;0;0;84;0;0;0;84;0;0;0;0;0;0;0;0;0;0;0;0;2;0;0;0;0;0;0;0;0;0;0;0;0;86;0;0;0;0;0;5333059;1184;2811;3400;962
BU04020901;BU04020901;Landelijk Gebied 91;WK040209;Landelijk Gebied;GM0402;Hilversum;Noord-Holland Zuid;Noord-Holland;12;23;99;1633;11289;False;529.540662;415.840662;113.7;7.8352725;0;115.3;1;652.675934;0;0;280.362353;0;0;372.313581;0;42;0.709495238;0;0;0;0;10;0;0;0;0;0;0;0;0;0;0;0;0;0;0;0;0;0;0;0;0;0;0;0;0;0;0;0;0;0;2;10;0;0;0;0;2227.67463;2104.61197;123.062661;0;1426.57098;3301.702;3;6955.94761;0;0;4335.11181;0;0;2620.8358;0;750.7185;0.709495238;0;0;0;0;22;0;0;0;22;0;0;0;0;0;0;0;0;0;0;0;0;1;0;0;0;0;0;0;0;0;0;0;0;0;23;0;0;0;0;0;387428;1472;3913;980;963
BU04020902;BU04020902;Landelijk Gebied 92;WK040209;Landelijk Gebied;GM0402;Hilversum;Noord-Holland Zuid;Noord-Holland;0;5;16;0;2025;False;0;0;0;0;0;0;0;0;0;0;0;0;0;0;0;0;0.122142857;0;0;0;0;0;0;0;0;0;0;0;0;0;0;0;0;0;0;0;0;0;0;0;0;0;0;0;0;0;0;0;0;0;0;0;0;0;0;0;0;430.593101;416.824745;13.7683559;0;202.047869;615.776;6;1248.41697;0;0;795.503463;0;0;452.913507;0;134.6625;0.122142857;0;0;0;0;4;0;0;0;4;0;0;0;0;0;0;0;0;0;0;0;0;1;0;0;0;0;0;0;0;0;0;0;0;0;5;0;0;0;0;0;55480;1797;3468;400;964
BU04020903;BU04020903;Landelijk Gebied 93;WK040209;Landelijk Gebied;GM0402;Hilversum;Noord-Holland Zuid;Noord-Holland;96;44;651;10749;72025;False;2330.12873;1743.07873;587.05;17.7518051;0;814.75;4;3162.63053;0;0;1501.01086;0;0;1661.61967;0;336;4.40150794;0;0;0;0;18;0;0;0;0;0;0;0;0;0;0;0;0;0;0;0;0;0;0;0;0;0;0;0;0;0;0;0;0;0;78;18;0;0;0;0;19451.4871;17264.1656;2187.32152;0;4098.92577;18593.708;31;42144.1209;0;0;25705.3507;0;0;16438.7702;0;4789.6625;4.40150794;0;0;0;0;41;0;0;0;41;0;0;0;0;0;0;0;0;0;0;0;0;3;0;0;0;0;0;0;0;0;0;0;0;0;44;0;0;0;0;0;2114709;681;3248;2196.7125;965
BU04020904;BU04020904;Landelijk Gebied 94;WK040209;Landelijk Gebied;GM0402;Hilversum;Noord-Holland Zuid;Noord-Holland;37;13;86;6489;6332;False;1812.40991;1480.60991;331.8;46.4065654;0;352.54;13;2211.35647;0;0;936.757399;0;0;1274.59907;0;129.5;0.49304127;0;0;0;0;36;0;0;0;0;0;0;0;0;0;0;0;0;0;0;0;0;0;0;0;0;0;0;0;0;0;0;0;0;0;1;36;0;0;0;0;1001.56233;977.647793;23.914533;0;718.232671;2706.92;7;4426.715;0;0;3185.74009;0;0;1240.97491;0;421.078;0.49304127;0;0;0;0;13;0;0;0;0;0;0;0;0;0;0;0;0;0;0;0;0;0;0;0;0;0;0;0;0;0;0;0;0;0;13;0;0;0;0;0;410274;1310;4771;450;966
BU04020905;BU04020905;Landelijk Gebied 95;WK040209;Landelijk Gebied;GM0402;Hilversum;Noord-Holland Zuid;Noord-Holland;135;88;583;19003;58165;False;4821.23558;3764.73558;1056.5;82.3496988;0;1234.3;6;6137.88528;0;0;2764.34771;0;0;3373.53757;0;472.5;3.7305873;0;0;0;0;75;0;0;0;42;0;0;0;0;0;0;0;0;0;0;0;0;0;42;0;0;0;0;0;0;0;0;0;0;0;18;117;0;0;0;0;13652.7628;12208.7685;1443.99437;0;7183.32889;11063.006;18;31899.0977;0;0;17116.6059;0;0;14782.4918;0;3867.9725;3.7305873;0;0;0;0;85;0;0;0;85;0;0;0;0;0;0;0;0;0;0;0;0;3;0;0;0;0;0;0;0;0;0;0;0;0;88;0;0;0;0;0;1832460;935;3143;1860.2025;967
BU04020906;BU04020906;Landelijk Gebied 96;WK040209;Landelijk Gebied;GM0402;Hilversum;Noord-Holland Zuid;Noord-Holland;6;2;10;1087;452;False;322.038786;271.038786;51;7.1973281;0;58.2;3;387.436114;0;0;157.436526;0;0;229.999587;0;21;0.0431365079;0;0;0;0;5;0;0;0;0;0;0;0;0;0;0;0;0;0;0;0;0;0;0;0;0;0;0;0;0;0;0;0;0;0;1;5;0;0;0;0;163.004129;147.867825;15.1363039;0;111.115643;58.308;2;332.427773;0;0;136.585877;0;0;195.841896;0;30.058;0.0431365079;0;0;0;0;2;0;0;0;0;0;0;0;0;0;0;0;0;0;0;0;0;0;0;0;0;0;0;0;0;0;0;0;0;0;2;0;0;0;0;0;53475;1455;5348;21.882;968
BU04020907;BU04020907;Landelijk Gebied 97;WK040209;Landelijk Gebied;GM0402;Hilversum;Noord-Holland Zuid;Noord-Holland;5;7;25;763;2584;False;215.26958;166.76958;48.5;2.09583972;0;47.17;1;264.535419;0;0;113.72714;0;0;150.80828;0;17.5;0.162209524;0;0;0;0;4;0;0;0;0;0;0;0;0;0;0;0;0;0;0;0;0;0;0;0;0;0;0;0;0;0;0;0;0;0;1;4;0;0;0;0;526.013;492.009947;34.0030532;0;413.030905;907.936;2;1846.97991;0;0;1171.78534;0;0;675.194568;0;171.836;0.162209524;0;0;0;0;7;0;0;0;0;0;0;0;0;0;0;0;0;0;0;0;0;0;0;0;0;0;0;0;0;0;0;0;0;0;7;0;0;0;0;0;93263;1436;3731;210;969
BU04060511;BU04060511;Gooierhoofd;WK040605;Wijk 05 Havengebied;GM0406;Huizen;Noord-Holland Zuid;Noord-Holland;359;19;467;38576;13944;False;9531.78875;6967.83875;2563.95;115.058836;0;3244.17;332;12891.0176;0;0;6352.03106;0;0;6538.98653;0;1256.5;1.92678095;0;0;0;0;150;0;0;0;208;0;0;0;0;0;0;0;0;0;0;0;0;0;208;0;0;0;0;0;0;0;0;0;0;0;1;358;0;0;0;0;4332.88297;4038.33525;294.547724;0;2310.00632;4026.459;151;10669.3483;0;0;5929.09524;0;0;4740.25304;0;927.276;1.92678095;0;0;0;0;15;0;0;0;15;0;0;0;0;0;0;0;0;0;0;0;0;4;0;0;0;0;0;0;0;0;0;0;0;0;19;0;0;0;0;0;1195993;1130;2561;935.904;970
BU04060614;BU04060614;Bovenweg;WK040606;Wijk 06 Zenderwijk en Bovenweg;GM0406;Huizen;Noord-Holland Zuid;Noord-Holland;1332;97;1670;128640;43921;False;34767.8236;25346.7736;9421.05;523.844239;0;12064.07;843;47355.7378;0;0;23375.1043;0;0;23980.6335;0;4662;5.39523492;0;0;0;0;600;0;0;0;537;0;0;0;0;0;0;0;0;0;0;0;0;0;537;0;0;0;0;0;0;0;0;0;0;0;192;1137;0;0;0;0;12202.75;11470.5125;732.237577;0;5796.57974;11848.781;296;29848.1108;0;0;17014.3932;0;0;12833.7176;0;2920.7465;5.39523492;0;0;0;0;82;0;0;0;82;0;0;0;0;0;0;0;0;0;0;0;0;15;0;0;0;0;0;0;0;0;0;0;0;0;97;0;0;0;0;0;3795927;1090;2273;3249.7485;971
BU04061123;BU04061123;Bovenmaat Noord;WK040611;Wijk 11 Bovenmaten;GM0406;Huizen;Noord-Holland Zuid;Noord-Holland;1478;35;1493;155778;1915;False;42408.4573;30867.9073;11540.55;637.565008;0;14219.75;796;57265.7723;0;0;28188.6269;0;0;29077.1455;0;5173;4.42979365;0;0;0;0;1356;0;0;0;108;0;0;0;0;0;0;0;0;0;0;0;0;0;108;0;0;0;0;0;0;0;0;0;0;0;14;1464;0;0;0;0;650.421261;590.93883;59.4824311;0;294.444095;402.701;12;1347.56636;0;0;677.667731;0;0;669.898624;0;127.3475;4.42979365;0;0;0;0;35;0;0;0;0;0;0;0;0;0;0;0;0;0;0;0;0;0;0;0;0;0;0;0;0;0;0;0;0;0;35;0;0;0;0;0;3970329;1225;2659;2271.5775;972
BU04061124;BU04061124;Bovenmaat West;WK040611;Wijk 11 Bovenmaten;GM0406;Huizen;Noord-Holland Zuid;Noord-Holland;821;58;912;60383;11758;False;18078.0989;11969.7989;6108.3;173.205248;0;7112.82;1168;25364.1241;0;0;13168.0581;0;0;12196.066;0;2873.5;2.93460952;0;0;0;0;302;0;0;0;430;0;0;0;0;0;0;0;0;0;0;0;0;0;430;0;0;0;0;0;0;0;0;0;0;0;89;732;0;0;0;0;2317.54938;2134.11406;183.435319;0;1065.86398;4343.158;150;7726.57137;0;0;5322.53586;0;0;2404.03551;0;781.907;2.93460952;0;0;0;0;57;0;0;0;57;0;0;0;0;0;0;0;0;0;0;0;0;1;0;0;0;0;0;0;0;0;0;0;0;0;58;0;0;0;0;0;1963877;1270;2153;1760;973
BU04061125;BU04061125;Bovenmaat-Oost;WK040611;Wijk 11 Bovenmaten;GM0406;Huizen;Noord-Holland Zuid;Noord-Holland;593;8;623;53010;3815;False;14890.9539;10354.6539;4536.3;176.574803;0;5456.5;507;20524.0287;0;0;10377.513;0;0;10146.5157;0;2075.5;1.85868254;0;0;0;0;404;0;0;0;127;0;0;0;0;0;0;0;0;0;0;0;0;0;127;0;0;0;0;0;0;0;0;0;0;0;62;531;0;0;0;0;536.245768;508.284799;27.960969;0;160.444964;708.473;18;1405.16373;0;0;911.230291;0;0;493.933441;0;253.6975;1.85868254;0;0;0;0;8;0;0;0;0;0;0;0;0;0;0;0;0;0;0;0;0;0;0;0;0;0;0;0;0;0;0;0;0;0;8;0;0;0;0;0;1415662;1216;2272;998.2275;974
BU04570001;BU04570001;Centrum;WK045700;Binnenstad;GM0457;Weesp;Noord-Holland Zuid;Noord-Holland;1195;180;1521;114912;42355;False;34490.5086;25496.6086;8993.9;725.652315;0;11234.63;1071;46450.7909;0;0;22690.5399;0;0;23760.2511;0;4182.5;6.07855556;0;0;0;0;836;0;0;0;300;0;0;0;0;0;0;0;0;0;0;0;0;0;300;0;0;0;0;0;0;0;0;0;0;0;57;1136;0;0;0;0;6705.6888;6253.43422;452.254582;0;4331.98129;15086.701;208;26124.3711;0;0;18219.9374;0;0;7904.43364;0;2816.6075;6.07855556;0;0;0;0;176;0;0;0;176;0;0;0;0;0;0;0;0;0;0;0;0;4;0;0;0;0;0;0;0;0;0;0;0;0;180;0;0;0;0;0;4567290;1150;3003;3190;1094
BU04570002;BU04570002;Herensingelkwartier;WK045700;Binnenstad;GM0457;Weesp;Noord-Holland Zuid;Noord-Holland;515;45;587;48374;9270;False;13790.9525;9919.80249;3871.15;258.199331;0;4701.96;1575;18751.1118;0;0;9290.97592;0;0;9460.1359;0;1802.5;1.80993651;0;0;0;0;299;0;0;0;163;0;0;0;0;0;0;0;0;0;0;0;0;0;163;0;0;0;0;0;0;0;0;0;0;0;53;462;0;0;0;0;1612.05942;1441.45727;170.602156;0;1398.71711;2360.073;184;5370.84953;0;0;3212.50735;0;0;2158.34219;0;616.455;1.80993651;0;0;0;0;44;0;0;0;44;0;0;0;0;0;0;0;0;0;0;0;0;1;0;0;0;0;0;0;0;0;0;0;0;0;45;0;0;0;0;0;1516284;1092;2583;1036.695;1095
BU04570101;BU04570101;Bedrijventerrein Van Houten;WK045701;Zuid;GM0457;Weesp;Noord-Holland Zuid;Noord-Holland;118;50;750;15681;82146;False;4293.99623;3304.89623;989.1;100.816051;0;1173.43;84;5568.24228;0;0;2573.24687;0;0;2994.99541;0;413;5.27547302;0;0;0;0;102;0;0;0;3;0;0;0;0;0;0;0;0;0;0;0;0;0;3;0;0;0;0;0;0;0;0;0;0;0;5;105;0;0;0;0;12896.015;12360.2834;535.731628;0;5299.36436;18997.969;252;37193.3484;0;0;24212.4258;0;0;12980.9226;0;5462.709;5.27547302;0;0;0;0;42;0;0;0;42;0;0;0;0;0;0;0;0;0;0;0;0;8;0;0;0;0;0;0;0;0;0;0;0;0;50;0;0;0;0;0;2224708;1394;2966;2518.161;1096
BU04570102;BU04570102;Zuid I;WK045701;Zuid;GM0457;Weesp;Noord-Holland Zuid;Noord-Holland;368;22;416;28369;6202;False;9154.59137;6324.89137;2829.7;147.887201;0;3321.42;1028;12623.8986;0;0;6388.79475;0;0;6235.10382;0;1288;1.17408889;0;0;0;0;253;0;0;0;75;0;0;0;0;0;0;0;0;0;0;0;0;0;75;0;0;0;0;0;0;0;0;0;0;0;40;328;0;0;0;0;1535.07049;1428.13453;106.935962;0;764.918051;2144.008;172;4443.99654;0;0;2805.12339;0;0;1638.87315;0;412.433;1.17408889;0;0;0;0;20;0;0;0;20;0;0;0;0;0;0;0;0;0;0;0;0;2;0;0;0;0;0;0;0;0;0;0;0;0;22;0;0;0;0;0;1014898;1196;2440;728.757;1097
BU04570103;BU04570103;Zuid II;WK045701;Zuid;GM0457;Weesp;Noord-Holland Zuid;Noord-Holland;314;17;334;28856;2524;False;9509.86611;7014.21611;2495.65;200.742066;0;3053.83;780;12764.4382;0;0;6211.34394;0;0;6553.09423;0;1099;0.945892063;0;0;0;0;242;0;0;0;55;0;0;0;0;0;0;0;0;0;0;0;0;0;55;0;0;0;0;0;0;0;0;0;0;0;17;297;0;0;0;0;705.192787;673.201433;31.9913544;0;365.856141;925.966;58;1997.01493;0;0;1230.55605;0;0;766.458875;0;167.846;0.945892063;0;0;0;0;16;0;0;0;16;0;0;0;0;0;0;0;0;0;0;0;0;1;0;0;0;0;0;0;0;0;0;0;0;0;17;0;0;0;0;0;911893;1141;2730;715;1098
BU04570104;BU04570104;De Klomp;WK045701;Zuid;GM0457;Weesp;Noord-Holland Zuid;Noord-Holland;254;41;260;29370;689;False;8432.02252;6420.32252;2011.7;199.553447;0;2519.08;899;11150.656;0;0;5315.37003;0;0;5835.28594;0;889;0.819336508;0;0;0;0;247;0;0;0;5;0;0;0;0;0;0;0;0;0;0;0;0;0;5;0;0;0;0;0;0;0;0;0;0;0;2;252;0;0;0;0;32.5158156;29.9136183;2.60219729;0;84.0132643;312.806;3;429.33508;0;0;343.816209;0;0;85.5188706;0;45.8185;0.819336508;0;0;0;0;41;0;0;0;0;0;0;0;0;0;0;0;0;0;0;0;0;0;0;0;0;0;0;0;0;0;0;0;0;0;41;0;0;0;0;0;836351;1237;3217;410;1099
BU04570201;BU04570201;Dichtersbuurt;WK045702;Noord;GM0457;Weesp;Noord-Holland Zuid;Noord-Holland;1106;26;1163;79148;7282;False;23823.7038;15494.6538;8329.05;443.678833;0;9372.05;952;33639.4326;0;0;17636.3092;0;0;16003.1234;0;3871;3.28367619;0;0;0;0;510;0;0;0;547;0;0;0;0;0;0;0;0;0;0;0;0;0;547;0;0;0;0;0;0;0;0;0;0;0;49;1057;0;0;0;0;1453.63458;1373.03923;80.5953534;0;993.221256;2911.703;58;5358.55884;0;0;3601.66889;0;0;1756.88995;0;484.253;3.28367619;0;0;0;0;21;0;0;0;21;0;0;0;0;0;0;0;0;0;0;0;0;5;0;0;0;0;0;0;0;0;0;0;0;0;26;0;0;0;0;0;2591141;1225;2228;1866.537;1100
BU04570202;BU04570202;Schildersbuurt;WK045702;Noord;GM0457;Weesp;Noord-Holland Zuid;Noord-Holland;500;51;554;39459;6936;False;12095.8007;8656.7007;3439.1;243.738074;0;4516.48;1026;16856.0188;0;0;8554.24243;0;0;8301.77635;0;1750;1.74217143;0;0;0;0;178;0;0;0;264;0;0;0;0;0;0;0;0;0;0;0;0;0;264;0;0;0;0;0;0;0;0;0;0;0;58;442;0;0;0;0;1699.53655;1568.07908;131.457465;0;906.517731;1452.548;144;4058.60228;0;0;2201.49103;0;0;1857.11125;0;461.244;1.74217143;0;0;0;0;47;0;0;0;47;0;0;0;0;0;0;0;0;0;0;0;0;4;0;0;0;0;0;0;0;0;0;0;0;0;51;0;0;0;0;0;1181871;1080;2133;1030;1101
BU04570301;BU04570301;Hogewey Noord;WK045703;Hogewey;GM0457;Weesp;Noord-Holland Zuid;Noord-Holland;424;34;460;45775;4615;False;9463.41027;6962.41027;2501;105.377377;0;3693.92;537;13262.7077;0;0;6631.83033;0;0;6630.87732;0;1484;1.11646032;0;0;0;0;147;0;0;0;117;0;0;0;0;0;0;0;0;0;0;0;0;0;117;0;0;0;0;0;0;0;0;0;0;0;160;264;0;0;0;0;1487.33102;1401.23781;86.0932042;0;833.87193;1360.516;84;3681.71895;0;0;2021.46174;0;0;1660.2572;0;306.8975;1.11646032;0;0;0;0;32;0;0;0;32;0;0;0;0;0;0;0;0;0;0;0;0;2;0;0;0;0;0;0;0;0;0;0;0;0;34;0;0;0;0;0;943507;1059;2051;767.5275;1102
BU04570302;BU04570302;Hogewey Midden;WK045703;Hogewey;GM0457;Weesp;Noord-Holland Zuid;Noord-Holland;930;155;1005;80038;9639;False;23037.7027;16983.3527;6054.35;443.297299;0;8465.52;1073;31946.52;0;0;16063.7258;0;0;15882.7942;0;3255;2.56552698;0;0;0;0;640;0;0;0;221;0;0;0;0;0;0;0;0;0;0;0;0;0;221;0;0;0;0;0;0;0;0;0;0;0;68;861;0;0;0;0;814.331696;774.743635;39.5880609;0;593.863414;4061.172;38;5469.36711;0;0;4456.17037;0;0;1013.19674;0;640.9935;2.56552698;0;0;0;0;155;0;0;0;0;0;0;0;0;0;0;0;0;0;0;0;0;0;0;0;0;0;0;0;0;0;0;0;0;0;155;0;0;0;0;0;2401985;1201;2390;2375;1103
BU04570303;BU04570303;Hogewey Zuid;WK045703;Hogewey;GM0457;Weesp;Noord-Holland Zuid;Noord-Holland;904;100;1030;91402;16271;False;22165.0675;16872.2675;5292.8;286.797178;0;7749.56;1231;30201.4247;0;0;14570.6372;0;0;15630.7875;0;3164;2.42269524;0;0;0;0;198;0;0;0;343;0;0;0;0;0;0;0;0;0;0;0;0;0;343;0;0;0;0;0;0;0;0;0;0;0;317;541;0;0;0;0;1923.45872;1837.18109;86.2776322;0;823.266945;4294.738;107;7041.46367;0;0;5081.71317;0;0;1959.7505;0;1082.0215;2.42269524;0;0;0;0;100;0;0;0;0;0;0;0;0;0;0;0;0;0;0;0;0;0;0;0;0;0;0;0;0;0;0;0;0;0;100;0;0;0;0;0;1874668;1035;1820;1819.7235;1104
BU04570304;BU04570304;Bedrijventerrein Noord;WK045703;Hogewey;GM0457;Weesp;Noord-Holland Zuid;Noord-Holland;75;329;2683;6820;338960;False;1801.54738;1375.14738;426.4;24.9192524;0;634.25;22;2460.71663;0;0;1163.8583;0;0;1296.85834;0;262.5;20.4706032;0;0;0;0;3;0;0;0;5;0;0;0;0;0;0;0;0;0;0;0;0;0;5;0;0;0;0;0;0;0;0;0;0;0;67;8;0;0;0;0;33392.2023;32022.7762;1369.42603;0;10337.7173;42420.918;406;86150.8375;0;0;55074.0604;0;0;31076.7772;0;22540.84;20.4706032;0;0;0;0;324;0;0;0;324;0;0;0;0;0;0;0;0;0;0;0;0;5;0;0;0;0;0;0;0;0;0;0;0;0;329;0;0;0;0;0;6717925;1401;2504;9772.86;1105
BU04570401;BU04570401;Aetsveld Noord;WK045704;Aetsveld;GM0457;Weesp;Noord-Holland Zuid;Noord-Holland;702;26;757;72828;7114;False;19556.1609;14081.6609;5474.5;296.887475;0;6779.1;801;26632.1484;0;0;13257.3726;0;0;13374.7758;0;2457;2.30846349;0;0;0;0;502;0;0;0;196;0;0;0;0;0;0;0;0;0;0;0;0;0;196;0;0;0;0;0;0;0;0;0;0;0;4;698;0;0;0;0;1124.41984;1069.28183;55.1380061;0;559.145251;2299.885;46;3983.45009;0;0;2780.15641;0;0;1203.29368;0;473.081;2.30846349;0;0;0;0;25;0;0;0;25;0;0;0;0;0;0;0;0;0;0;0;0;1;0;0;0;0;0;0;0;0;0;0;0;0;26;0;0;0;0;0;1974296;1245;2608;1255.749;1106
BU04570402;BU04570402;Aetsveld Zuid;WK045704;Aetsveld;GM0457;Weesp;Noord-Holland Zuid;Noord-Holland;797;4;798;77605;44;False;21046.9488;14929.3488;6117.6;299.235961;0;7452.08;867;28798.2648;0;0;14439.6739;0;0;14358.5908;0;2789.5;2.29154286;0;0;0;0;509;0;0;0;277;0;0;0;0;0;0;0;0;0;0;0;0;0;277;0;0;0;0;0;0;0;0;0;0;0;11;786;0;0;0;0;2.07563797;1.90945992;0.166178056;0;5.37063428;19.976;0;27.4222723;0;0;21.9574566;0;0;5.46481569;0;2.926;2.29154286;0;0;0;0;4;0;0;0;0;0;0;0;0;0;0;0;0;0;0;0;0;0;0;0;0;0;0;0;0;0;0;0;0;0;4;0;0;0;0;0;1972874;1198;2472;1530;1107
BU04570701;BU04570701;Aetsveldsepolder;WK045707;Aetsveldsepolder;GM0457;Weesp;Noord-Holland Zuid;Noord-Holland;117;29;168;17629;6560;False;4916.0025;3856.0025;1060;100.143898;0;1120.99;10;6137.1364;0;0;2697.12727;0;0;3440.00913;0;409.5;0.694095238;0;0;0;0;94;0;0;0;10;0;0;0;0;0;0;0;0;0;0;0;0;0;10;0;0;0;0;0;0;0;0;0;0;0;13;104;0;0;0;0;1589.73887;1518.58494;71.1539215;0;904.461672;2139.715;3;4633.91554;0;0;2846.13327;0;0;1787.78227;0;436.24;0.694095238;0;0;0;0;27;0;0;0;27;0;0;0;0;0;0;0;0;0;0;0;0;2;0;0;0;0;0;0;0;0;0;0;0;0;29;0;0;0;0;0;635234;1254;3781;1260;1108
BU04570801;BU04570801;Oostelijke Vechtoever;WK045708;Oostelijke Vechtoever;GM0457;Weesp;Noord-Holland Zuid;Noord-Holland;137;113;225;22836;11410;False;6335.97805;5112.17805;1223.8;147.78051;0;1301.13;6;7784.88856;0;0;3331.71725;0;0;4453.17131;0;479.5;1.08187302;0;0;0;0;127;0;0;0;0;0;0;0;0;0;0;0;0;0;0;0;0;0;0;0;0;0;0;0;0;0;0;0;0;0;10;127;0;0;0;0;2200.35022;2078.72632;121.623898;0;1341.70421;3135.48;2;6677.53443;0;0;4139.38325;0;0;2538.15118;0;758.765;1.08187302;0;0;0;0;113;0;0;0;0;0;0;0;0;0;0;0;0;0;0;0;0;0;0;0;0;0;0;0;0;0;0;0;0;0;113;0;0;0;0;0;1009054;1440;4485;3240;1109
BU04570901;BU04570901;Leeuwenveld;WK045709;Bloemendalerpolder;GM0457;Weesp;Noord-Holland Zuid;Noord-Holland;510;40;628;74543;15282;False;14244.4599;10482.2599;3762.2;9.15590219;0;4908.96;511;19162.5758;0;0;9025.28097;0;0;10137.2948;0;1785;1.11859683;0;0;0;0;125;0;0;0;0;0;0;0;0;0;0;0;0;0;0;0;0;0;0;0;0;0;0;0;0;0;0;0;0;0;335;115;0;0;0;0;4193.31049;4126.33243;66.978066;0;1841.68638;6878.532;150;12913.5289;0;0;8586.60538;0;0;4326.9235;0;1016.253;1.11859683;0;0;0;0;24;0;0;0;24;0;0;0;0;0;0;0;0;0;0;0;0;16;0;0;0;0;0;0;0;0;0;0;0;0;40;0;0;0;0;0;1170101;929;1863;2690;1110
BU04570902;BU04570902;Bedrijventerrein Nijverheidslaan;WK045709;Bloemendalerpolder;GM0457;Weesp;Noord-Holland Zuid;Noord-Holland;12;31;298;1713;37116;False;484.219953;371.219953;113;10.0552828;0;114.1;28;608.375236;0;0;272.951978;0;0;335.423258;0;42;2.2768381;0;0;0;0;8;0;0;0;4;0;0;0;0;0;0;0;0;0;0;0;0;0;4;0;0;0;0;0;0;0;0;0;0;0;0;12;0;0;0;0;6032.23948;5813.52618;218.713301;0;1461.88852;7526.543;349;15020.671;0;0;9706.33475;0;0;5314.33626;0;2468.214;2.2768381;0;0;0;0;27;0;0;0;27;0;0;0;0;0;0;0;0;0;0;0;0;4;0;0;0;0;0;0;0;0;0;0;0;0;31;0;0;0;0;0;691870;1256;2322;1075.806;1111
BU04570903;BU04570903;Weespersluis;WK045709;Bloemendalerpolder;GM0457;Weesp;Noord-Holland Zuid;Noord-Holland;129;6;134;20563;587;False;3789.41703;2811.91703;977.5;16.1988562;0;1261.22;11;5066.83589;0;0;2351.15422;0;0;2715.68167;0;451.5;0.0798507937;0;0;0;0;12;0;0;0;3;0;0;0;0;0;0;0;0;0;0;0;0;0;3;0;0;0;0;0;0;0;0;0;0;0;114;15;0;0;0;0;125.969539;123.752573;2.21696634;0;71.4902398;266.498;0;463.957779;0;0;321.883456;0;0;142.074323;0;39.0355;0.0798507937;0;0;0;0;6;0;0;0;0;0;0;0;0;0;0;0;0;0;0;0;0;0;0;0;0;0;0;0;0;0;0;0;0;0;6;0;0;0;0;0;274317;998;2047;880;1112
BU19420000;BU19420000;Brinklaan;WK194200;Bussum Centrum;GM1942;Gooise Meren;Noord-Holland Zuid;Noord-Holland;944;382;1559;88203;79855;False;23397.9247;16870.9247;6527;367.601561;0;8201.63;1075;31967.1562;0;0;15867.5946;0;0;16099.5617;0;3304;6.99442857;0;0;0;0;625;0;0;0;161;0;0;0;0;0;0;0;0;0;0;0;0;0;161;0;0;0;0;0;0;0;0;0;0;0;153;786;0;0;0;0;12624.2092;11924.709;699.500197;0;7263.99442;35443.374;580;55331.5776;0;0;41094.9405;0;0;14236.6371;0;5310.3575;6.99442857;0;0;0;0;381;0;0;0;381;0;0;0;0;0;0;0;0;0;0;0;0;1;0;0;0;0;0;0;0;0;0;0;0;0;382;0;0;0;0;0;4905602;1318;3147;3920;1215
BU19420001;BU19420001;Raadhuisplein;WK194200;Bussum Centrum;GM1942;Gooise Meren;Noord-Holland Zuid;Noord-Holland;834;150;1164;86411;42804;False;22236.4074;16242.5074;5993.9;316.867162;0;7309.99;1098;29863.2645;0;0;14495.5577;0;0;15367.7068;0;2919;4.47071746;0;0;0;0;497;0;0;0;204;0;0;0;0;0;0;0;0;0;0;0;0;0;204;0;0;0;0;0;0;0;0;0;0;0;133;701;0;0;0;0;7638.95037;7193.33219;445.618182;0;4468.55779;18194.369;377;30301.8772;0;0;21635.9891;0;0;8665.8881;0;2846.466;4.47071746;0;0;0;0;143;0;0;0;143;0;0;0;0;0;0;0;0;0;0;0;0;7;0;0;0;0;0;0;0;0;0;0;0;0;150;0;0;0;0;0;3332233;1156;2863;2470.914;1216
BU19420004;BU19420004;Cereslaan;WK194200;Bussum Centrum;GM1942;Gooise Meren;Noord-Holland Zuid;Noord-Holland;567;51;656;53571;11516;False;16498.0796;12074.3296;4423.75;321.741499;0;5372.87;1654;22192.6911;0;0;10830.0949;0;0;11362.5962;0;1984.5;2.2216;0;0;0;0;463;0;0;0;40;0;0;0;0;0;0;0;0;0;0;0;0;0;40;0;0;0;0;0;0;0;0;0;0;0;64;503;0;0;0;0;1093.75924;1050.26591;43.4933294;0;964.795068;4840.348;110;6898.90231;0;0;5411.12941;0;0;1487.77289;0;765.814;2.2216;0;0;0;0;51;0;0;0;0;0;0;0;0;0;0;0;0;0;0;0;0;0;0;0;0;0;0;0;0;0;0;0;0;0;51;0;0;0;0;0;1859383;1245;2834;1178.706;1217
BU19420209;BU19420209;Wester Eng;WK194202;Eng;GM1942;Gooise Meren;Noord-Holland Zuid;Noord-Holland;1070;261;1289;83209;28385;False;24975.1387;17774.5887;7200.55;455.501013;0;9490.72;577;34921.3597;0;0;17802.0445;0;0;17119.3152;0;3745;4.61687302;0;0;0;0;934;0;0;0;40;0;0;0;0;0;0;0;0;0;0;0;0;0;40;0;0;0;0;0;0;0;0;0;0;0;94;974;0;0;0;0;7174.08406;6680.04014;494.04392;0;2760.68053;10307.494;166;20242.2586;0;0;13192.7429;0;0;7049.51573;0;1887.6025;4.61687302;0;0;0;0;260;0;0;0;260;0;0;0;0;0;0;0;0;0;0;0;0;1;0;0;0;0;0;0;0;0;0;0;0;0;261;0;0;0;0;0;3358937;1295;2606;2413.9725;1218
BU19420301;BU19420301;Schimmellaan;WK194203;Spiegel;GM1942;Gooise Meren;Noord-Holland Zuid;Noord-Holland;156;46;206;19868;6488;False;5440.97023;4275.67023;1165.3;119.492456;0;1398.56;456;6959.02269;0;0;3169.95743;0;0;3789.06526;0;546;0.873879365;0;0;0;0;108;0;0;0;48;0;0;0;0;0;0;0;0;0;0;0;0;0;48;0;0;0;0;0;0;0;0;0;0;0;0;156;0;0;0;0;1150.84817;1108.41959;42.4285737;0;642.879586;2406.954;96;4200.68175;0;0;2913.92704;0;0;1286.75471;0;431.452;0.873879365;0;0;0;0;45;0;0;0;45;0;0;0;0;0;0;0;0;0;0;0;0;1;0;0;0;0;0;0;0;0;0;0;0;0;46;0;0;0;0;0;725823;1024;3523;1260;1219
BU19420400;BU19420400;Vesting Muiden;WK194204;Muiden;GM1942;Gooise Meren;Noord-Holland Zuid;Noord-Holland;645;74;757;70079;14462;False;20485.5605;15427.6605;5057.9;453.825584;0;6156.72;691;27096.1061;0;0;12944.9768;0;0;14151.1293;0;2257.5;2.79929524;0;0;0;0;531;0;0;0;100;0;0;0;0;0;0;0;0;0;0;0;0;0;100;0;0;0;0;0;0;0;0;0;0;0;14;631;0;0;0;0;2434.19546;2178.5157;255.679765;0;2340.46738;4175.816;82;8950.47884;0;0;5519.78092;0;0;3430.69792;0;961.723;2.79929524;0;0;0;0;73;0;0;0;73;0;0;0;0;0;0;0;0;0;0;0;0;1;0;0;0;0;0;0;0;0;0;0;0;0;74;0;0;0;0;0;2383551;1154;3149;1379.667;1220
BU19420404;BU19420404;Buitendijken Muiderberg;WK194204;Muiden;GM1942;Gooise Meren;Noord-Holland Zuid;Noord-Holland;527;34;538;61676;1424;False;16083.7763;11923.1763;4160.6;212.164924;0;5155.71;865;21451.6513;0;0;10363.8683;0;0;11087.783;0;1844.5;1.39700317;0;0;0;0;333;0;0;0;173;0;0;0;0;0;0;0;0;0;0;0;0;0;173;0;0;0;0;0;0;0;0;0;0;0;14;496;0;0;0;0;143.504913;135.105871;8.39904185;0;76.5963551;346.369;8;566.470268;0;0;409.190074;0;0;157.280194;0;94.696;1.39700317;0;0;0;0;34;0;0;0;0;0;0;0;0;0;0;0;0;0;0;0;0;0;0;0;0;0;0;0;0;0;0;0;0;0;34;0;0;0;0;0;1366281;1130;2540;831.084;1221
BU19420565;BU19420565;Vierhoven;WK194205;Naarden;GM1942;Gooise Meren;Noord-Holland Zuid;Noord-Holland;511;106;582;44907;9175;False;12867.2061;9193.90607;3673.3;245.845672;0;4763.77;953;17876.8217;0;0;9036.70204;0;0;8840.1197;0;1788.5;1.71531746;0;0;0;0;305;0;0;0;113;0;0;0;0;0;0;0;0;0;0;0;0;0;113;0;0;0;0;0;0;0;0;0;0;0;93;418;0;0;0;0;2221.86176;2063.61832;158.243439;0;975.601014;3297.379;165;6494.84177;0;0;4221.94506;0;0;2272.89671;0;610.1375;1.71531746;0;0;0;0;103;0;0;0;103;0;0;0;0;0;0;0;0;0;0;0;0;3;0;0;0;0;0;0;0;0;0;0;0;0;106;0;0;0;0;0;1432197;1095;2461;1027.9875;1222
BU19420585;BU19420585;De Fortlanden;WK194205;Naarden;GM1942;Gooise Meren;Noord-Holland Zuid;Noord-Holland;405;7;462;43290;7310;False;11704.0517;8534.95167;3169.1;181.190802;0;3871.08;630;15756.3225;0;0;7720.10518;0;0;8036.2173;0;1417.5;1.41234921;0;0;0;0;247;0;0;0;146;0;0;0;0;0;0;0;0;0;0;0;0;0;146;0;0;0;0;0;0;0;0;0;0;0;11;393;0;0;0;0;846.720891;813.503745;33.2171462;0;113.742709;1293.791;46;2254.2546;0;0;1577.29699;0;0;676.957614;0;486.115;1.41234921;0;0;0;0;7;0;0;0;0;0;0;0;0;0;0;0;0;0;0;0;0;0;0;0;0;0;0;0;0;0;0;0;0;0;7;0;0;0;0;0;1109788;1079;2402;815.835;1223
BU03769997;BU03769997;UITGESLOTEN;WK037699;UITGESLOTEN;GM0376;UITGESLOTEN;UITGESLOTEN;UITGESLOTEN;0;0;0;0;0;True;0;0;0;0;0;0;0;0;0;0;0;0;0;0;0;0;0;0;0;0;0;0;0;0;0;0;0;0;0;0;0;0;0;0;0;0;0;0;0;0;0;0;0;0;0;0;0;0;0;0;0;0;0;0;0;0;0;0;0;0;0;0;0;0;0;0;0;0;0;0;0;0;0;0;0;0;0;0;0;0;0;0;0;0;0;0;0;0;0;0;0;0;0;0;0;0;0;0;0;0;0;0;0;0;0;0;0;0;0;0;0;0;0;0;0;0;0;0;1227
BU04069997;BU04069997;UITGESLOTEN;WK040699;UITGESLOTEN;GM0406;UITGESLOTEN;UITGESLOTEN;UITGESLOTEN;0;0;0;8841;0;True;0;0;0;0;0;0;0;0;0;0;0;0;0;0;0;0;0;0;0;0;0;60;0;0;0;0;0;0;0;0;0;0;0;0;0;0;0;0;0;0;0;0;0;0;0;0;0;0;0;0;0;10;60;0;0;0;0;0;0;0;0;0;0;0;0;0;0;0;0;0;0;0;0;0;0;0;0;0;0;0;0;0;0;0;0;0;0;0;0;0;0;0;0;0;0;0;0;0;0;0;0;0;0;0;0;0;0;0;0;0;0;0;0;0;0;0;0;105;1232
BU19429997;BU19429997;UITGESLOTEN;WK194299;UITGESLOTEN;GM1942;UITGESLOTEN;UITGESLOTEN;UITGESLOTEN;0;0;0;0;71;True;0;0;0;0;0;0;0;0;0;0;0;0;0;0;0;0;0;0;0;0;0;0;0;0;0;0;0;0;0;0;0;0;0;0;0;0;0;0;0;0;0;0;0;0;0;0;0;0;0;0;0;0;0;0;0;0;0;0;0;0;0;0;0;0;0;0;0;0;0;0;0;0;0;0;0;0;0;0;1;0;0;0;0;0;0;0;0;0;0;0;0;0;0;0;0;0;0;0;0;0;0;0;0;0;0;0;0;0;1;0;0;0;0;0;0;0;0;2.0235;1236
