bron_naam;Label;x_coord;y_coord;ingebruik;uitgebruik;Categorie_rel;MWth_max;bron_vol;bron_cap;T_bron;P_ow_max;Ki_kW_min;Ki_kW_max;K_GJ;capaciteit_benuttingsfactor
Newasco Van Houten B V   HEEMSTEDE;21;4.62949;52.3463;1999;1999;4;2;0.7;0.3;30;2000;50;250;0;0.32358647
Lamme Textielbeheer BV  NEDERHORST DEN BERG;41;5.04662;52.2731;1999;1999;4;2;0.7;0.3;30;2000;50;250;0;0.00630734211
Martinez Chocolade BV;151;4.83918;52.2807;1999;1999;6;24;0.7;0.3;30;24000;50;250;0;0.0171072829
Brouwerij  t IJ BV;152;4.92647;52.3667;1999;1999;6;24;0.7;0.3;30;24000;50;250;0;0.119085349
Cargill BV;153;4.76966;52.411;1999;1999;6;24;0.7;0.3;30;24000;50;250;0;0
Dutch Cocoa BV;154;4.75981;52.4095;1999;1999;6;24;0.7;0.3;30;24000;50;250;0;0.00566677632
Expalkan V  BV;155;4.91842;52.3773;1999;1999;6;24;0.7;0.3;30;24000;50;250;0;0.131057059
Green Egg BV;156;4.90097;52.3798;1999;1999;6;24;0.7;0.3;30;24000;50;250;0;0.0484151974
Heartland Sweeteners Europe BV;157;4.75425;52.4036;1999;1999;6;24;0.7;0.3;30;24000;50;250;0;0.00269348026
Klas Doner Production BV;158;4.89457;52.3824;1999;1999;6;24;0.7;0.3;30;24000;50;250;0;0.116762961
Lovechock BV;159;4.90411;52.3909;1999;1999;6;24;0.7;0.3;30;24000;50;250;0;0.122057214
Marleen Kookt BV;160;4.87555;52.3798;1999;1999;6;24;0.7;0.3;30;24000;50;250;0;0.209848691
Udkvm BV;161;4.78026;52.3905;1999;1999;6;24;0.7;0.3;30;24000;50;250;0;0.000120986842
Winclove BV;162;4.90797;52.3967;1999;1999;6;24;0.7;0.3;30;24000;50;250;0;0.073183102
Chocoladefabriek     De Beemster     BV;185;4.90261;52.5534;1999;1999;6;24;0.7;0.3;30;24000;50;250;0;0.0104491513
Co1peratieve Zuivelonderneming Cono BA;186;4.87435;52.5567;1999;1999;6;24;0.7;0.3;30;24000;50;250;0;0
A F  Stam BV;267;4.95607;52.3409;1999;1999;6;24;0.7;0.3;30;24000;50;250;0;0.0382943947
Freek Schilder Vissnacks BV;278;5.08077;52.5069;1999;1999;6;24;0.7;0.3;30;24000;50;250;0;0.000907539474
Platvis Holland BV;279;5.03914;52.5156;1999;1999;6;24;0.7;0.3;30;24000;50;250;0;0
Smilde Bakery BV;280;5.04057;52.5157;1999;1999;6;24;0.7;0.3;30;24000;50;250;0;0.0172235164
Holland Paling BV;331;4.68165;52.4135;1999;1999;6;24;0.7;0.3;30;24000;50;250;0;0.00324822368
Otelli BV;332;4.66363;52.3989;1999;1999;6;24;0.7;0.3;30;24000;50;250;0;0.003007125
A L  Hoogesteger Fresh Specialist BV;333;4.7384;52.3799;1999;1999;6;24;0.7;0.3;30;24000;50;250;0;0.00991905263
Cargill Meats Holland BV;334;4.74911;52.3035;1999;1999;6;24;0.7;0.3;30;24000;50;250;0;0.00524780921
Gepo Vleeswaren BV;335;4.63473;52.254;1999;1999;6;24;0.7;0.3;30;24000;50;250;0;0
Kaaskeuken BV;336;4.62661;52.2546;1999;1999;6;24;0.7;0.3;30;24000;50;250;0;0.000246546053
Mccain Foods Holland BV;337;4.7118;52.2917;1999;1999;6;24;0.7;0.3;30;24000;50;250;0;0.0113852368
Solina Netherlands BV;338;4.64693;52.2689;1999;1999;6;24;0.7;0.3;30;24000;50;250;0;0.00401740132
Van Maanen Verkoop BV;351;4.62084;52.3539;1999;1999;6;24;0.7;0.3;30;24000;50;250;0;0.0812427368
Jan Veerman Vis BV;392;5.24473;52.3061;1999;1999;6;24;0.7;0.3;30;24000;50;250;0;0
Adriaan Goede BV;411;4.90722;52.4239;1999;1999;6;24;0.7;0.3;30;24000;50;250;0;0.00991165132
Royaan BV;501;4.8635;52.4328;1999;1999;6;24;0.7;0.3;30;24000;50;250;0;0.00810780921
Van der Zee Vlees BV;514;4.9278;52.3282;1999;1999;6;24;0.7;0.3;30;24000;50;250;0;0.0103100789
Hesseling Vlees BV;518;4.99724;52.5219;1999;1999;6;24;0.7;0.3;30;24000;50;250;0;0.000214967105
Uitsnijderij Dao BV;519;4.988;52.5024;1999;1999;6;24;0.7;0.3;30;24000;50;250;0;0.000157618421
Bakels senior NV;657;5.02707;52.3147;1999;1999;6;24;0.7;0.3;30;24000;50;250;0;0.0196452862
Bracamonte Daily Foods BV;658;5.02209;52.3139;1999;1999;6;24;0.7;0.3;30;24000;50;250;0;0.006432375
Gruma Netherlands BV;659;5.02308;52.3174;1999;1999;6;24;0.7;0.3;30;24000;50;250;0;0
Adm Cocoa BV;678;4.80651;52.4885;1999;1999;6;24;0.7;0.3;30;24000;50;250;0;0.0347473421
Cargill BV;679;4.79552;52.4966;1999;1999;6;24;0.7;0.3;30;24000;50;250;0;0.00498860526
Aak Netherlands BV;680;4.80723;52.4773;1999;1999;6;24;0.7;0.3;30;24000;50;250;0;0.0285393026
Ayal Kaas BV;681;4.81277;52.4293;1999;1999;6;24;0.7;0.3;30;24000;50;250;0;0.000827927632
Bonbonatelier N  Limmen BV;682;4.80128;52.4295;1999;1999;6;24;0.7;0.3;30;24000;50;250;0;0.000185296053
Cargill BV;683;4.81653;52.4638;1999;1999;6;24;0.7;0.3;30;24000;50;250;0;0.00528523026
Danisco Zaandam BV;684;4.82222;52.4472;1999;1999;6;24;0.7;0.3;30;24000;50;250;0;0.0419354276
DP Zaandam BV;685;4.82799;52.4392;1999;1999;6;24;0.7;0.3;30;24000;50;250;0;0.0143609013
Duyvis Production BV;686;4.81639;52.4702;1999;1999;6;24;0.7;0.3;30;24000;50;250;0;0.00261953618
Frites uit Zuyd BV;687;4.83082;52.4206;1999;1999;6;24;0.7;0.3;30;24000;50;250;0;0.00161600329
Hansel Salades en Sauzen BV;688;4.84776;52.4188;1999;1999;6;24;0.7;0.3;30;24000;50;250;0;0.000285296053
Ioi Loders Croklaan Oils BV;689;4.8093;52.4842;1999;1999;6;24;0.7;0.3;30;24000;50;250;0;0.00156197039
Jan Schoemaker BV;690;4.82672;52.4716;1999;1999;6;24;0.7;0.3;30;24000;50;250;0;0.00294874342
Loders Croklaan BV;691;4.8093;52.4842;1999;1999;6;24;0.7;0.3;30;24000;50;250;0;0.00156197039
Meneba Wormerveer BV;692;4.79303;52.5021;1999;1999;6;24;0.7;0.3;30;24000;50;250;0;0.0110928026
Stepan Specialty Products BV;693;4.80821;52.4679;1999;1999;6;24;0.7;0.3;30;24000;50;250;0;0.00802946053
Tate   Lyle Netherlands BV;694;4.81243;52.4655;1999;1999;6;24;0.7;0.3;30;24000;50;250;0;0.00995447697
Twincon BV;695;4.80763;52.4701;1999;1999;6;24;0.7;0.3;30;24000;50;250;0;0.0213827237
Vers Vlees voor Hond en Kat Lotgering BV;696;4.81572;52.4569;1999;1999;6;24;0.7;0.3;30;24000;50;250;0;0.0413814638
Albert Heijn BV;1278;4.74648;52.2682;1999;1999;0;0.485872099;0.7;0.3;30;485.872099;50;250;0;1.00075232
Albert Heijn BV;1279;4.79481;52.2746;1999;1999;0;0.485872099;0.7;0.3;30;485.872099;50;250;0;0.499483301
Hoogvliet BV;1280;4.76466;52.2533;1999;1999;0;0.048587222;0.7;0.3;30;48.587222;50;250;0;1.01009339
Hoogvliet BV;1281;4.78773;52.2783;1999;1999;0;0.242936049;0.7;0.3;30;242.936049;50;250;0;0.348191783
Zaal Supermarkten BV;1282;4.76243;52.2644;1999;1999;0;0.048587222;0.7;0.3;30;48.587222;50;250;0;1.00261904
Albert Heijn BV;1388;4.86013;52.3033;1999;1999;0;0.242936049;0.7;0.3;30;242.936049;50;250;0;1.00107242
Albert Heijn BV;1389;4.8395;52.2889;1999;1999;0;0.485872099;0.7;0.3;30;485.872099;50;250;0;1.07736686
Albert Heijn BV;1390;4.86997;52.2888;1999;1999;0;0.242936049;0.7;0.3;30;242.936049;50;250;0;1.00062071
Albert Heijn BV;1391;4.82651;52.2819;1999;1999;0;0.242936049;0.7;0.3;30;242.936049;50;250;0;1.12836713
Albert Heijn BV;1392;4.86604;52.318;1999;1999;0;0.113370123;0.7;0.3;30;113.370123;50;250;0;1.04232976
Albert Heijn BV;1393;4.87535;52.312;1999;1999;0;0.242936049;0.7;0.3;30;242.936049;50;250;0;1.10124043
Albert Heijn BV;1394;4.85149;52.2813;1999;1999;0;0.242936049;0.7;0.3;30;242.936049;50;250;0;1.00622697
Coop Supermarkten BV;1395;4.86227;52.2796;1999;1999;0;0.048587222;0.7;0.3;30;48.587222;50;250;0;1.00622697
Deen Winkels BV;1396;4.87486;52.3021;1999;1999;0;0.242936049;0.7;0.3;30;242.936049;50;250;0;1.00107242
Jumbo Supermarkten BV;1397;4.86924;52.289;1999;1999;0;0.485872099;0.7;0.3;30;485.872099;50;250;0;1.00062071
LIDL Nederland GmbH;1398;4.84756;52.3116;1999;1999;0;0.048587222;0.7;0.3;30;48.587222;50;250;0;0
Van der Linden Supermarkt BV;1399;4.84634;52.3071;1999;1999;0;0.048587222;0.7;0.3;30;48.587222;50;250;0;0
Albert Heijn BV;1400;4.85529;52.3641;1999;1999;0;0.242936049;0.7;0.3;30;242.936049;50;250;0;1.00399392
Albert Heijn BV;1401;4.9397;52.3974;1999;1999;0;0.485872099;0.7;0.3;30;485.872099;50;250;0;1.00087727
Albert Heijn BV;1402;4.89614;52.4225;1999;1999;0;0.113370123;0.7;0.3;30;113.370123;50;250;0;1.00105435
Albert Heijn BV;1403;4.93991;52.3502;1999;1999;0;0.485872099;0.7;0.3;30;485.872099;50;250;0;1.00524473
Albert Heijn BV;1404;4.82669;52.355;1999;1999;0;0.242936049;0.7;0.3;30;242.936049;50;250;0;0.979320641
Albert Heijn BV;1405;4.83755;52.3638;1999;1999;0;0.242936049;0.7;0.3;30;242.936049;50;250;0;1.0013181
Albert Heijn BV;1406;4.93978;52.3623;1999;1999;0;0.113370123;0.7;0.3;30;113.370123;50;250;0;1.00261378
Albert Heijn BV;1407;4.85602;52.3817;1999;1999;0;0.113370123;0.7;0.3;30;113.370123;50;250;0;1.01277031
Albert Heijn BV;1408;4.80157;52.3777;1999;1999;0;0.242936049;0.7;0.3;30;242.936049;50;250;0;0
Albert Heijn BV;1409;4.91238;52.3623;1999;1999;0;0.242936049;0.7;0.3;30;242.936049;50;250;0;1.00709382
Albert Heijn BV;1410;4.92436;52.3664;1999;1999;0;0.485872099;0.7;0.3;30;485.872099;50;250;0;1.00749256
Albert Heijn BV;1411;4.89396;52.3748;1999;1999;0;0.242936049;0.7;0.3;30;242.936049;50;250;0;1.01601531
Albert Heijn BV;1412;4.8704;52.3666;1999;1999;0;0.242936049;0.7;0.3;30;242.936049;50;250;0;1.0007338
Albert Heijn BV;1413;4.88441;52.3784;1999;1999;0;0.242936049;0.7;0.3;30;242.936049;50;250;0;0
Albert Heijn BV;1414;4.85583;52.3524;1999;1999;0;0.113370123;0.7;0.3;30;113.370123;50;250;0;0
Albert Heijn BV;1415;4.89653;52.3576;1999;1999;0;0.485872099;0.7;0.3;30;485.872099;50;250;0;0
Albert Heijn BV;1416;4.92816;52.3571;1999;1999;0;0.242936049;0.7;0.3;30;242.936049;50;250;0;0
Albert Heijn BV;1417;4.86964;52.3537;1999;1999;0;0.113370123;0.7;0.3;30;113.370123;50;250;0;1.00221685
Albert Heijn BV;1418;4.97208;52.3229;1999;1999;0;0.113370123;0.7;0.3;30;113.370123;50;250;0;0
Albert Heijn BV;1419;4.86411;52.3622;1999;1999;0;0.242936049;0.7;0.3;30;242.936049;50;250;0;1.00039063
Albert Heijn BV;1420;4.87963;52.3572;1999;1999;0;0.485872099;0.7;0.3;30;485.872099;50;250;0;1.00031979
Albert Heijn BV;1421;4.87852;52.3311;1999;1999;0;1.13370154;0.7;0.3;30;1133.70154;50;250;0;1.00505622
Albert Heijn BV;1422;4.95513;52.3156;1999;1999;0;0.242936049;0.7;0.3;30;242.936049;50;250;0;1.0012895
Albert Heijn BV;1423;4.9036;52.3688;1999;1999;0;0.485872099;0.7;0.3;30;485.872099;50;250;0;0
Albert Heijn BV;1424;4.9906;52.358;1999;1999;0;0.485872099;0.7;0.3;30;485.872099;50;250;0;0
Albert Heijn BV;1425;4.87767;52.3488;1999;1999;0;0.242936049;0.7;0.3;30;242.936049;50;250;0;1.00796507
Albert Heijn BV;1426;4.8919;52.351;1999;1999;0;0.485872099;0.7;0.3;30;485.872099;50;250;0;1.00163576
Albert Heijn BV;1427;4.89389;52.3739;1999;1999;0;0.113370123;0.7;0.3;30;113.370123;50;250;0;1.01601531
Albert Heijn BV;1428;4.93171;52.363;1999;1999;0;0.242936049;0.7;0.3;30;242.936049;50;250;0;1.00282912
Albert Heijn BV;1429;4.92008;52.3548;1999;1999;0;0.113370123;0.7;0.3;30;113.370123;50;250;0;1.00504062
Albert Heijn BV;1430;4.88394;52.3739;1999;1999;0;0.113370123;0.7;0.3;30;113.370123;50;250;0;1.00008352
Albert Heijn BV;1431;4.86389;52.3458;1999;1999;0;0.242936049;0.7;0.3;30;242.936049;50;250;0;1.00259649
Albert Heijn BV;1432;4.90259;52.3528;1999;1999;0;0.242936049;0.7;0.3;30;242.936049;50;250;0;0
Albert Heijn BV;1433;4.8029;52.3595;1999;1999;0;0.485872099;0.7;0.3;30;485.872099;50;250;0;1.00005318
Albert Heijn BV;1434;4.91555;52.3905;1999;1999;0;0.113370123;0.7;0.3;30;113.370123;50;250;0;0
Albert Heijn BV;1435;4.88884;52.3816;1999;1999;0;0.242936049;0.7;0.3;30;242.936049;50;250;0;0
Albert Heijn BV;1436;4.84029;52.349;1999;1999;0;0.113370123;0.7;0.3;30;113.370123;50;250;0;1.0001961
Albert Heijn BV;1437;4.89973;52.3727;1999;1999;0;0.242936049;0.7;0.3;30;242.936049;50;250;0;0
Albert Heijn BV;1438;4.97875;52.3163;1999;1999;0;0.242936049;0.7;0.3;30;242.936049;50;250;0;0
Albert Heijn BV;1439;4.89217;52.3628;1999;1999;0;0.242936049;0.7;0.3;30;242.936049;50;250;0;0
Albert Heijn BV;1440;4.88916;52.3672;1999;1999;0;0.242936049;0.7;0.3;30;242.936049;50;250;0;1.00348176
Albert Heijn BV;1441;4.86219;52.3597;1999;1999;0;0.242936049;0.7;0.3;30;242.936049;50;250;0;1.00039063
Albert Heijn BV;1442;4.89617;52.3785;1999;1999;0;0.242936049;0.7;0.3;30;242.936049;50;250;0;0
Albert Heijn BV;1443;4.82369;52.3799;1999;1999;0;0.242936049;0.7;0.3;30;242.936049;50;250;0;0
Albert Heijn BV;1444;4.87781;52.3917;1999;1999;0;0.113370123;0.7;0.3;30;113.370123;50;250;0;1.01356417
Albert Heijn BV;1445;4.91064;52.3559;1999;1999;0;0.485872099;0.7;0.3;30;485.872099;50;250;0;0
Albert Heijn BV;1446;4.8613;52.3748;1999;1999;0;0.485872099;0.7;0.3;30;485.872099;50;250;0;1.00283325
Albert Heijn BV;1447;4.81091;52.3458;1999;1999;0;0.242936049;0.7;0.3;30;242.936049;50;250;0;1.0076154
Albert Heijn BV;1448;4.89975;52.3612;1999;1999;0;0.242936049;0.7;0.3;30;242.936049;50;250;0;1.06337797
Albert Heijn BV;1449;4.87605;52.3836;1999;1999;0;0.113370123;0.7;0.3;30;113.370123;50;250;0;1.00463587
Albert Heijn BV;1450;4.87069;52.3708;1999;1999;0;0.242936049;0.7;0.3;30;242.936049;50;250;0;0
Albert Heijn BV;1451;4.8914;52.3442;1999;1999;0;0.242936049;0.7;0.3;30;242.936049;50;250;0;1.0054038
Albert Heijn BV;1452;4.87473;52.3628;1999;1999;0;0.242936049;0.7;0.3;30;242.936049;50;250;0;1.00232135
Albert Heijn BV;1453;4.9066;52.3434;1999;1999;0;0.048587222;0.7;0.3;30;48.587222;50;250;0;1.00256535
Albert Heijn BV;1454;4.84682;52.3786;1999;1999;0;0.242936049;0.7;0.3;30;242.936049;50;250;0;1.00844814
Albert Heijn BV;1455;4.89304;52.417;1999;1999;0;0.242936049;0.7;0.3;30;242.936049;50;250;0;1.00105435
Albert Heijn BV;1456;4.89149;52.3597;1999;1999;0;0.242936049;0.7;0.3;30;242.936049;50;250;0;0
Albert Heijn BV;1457;4.89942;52.3794;1999;1999;0;0.113370123;0.7;0.3;30;113.370123;50;250;0;0
Albert Heijn BV;1458;4.89518;52.346;1999;1999;0;0.242936049;0.7;0.3;30;242.936049;50;250;0;1.01323937
Albert Heijn BV;1459;4.89021;52.3546;1999;1999;0;0.242936049;0.7;0.3;30;242.936049;50;250;0;1.01029698
Aldi;1460;4.97708;52.316;1999;1999;0;0.048587222;0.7;0.3;30;48.587222;50;250;0;0
Aldi;1461;4.85996;52.3257;1999;1999;0;0.048587222;0.7;0.3;30;48.587222;50;250;0;1.00050223
Biotoop van Swindenstraat BV;1462;4.92589;52.3622;1999;1999;0;0.048587222;0.7;0.3;30;48.587222;50;250;0;1.00282912
Brasserie Van Dam BV;1464;4.87073;52.3557;1999;1999;0;0.113370123;0.7;0.3;30;113.370123;50;250;0;1.00221685
Coop Supermarkten BV;1465;4.78542;52.3554;1999;1999;0;0.113370123;0.7;0.3;30;113.370123;50;250;0;1.00728641
Coop Supermarkten BV;1466;4.88969;52.354;1999;1999;0;0.048587222;0.7;0.3;30;48.587222;50;250;0;1.01029698
De Avondmarkt;1467;4.87645;52.3831;1999;1999;0;0.048587222;0.7;0.3;30;48.587222;50;250;0;1.00463587
Deen Winkels BV;1468;4.84984;52.3493;1999;1999;0;0.242936049;0.7;0.3;30;242.936049;50;250;0;0
Deen Winkels BV;1469;4.89505;52.3435;1999;1999;0;0.113370123;0.7;0.3;30;113.370123;50;250;0;1.0054038
Deka Supermarkten BV;1470;4.95193;52.3968;1999;1999;0;0.048587222;0.7;0.3;30;48.587222;50;250;0;1.00466511
Deka Supermarkten BV;1471;4.81893;52.3764;1999;1999;0;0.242936049;0.7;0.3;30;242.936049;50;250;0;1.0013558
Detailconsult Supermarkten BV;1472;4.84758;52.378;1999;1999;0;0.242936049;0.7;0.3;30;242.936049;50;250;0;1.00844814
Detailconsult Supermarkten BV;1473;4.90466;52.347;1999;1999;0;0.242936049;0.7;0.3;30;242.936049;50;250;0;1.00256535
Detailconsult Supermarkten BV;1474;4.8928;52.3395;1999;1999;0;0.242936049;0.7;0.3;30;242.936049;50;250;0;0
Detailconsult Supermarkten BV;1475;4.92679;52.3561;1999;1999;0;0.113370123;0.7;0.3;30;113.370123;50;250;0;0
Detailconsult Supermarkten BV;1476;4.87077;52.375;1999;1999;0;0.485872099;0.7;0.3;30;485.872099;50;250;0;0
Geelhoed Eetwinkel BV;1477;4.93156;52.3777;1999;1999;0;0.242936049;0.7;0.3;30;242.936049;50;250;0;1.00377944
Haducto BV;1478;4.88403;52.3849;1999;1999;0;0.242936049;0.7;0.3;30;242.936049;50;250;0;1.04171015
Jumbo Supermarkten BV;1479;4.86046;52.3517;1999;1999;0;0.113370123;0.7;0.3;30;113.370123;50;250;0;0
Jumbo Supermarkten BV;1480;4.85515;52.3588;1999;1999;0;0.242936049;0.7;0.3;30;242.936049;50;250;0;1.0033605
Jumbo Supermarkten BV;1481;4.91976;52.3833;1999;1999;0;1.13370154;0.7;0.3;30;1133.70154;50;250;0;0
Jumbo Supermarkten BV;1482;4.93578;52.3991;1999;1999;0;0.485872099;0.7;0.3;30;485.872099;50;250;0;1.00087727
Kooistra Supermarkt Stiens BV;1483;4.85515;52.3588;1999;1999;0;0.242936049;0.7;0.3;30;242.936049;50;250;0;1.0033605
KWB Wittenburg BV;1484;4.91982;52.37;1999;1999;0;0.242936049;0.7;0.3;30;242.936049;50;250;0;1.00272978
LIDL Nederland GmbH;1485;4.79749;52.3819;1999;1999;0;0.113370123;0.7;0.3;30;113.370123;50;250;0;0
LIDL Nederland GmbH;1486;4.83987;52.3491;1999;1999;0;0.048587222;0.7;0.3;30;48.587222;50;250;0;1.0001961
LIDL Nederland GmbH;1487;4.79345;52.3567;1999;1999;0;0.113370123;0.7;0.3;30;113.370123;50;250;0;1.00728641
LIDL Nederland GmbH;1488;4.92478;52.3505;1999;1999;0;0.113370123;0.7;0.3;30;113.370123;50;250;0;1.0003239
LIDL Nederland GmbH;1489;4.91699;52.4078;1999;1999;0;0.242936049;0.7;0.3;30;242.936049;50;250;0;1.00173258
LIDL Nederland GmbH;1490;4.87715;52.3645;1999;1999;0;0.048587222;0.7;0.3;30;48.587222;50;250;0;1.00232135
LIDL Nederland GmbH;1491;4.85504;52.3587;1999;1999;0;0.048587222;0.7;0.3;30;48.587222;50;250;0;1.0033605
LIDL Nederland GmbH;1492;4.94067;52.3614;1999;1999;0;0.113370123;0.7;0.3;30;113.370123;50;250;0;1.00261378
M H M  de Koning BV;1493;4.88383;52.3787;1999;1999;0;0.242936049;0.7;0.3;30;242.936049;50;250;0;0
Marqt BV;1494;4.8979;52.3654;1999;1999;0;0.242936049;0.7;0.3;30;242.936049;50;250;0;1.00114229
Marqt BV;1495;4.86602;52.346;1999;1999;0;0.113370123;0.7;0.3;30;113.370123;50;250;0;1.00259649
Marqt BV;1496;4.88972;52.3811;1999;1999;0;0.113370123;0.7;0.3;30;113.370123;50;250;0;0
Marqt BV;1497;4.8851;52.3704;1999;1999;0;0.113370123;0.7;0.3;30;113.370123;50;250;0;1.00008352
Marqt BV;1498;4.90182;52.3548;1999;1999;0;0.113370123;0.7;0.3;30;113.370123;50;250;0;0
Multi Tokorien IJburg;1499;5.00546;52.3516;1999;1999;0;0.048587222;0.7;0.3;30;48.587222;50;250;0;0
Pasteuning Wijn   Catering BV;1500;4.87782;52.3578;1999;1999;0;0.048587222;0.7;0.3;30;48.587222;50;250;0;1.00031979
Sean BV;1501;4.8681;52.3245;1999;1999;0;0.113370123;0.7;0.3;30;113.370123;50;250;0;1.00050223
Slooten Supermarkt BV;1502;4.91702;52.4078;1999;1999;0;0.113370123;0.7;0.3;30;113.370123;50;250;0;1.00173258
Stach BV;1503;4.89912;52.371;1999;1999;0;0.048587222;0.7;0.3;30;48.587222;50;250;0;0
Stationsfoodstore BV;1504;4.90096;52.3794;1999;1999;0;0.242936049;0.7;0.3;30;242.936049;50;250;0;0
Stationsfoodstore BV;1505;4.89033;52.337;1999;1999;0;0.113370123;0.7;0.3;30;113.370123;50;250;0;0
Stationsfoodstore BV;1506;4.91867;52.3467;1999;1999;0;0.242936049;0.7;0.3;30;242.936049;50;250;0;1.00492821
Stationsfoodstore BV;1507;4.948;52.3131;1999;1999;0;0.113370123;0.7;0.3;30;113.370123;50;250;0;1.00020643
Sterk Waterlooplein BV;1508;4.87368;52.3716;1999;1999;0;0.113370123;0.7;0.3;30;113.370123;50;250;0;0
Super West BV;1509;4.85789;52.3715;1999;1999;0;0.113370123;0.7;0.3;30;113.370123;50;250;0;1.00283325
Supermarkt Peperkamp BV;1510;4.92381;52.3505;1999;1999;0;0.242936049;0.7;0.3;30;242.936049;50;250;0;1.0003239
Supermarkt Reigersbos BV;1511;4.97612;52.2945;1999;1999;0;0.485872099;0.7;0.3;30;485.872099;50;250;0;1.0004451
Supermarkt Verboom BV;1512;4.98755;52.2969;1999;1999;0;0.113370123;0.7;0.3;30;113.370123;50;250;0;1.0004451
Tanger Supermarkten Slotermeer BV;1513;4.82162;52.3807;1999;1999;0;0.048587222;0.7;0.3;30;48.587222;50;250;0;0
VOMAR Voordeelmarkt BV;1514;4.93153;52.3535;1999;1999;0;0.113370123;0.7;0.3;30;113.370123;50;250;0;0
VOMAR Voordeelmarkt BV;1515;4.84611;52.3793;1999;1999;0;0.113370123;0.7;0.3;30;113.370123;50;250;0;1.02184399
VOMAR Voordeelmarkt BV;1516;4.8013;52.3791;1999;1999;0;0.242936049;0.7;0.3;30;242.936049;50;250;0;0
VOMAR Voordeelmarkt BV;1517;4.95555;52.315;1999;1999;0;0.242936049;0.7;0.3;30;242.936049;50;250;0;1.0012895
VOMAR Voordeelmarkt BV;1518;4.96326;52.2999;1999;1999;0;0.242936049;0.7;0.3;30;242.936049;50;250;0;1.00036533
VOMAR Voordeelmarkt BV;1519;4.92381;52.3505;1999;1999;0;0.242936049;0.7;0.3;30;242.936049;50;250;0;1.0003239
Warea BV;1520;4.95539;52.3928;1999;1999;0;0.485872099;0.7;0.3;30;485.872099;50;250;0;1.00466511
Albert Heijn BV;1690;4.66373;52.4968;1999;1999;0;0.242936049;0.7;0.3;30;242.936049;50;250;0;0
Albert Heijn BV;1691;4.66067;52.4826;1999;1999;0;0.242936049;0.7;0.3;30;242.936049;50;250;0;1.00231966
Aldi;1692;4.66802;52.4853;1999;1999;0;0.048587222;0.7;0.3;30;48.587222;50;250;0;0
Aldi;1693;4.66455;52.4958;1999;1999;0;0.048587222;0.7;0.3;30;48.587222;50;250;0;0
Deka Supermarkten BV;1694;4.65761;52.4939;1999;1999;0;0.113370123;0.7;0.3;30;113.370123;50;250;0;0
Deka Supermarkten BV;1695;4.66635;52.4846;1999;1999;0;0.242936049;0.7;0.3;30;242.936049;50;250;0;0
Dekamarkt NV;1696;4.668;52.4852;1999;1999;0;0.485872099;0.7;0.3;30;485.872099;50;250;0;0
VOMAR Voordeelmarkt BV;1697;4.651;52.4889;1999;1999;0;0.113370123;0.7;0.3;30;113.370123;50;250;0;1.00173984
VOMAR Voordeelmarkt BV;1698;4.66196;52.4927;1999;1999;0;0.485872099;0.7;0.3;30;485.872099;50;250;0;0
Nijenhuis Supermarkt;1701;5.26521;52.2868;1999;1999;0;0.113370123;0.7;0.3;30;113.370123;50;250;0;0.134493029
Supermarkt Ton Blaricum BV;1702;5.24368;52.2735;1999;1999;0;0.485872099;0.7;0.3;30;485.872099;50;250;0;0.0314853948
Albert Heijn BV;1703;4.60883;52.3907;1999;1999;0;0.242936049;0.7;0.3;30;242.936049;50;250;0;1.10601444
P  Hulsbosch VOF;1704;4.57513;52.3196;1999;1999;0;0.048587222;0.7;0.3;30;48.587222;50;250;0;1.01353809
Stach BV;1705;4.60754;52.388;1999;1999;0;0.048587222;0.7;0.3;30;48.587222;50;250;0;1.10601444
Zwetsloot Retail BV;1706;4.5996;52.3207;1999;1999;0;0.113370123;0.7;0.3;30;113.370123;50;250;0;0.275330563
Albert Heijn BV;1896;4.96343;52.3424;1999;1999;0;0.485872099;0.7;0.3;30;485.872099;50;250;0;1.00050155
Aldi;1897;4.95714;52.3335;1999;1999;0;0.242936049;0.7;0.3;30;242.936049;50;250;0;1.00006511
Deen Winkels BV;1898;4.96214;52.3418;1999;1999;0;0.242936049;0.7;0.3;30;242.936049;50;250;0;1.00050155
M  en A  Cincil VOF;1899;4.97777;52.3498;1999;1999;0;0.113370123;0.7;0.3;30;113.370123;50;250;0;0
Super Vlaanderen;1900;4.95714;52.3335;1999;1999;0;0.242936049;0.7;0.3;30;242.936049;50;250;0;1.00006511
Deen Winkels BV;1959;5.07225;52.4937;1999;1999;0;0.048587222;0.7;0.3;30;48.587222;50;250;0;1.00020308
Deen Winkels BV;1960;5.07004;52.4993;1999;1999;0;0.242936049;0.7;0.3;30;242.936049;50;250;0;1.00020308
Deen Winkels BV;1961;5.05305;52.4978;1999;1999;0;0.485872099;0.7;0.3;30;485.872099;50;250;0;0.791811533
Deen Winkels BV;1962;5.05298;52.5072;1999;1999;0;0.485872099;0.7;0.3;30;485.872099;50;250;0;0.791811533
VOMAR Voordeelmarkt BV;1963;5.07352;52.51;1999;1999;0;0.242936049;0.7;0.3;30;242.936049;50;250;0;0
Albert Heijn BV;2149;5.02221;52.3349;1999;1999;0;0.485872099;0.7;0.3;30;485.872099;50;250;0;1.00035098
Albert Heijn BV;2150;5.18369;52.2682;1999;1999;0;0.242936049;0.7;0.3;30;242.936049;50;250;0;1.00300275
Albert Heijn BV;2151;5.16595;52.2716;1999;1999;0;0.113370123;0.7;0.3;30;113.370123;50;250;0;1.00327001
Albert Heijn BV;2152;5.16275;52.2962;1999;1999;0;0.048587222;0.7;0.3;30;48.587222;50;250;0;0.475476646
Albert Heijn BV;2153;5.16094;52.2758;1999;1999;0;0.485872099;0.7;0.3;30;485.872099;50;250;0;1.00049978
Albert Heijn BV;2154;5.17161;52.2884;1999;1999;0;0.242936049;0.7;0.3;30;242.936049;50;250;0;1.00054272
BV Nettorama Verbruikersmarkten;2155;5.16605;52.2745;1999;1999;0;0.048587222;0.7;0.3;30;48.587222;50;250;0;1.00327001
Deen Winkels BV;2156;5.16881;52.2666;1999;1999;0;0.113370123;0.7;0.3;30;113.370123;50;250;0;1.00712276
Supermarkt Holts BV;2157;5.14913;52.2846;1999;1999;0;0.048587222;0.7;0.3;30;48.587222;50;250;0;0.174308938
VOMAR Voordeelmarkt BV;2158;5.16439;52.2779;1999;1999;0;0.113370123;0.7;0.3;30;113.370123;50;250;0;1.00049978
Albert Heijn BV;2222;4.65506;52.3597;1999;1999;0;0.242936049;0.7;0.3;30;242.936049;50;250;0;0
Albert Heijn BV;2223;4.63576;52.3845;1999;1999;0;0.113370123;0.7;0.3;30;113.370123;50;250;0;1.00621052
Albert Heijn BV;2224;4.63092;52.3764;1999;1999;0;0.242936049;0.7;0.3;30;242.936049;50;250;0;1.00175341
Albert Heijn BV;2225;4.64514;52.3984;1999;1999;0;0.485872099;0.7;0.3;30;485.872099;50;250;0;1.0003596
Aldi;2226;4.61755;52.3779;1999;1999;0;0.048587222;0.7;0.3;30;48.587222;50;250;0;0
Deka Supermarkten BV;2227;4.65007;52.409;1999;1999;0;0.113370123;0.7;0.3;30;113.370123;50;250;0;1.05322096
Deka Supermarkten BV;2228;4.63795;52.4083;1999;1999;0;0.048587222;0.7;0.3;30;48.587222;50;250;0;1.00689566
Deka Supermarkten BV;2229;4.64729;52.3796;1999;1999;0;0.113370123;0.7;0.3;30;113.370123;50;250;0;1.00674742
Deka Supermarkten BV;2230;4.60422;52.3833;1999;1999;0;0.048587222;0.7;0.3;30;48.587222;50;250;0;1.00435763
Deka Supermarkten BV;2231;4.66124;52.3781;1999;1999;0;0.242936049;0.7;0.3;30;242.936049;50;250;0;1.00221827
Deka Supermarkten BV;2232;4.64566;52.4016;1999;1999;0;0.113370123;0.7;0.3;30;113.370123;50;250;0;1.0003596
Deka Supermarkten BV;2233;4.65538;52.3594;1999;1999;0;0.242936049;0.7;0.3;30;242.936049;50;250;0;0
Deka Supermarkten BV;2234;4.6423;52.3717;1999;1999;0;0.048587222;0.7;0.3;30;48.587222;50;250;0;1.02084995
Deka Supermarkten BV;2235;4.65268;52.4159;1999;1999;0;0.113370123;0.7;0.3;30;113.370123;50;250;0;1.00127327
Deka Supermarkten BV;2236;4.63223;52.3806;1999;1999;0;0.113370123;0.7;0.3;30;113.370123;50;250;0;1.00175341
Deka Supermarkten BV;2237;4.6225;52.3804;1999;1999;0;0.113370123;0.7;0.3;30;113.370123;50;250;0;0
Deka Supermarkten BV;2238;4.6293;52.3938;1999;1999;0;0.113370123;0.7;0.3;30;113.370123;50;250;0;1.00360051
Jumbo Haarlem;2239;4.65384;52.3519;1999;1999;0;0.242936049;0.7;0.3;30;242.936049;50;250;0;1.02421366
Koog Supermarkten BV;2240;4.61748;52.3778;1999;1999;0;0.242936049;0.7;0.3;30;242.936049;50;250;0;0
LIDL Nederland GmbH;2241;4.6574;52.3641;1999;1999;0;0.113370123;0.7;0.3;30;113.370123;50;250;0;0
Plus3;2242;4.64856;52.4171;1999;1999;0;0.113370123;0.7;0.3;30;113.370123;50;250;0;1.00047593
Stationsfoodstore BV;2243;4.63968;52.3884;1999;1999;0;0.113370123;0.7;0.3;30;113.370123;50;250;0;1.34930913
Supermarkt Van der Wijden BV;2244;4.63167;52.4004;1999;1999;0;0.048587222;0.7;0.3;30;48.587222;50;250;0;1.00360051
VOF Bouwens Ravestein Supermarkten   Slijterijen;2245;4.6469;52.417;1999;1999;0;0.485872099;0.7;0.3;30;485.872099;50;250;0;1.00047593
VOMAR Voordeelmarkt BV;2246;4.64817;52.3647;1999;1999;0;0.113370123;0.7;0.3;30;113.370123;50;250;0;1.01077452
VOMAR Voordeelmarkt BV;2247;4.64904;52.391;1999;1999;0;0.485872099;0.7;0.3;30;485.872099;50;250;0;1.00041646
VOMAR Voordeelmarkt BV;2248;4.61389;52.3693;1999;1999;0;0.242936049;0.7;0.3;30;242.936049;50;250;0;0
VOMAR Voordeelmarkt BV;2249;4.66371;52.3553;1999;1999;0;0.242936049;0.7;0.3;30;242.936049;50;250;0;0.9120861
VOMAR Voordeelmarkt BV;2250;4.63844;52.3732;1999;1999;0;0.048587222;0.7;0.3;30;48.587222;50;250;0;1.02084995
Albert Heijn;2251;4.61977;52.2707;1999;1999;0;0.242936049;0.7;0.3;30;242.936049;50;250;0;1.00151477
Albert Heijn BV;2252;4.69402;52.3016;1999;1999;0;0.485872099;0.7;0.3;30;485.872099;50;250;0;0.736647664
Albert Heijn BV;2253;4.77873;52.3382;1999;1999;0;0.485872099;0.7;0.3;30;485.872099;50;250;0;1.00146709
Albert Heijn BV;2254;4.66418;52.3018;1999;1999;0;0.113370123;0.7;0.3;30;113.370123;50;250;0;1.00661441
Albert Heijn BV;2255;4.63862;52.307;1999;1999;0;0.485872099;0.7;0.3;30;485.872099;50;250;0;1.0010917
Albert Heijn BV;2256;4.76304;52.3105;1999;1999;0;0.242936049;0.7;0.3;30;242.936049;50;250;0;0.260354081
Bun Supermarkten BV;2257;4.65952;52.3147;1999;1999;0;0.242936049;0.7;0.3;30;242.936049;50;250;0;1.00073617
Coop Supermarkten BV;2258;4.63948;52.3064;1999;1999;0;0.242936049;0.7;0.3;30;242.936049;50;250;0;1.0010917
Deen Winkels BV;2259;4.65872;52.3148;1999;1999;0;0.113370123;0.7;0.3;30;113.370123;50;250;0;1.00073617
Detailconsult Supermarkten BV;2260;4.63176;52.2643;1999;1999;0;0.485872099;0.7;0.3;30;485.872099;50;250;0;0.879224239
Food Village  Schiphol  BV;2261;4.76304;52.3105;1999;1999;0;0.242936049;0.7;0.3;30;242.936049;50;250;0;0.260354081
Food Village  Schiphol  BV;2262;4.69919;52.2664;1999;1999;0;0.242936049;0.7;0.3;30;242.936049;50;250;0;0.710791416
Gebr  Verburg I  BV;2263;4.7502;52.3789;1999;1999;0;0.113370123;0.7;0.3;30;113.370123;50;250;0;0.237029488
Hofman Supermarkten BV;2264;4.67096;52.309;1999;1999;0;0.048587222;0.7;0.3;30;48.587222;50;250;0;1.01904636
Hoogvliet BV;2265;4.61931;52.2626;1999;1999;0;0.242936049;0.7;0.3;30;242.936049;50;250;0;1.00131745
Hoogvliet BV;2266;4.67653;52.3504;1999;1999;0;0.242936049;0.7;0.3;30;242.936049;50;250;0;0.884009125
LIDL Nederland GmbH;2267;4.77903;52.3388;1999;1999;0;0.048587222;0.7;0.3;30;48.587222;50;250;0;1.00146709
LIDL Nederland GmbH;2268;4.62044;52.2711;1999;1999;0;0.113370123;0.7;0.3;30;113.370123;50;250;0;1.00151477
Super J  Dekker Rijsenhout BV;2269;4.71502;52.2586;1999;1999;0;0.113370123;0.7;0.3;30;113.370123;50;250;0;0.710791416
VOF Bouwens Ravestein Supermarkten   Slijterijen;2270;4.68532;52.4114;1999;1999;0;0.242936049;0.7;0.3;30;242.936049;50;250;0;0.0626593495
VOF Van Vliet;2271;4.63253;52.2645;1999;1999;0;0.242936049;0.7;0.3;30;242.936049;50;250;0;0.879224239
VOMAR Voordeelmarkt BV;2272;4.67756;52.3031;1999;1999;0;0.113370123;0.7;0.3;30;113.370123;50;250;0;1.00215766
VOMAR Voordeelmarkt BV;2273;4.77766;52.3365;1999;1999;0;0.113370123;0.7;0.3;30;113.370123;50;250;0;1.0036061
World of Delights Schiphol BV;2274;4.76411;52.3104;1999;1999;0;0.113370123;0.7;0.3;30;113.370123;50;250;0;0.260354081
Albert Heijn BV;2307;4.6671;52.5109;1999;1999;0;0.242936049;0.7;0.3;30;242.936049;50;250;0;1.00003626
Albert Heijn BV;2308;4.65596;52.5047;1999;1999;0;0.242936049;0.7;0.3;30;242.936049;50;250;0;1.0041045
Deen Winkels BV;2309;4.67804;52.4945;1999;1999;0;0.048587222;0.7;0.3;30;48.587222;50;250;0;1.00552753
Deen Winkels BV;2310;4.67108;52.5098;1999;1999;0;0.113370123;0.7;0.3;30;113.370123;50;250;0;1.00212005
Deka Supermarkten BV;2311;4.66908;52.5106;1999;1999;0;0.048587222;0.7;0.3;30;48.587222;50;250;0;1.00003626
LIDL Nederland GmbH;2312;4.68578;52.4949;1999;1999;0;0.113370123;0.7;0.3;30;113.370123;50;250;0;1.00029139
Supermarkt Roemer BV;2313;4.67676;52.5128;1999;1999;0;0.485872099;0.7;0.3;30;485.872099;50;250;0;1.00129178
VOMAR Voordeelmarkt BV;2314;4.69234;52.4925;1999;1999;0;0.113370123;0.7;0.3;30;113.370123;50;250;0;1.00029139
VOMAR Voordeelmarkt BV;2315;4.65513;52.5077;1999;1999;0;0.113370123;0.7;0.3;30;113.370123;50;250;0;1.0041045
Albert Heijn BV;2316;4.62023;52.3562;1999;1999;0;0.485872099;0.7;0.3;30;485.872099;50;250;0;0
Albert Heijn BV;2317;4.60436;52.3596;1999;1999;0;0.242936049;0.7;0.3;30;242.936049;50;250;0;0
Deka Supermarkten BV;2318;4.62157;52.3505;1999;1999;0;0.113370123;0.7;0.3;30;113.370123;50;250;0;0
Van der Hulst Supermarkt BV;2319;4.6285;52.3601;1999;1999;0;0.113370123;0.7;0.3;30;113.370123;50;250;0;1.00531917
VOMAR Voordeelmarkt BV;2320;4.62066;52.3552;1999;1999;0;0.113370123;0.7;0.3;30;113.370123;50;250;0;0
Albert Heijn BV;2431;5.15571;52.2145;1999;1999;0;0.113370123;0.7;0.3;30;113.370123;50;250;0;1.06115399
Albert Heijn BV;2432;5.17562;52.222;1999;1999;0;0.242936049;0.7;0.3;30;242.936049;50;250;0;1.08291917
Albert Heijn BV;2433;5.14075;52.2161;1999;1999;0;0.485872099;0.7;0.3;30;485.872099;50;250;0;1.04320339
Albert Heijn BV;2434;5.16792;52.2155;1999;1999;0;0.242936049;0.7;0.3;30;242.936049;50;250;0;1.00295271
Albert Heijn BV;2435;5.19209;52.2324;1999;1999;0;0.113370123;0.7;0.3;30;113.370123;50;250;0;1.01275615
Albert Heijn Hilversumse Meent BV;2436;5.13773;52.2708;1999;1999;0;0.113370123;0.7;0.3;30;113.370123;50;250;0;1.01324941
C  van Dam Hilversum BV;2437;5.18845;52.2329;1999;1999;0;0.113370123;0.7;0.3;30;113.370123;50;250;0;1.01275615
Florijn Supermarkt;2438;5.17605;52.238;1999;1999;0;0.242936049;0.7;0.3;30;242.936049;50;250;0;0.156268453
Hoogvliet BV;2439;5.19209;52.2324;1999;1999;0;0.113370123;0.7;0.3;30;113.370123;50;250;0;1.01275615
Hoogvliet BV;2440;5.15652;52.2106;1999;1999;0;0.113370123;0.7;0.3;30;113.370123;50;250;0;1.12175735
Hoogvliet BV;2441;5.17847;52.2263;1999;1999;0;0.113370123;0.7;0.3;30;113.370123;50;250;0;1.00228414
Plus Hilversum;2442;5.19483;52.2187;1999;1999;0;0.242936049;0.7;0.3;30;242.936049;50;250;0;0.25140079
Stationsfoodstore BV;2443;5.18129;52.2266;1999;1999;0;0.485872099;0.7;0.3;30;485.872099;50;250;0;1.00228414
Vaartjes  Supermarkt Tarthorst BV;2444;5.19919;52.2115;1999;1999;0;0.485872099;0.7;0.3;30;485.872099;50;250;0;0.960246861
Vers Supermarkt Jan Jongerius BV;2445;5.16009;52.2102;1999;1999;0;0.048587222;0.7;0.3;30;48.587222;50;250;0;1.12175735
Albert Heijn BV;2501;5.23497;52.2972;1999;1999;0;0.485872099;0.7;0.3;30;485.872099;50;250;0;0.251821179
Albert Heijn BV;2502;5.26297;52.2945;1999;1999;0;0.485872099;0.7;0.3;30;485.872099;50;250;0;1.00079912
Boni Markten BV;2503;5.25416;52.3025;1999;1999;0;0.242936049;0.7;0.3;30;242.936049;50;250;0;1.00211688
Coop Supermarkten BV;2504;5.2454;52.2903;1999;1999;0;0.113370123;0.7;0.3;30;113.370123;50;250;0;1.00026954
Jumbo Supermarkten BV;2505;5.25441;52.2919;1999;1999;0;0.242936049;0.7;0.3;30;242.936049;50;250;0;1.00026954
LIDL Nederland GmbH;2506;5.23859;52.3046;1999;1999;0;0.242936049;0.7;0.3;30;242.936049;50;250;0;0.390927443
Deen Winkels BV;2552;4.91344;52.4297;1999;1999;0;0.242936049;0.7;0.3;30;242.936049;50;250;0;1.00172039
Plemp Super BV;2553;4.91464;52.4289;1999;1999;0;0.113370123;0.7;0.3;30;113.370123;50;250;0;1.00172039
Supermarkt Klaverweide BV;2898;4.87836;52.4373;1999;1999;0;0.113370123;0.7;0.3;30;113.370123;50;250;0;1.00089166
Plus Retail BV;2926;4.90175;52.2971;1999;1999;0;0.113370123;0.7;0.3;30;113.370123;50;250;0;1.00001916
Supermarkt Sluisplein BV;2927;4.91456;52.2972;1999;1999;0;0.242936049;0.7;0.3;30;242.936049;50;250;0;1.00001916
VOF Wagner;2928;4.93969;52.3327;1999;1999;0;0.242936049;0.7;0.3;30;242.936049;50;250;0;0.715426645
Albert Heijn BV;2952;4.95926;52.51;1999;1999;0;0.485872099;0.7;0.3;30;485.872099;50;250;0;0.666274434
Deen Winkels BV;2953;4.96925;52.5089;1999;1999;0;0.242936049;0.7;0.3;30;242.936049;50;250;0;1.00139414
Deen Winkels BV;2954;4.9528;52.5105;1999;1999;0;1.13370154;0.7;0.3;30;1133.70154;50;250;0;1.0000634
Deen Winkels BV;2955;4.96955;52.4942;1999;1999;0;0.242936049;0.7;0.3;30;242.936049;50;250;0;1.00023464
Deen Winkels BV;2956;4.93861;52.4968;1999;1999;0;0.113370123;0.7;0.3;30;113.370123;50;250;0;1.00366181
LIDL Nederland GmbH;2957;4.9556;52.5089;1999;1999;0;0.242936049;0.7;0.3;30;242.936049;50;250;0;1.0000634
Ligthart Supermarkt VOF;2958;4.96129;52.5201;1999;1999;0;0.048587222;0.7;0.3;30;48.587222;50;250;0;1.00733113
Plus;2959;4.95293;52.4945;1999;1999;0;0.242936049;0.7;0.3;30;242.936049;50;250;0;0.153062125
VOMAR Voordeelmarkt BV;2960;4.96005;52.5128;1999;1999;0;0.242936049;0.7;0.3;30;242.936049;50;250;0;0.24413671
VOMAR Voordeelmarkt BV;2961;4.96909;52.4937;1999;1999;0;0.242936049;0.7;0.3;30;242.936049;50;250;0;1.00023464
Albert Heijn BV;3299;4.82677;52.2462;1999;1999;0;0.485872099;0.7;0.3;30;485.872099;50;250;0;1.00025276
Aldi;3300;4.81561;52.2423;1999;1999;0;0.048587222;0.7;0.3;30;48.587222;50;250;0;1.00853352
Coop Supermarkten BV;3301;4.8305;52.2329;1999;1999;0;0.113370123;0.7;0.3;30;113.370123;50;250;0;0.148846936
J G  Reurings Uithoorn BV;3302;4.82785;52.2465;1999;1999;0;0.113370123;0.7;0.3;30;113.370123;50;250;0;1.00025276
Supermarkt Jos van den Berg BV;3303;4.82876;52.2325;1999;1999;0;0.485872099;0.7;0.3;30;485.872099;50;250;0;0.148846936
Albert Heijn BV;3399;4.62318;52.4609;1999;1999;0;0.242936049;0.7;0.3;30;242.936049;50;250;0;0
Deka Supermarkten BV;3400;4.60199;52.456;1999;1999;0;0.048587222;0.7;0.3;30;48.587222;50;250;0;0
Deka Supermarkten BV;3401;4.61526;52.4587;1999;1999;0;0.113370123;0.7;0.3;30;113.370123;50;250;0;0
Deka Supermarkten BV;3402;4.59474;52.4491;1999;1999;0;0.113370123;0.7;0.3;30;113.370123;50;250;0;1.00570914
Deka Supermarkten BV;3403;4.64543;52.472;1999;1999;0;0.113370123;0.7;0.3;30;113.370123;50;250;0;1.00491179
Deka Supermarkten BV;3404;4.62992;52.4177;1999;1999;0;0.242936049;0.7;0.3;30;242.936049;50;250;0;1.00273303
Deka Supermarkten BV;3405;4.65995;52.434;1999;1999;0;0.242936049;0.7;0.3;30;242.936049;50;250;0;0
Deka Supermarkten BV;3406;4.64471;52.4333;1999;1999;0;0.113370123;0.7;0.3;30;113.370123;50;250;0;1.00040838
VOMAR Voordeelmarkt BV;3407;4.60647;52.4601;1999;1999;0;0.485872099;0.7;0.3;30;485.872099;50;250;0;0
VOMAR Voordeelmarkt BV;3408;4.65919;52.4346;1999;1999;0;0.242936049;0.7;0.3;30;242.936049;50;250;0;0
Deen Winkels BV;3495;5.03648;52.4501;1999;1999;0;0.485872099;0.7;0.3;30;485.872099;50;250;0;0
Deen Winkels BV;3496;5.04037;52.4549;1999;1999;0;0.048587222;0.7;0.3;30;48.587222;50;250;0;0
Albert Heijn BV;3507;5.04021;52.3062;1999;1999;0;0.485872099;0.7;0.3;30;485.872099;50;250;0;0
Albert Heijn BV;3508;5.034;52.3106;1999;1999;0;0.113370123;0.7;0.3;30;113.370123;50;250;0;0
Deen Winkels BV;3509;5.03274;52.3104;1999;1999;0;0.113370123;0.7;0.3;30;113.370123;50;250;0;0
AH Landwaart Kortenhoef BV;3560;5.11271;52.2401;1999;1999;0;0.242936049;0.7;0.3;30;242.936049;50;250;0;0.0736988096
Albert Heijn BV;3561;5.04494;52.2642;1999;1999;0;0.113370123;0.7;0.3;30;113.370123;50;250;0;0.0731182783
Boni Markten BV;3562;5.14333;52.1958;1999;1999;0;0.113370123;0.7;0.3;30;113.370123;50;250;0;0
Golff Van Kommer Hilversum BV;3563;5.14044;52.1979;1999;1999;0;0.048587222;0.7;0.3;30;48.587222;50;250;0;1.03598428
Jumbo Supermarkten BV;3564;5.11456;52.2398;1999;1999;0;0.048587222;0.7;0.3;30;48.587222;50;250;0;1.00385393
Supermarkt gebroeders Van de Bunt BV;3565;5.13879;52.2;1999;1999;0;0.113370123;0.7;0.3;30;113.370123;50;250;0;1.03598428
Deka Supermarkten BV;3590;4.80949;52.4904;1999;1999;0;0.113370123;0.7;0.3;30;113.370123;50;250;0;0
VOMAR Voordeelmarkt BV;3591;4.81042;52.499;1999;1999;0;0.242936049;0.7;0.3;30;242.936049;50;250;0;0
Albert Heijn BV;3595;4.75919;52.5031;1999;1999;0;0.242936049;0.7;0.3;30;242.936049;50;250;0;0
Albert Heijn BV;3596;4.85143;52.4352;1999;1999;0;0.113370123;0.7;0.3;30;113.370123;50;250;0;1.03558334
Albert Heijn BV;3597;4.83692;52.4441;1999;1999;0;0.485872099;0.7;0.3;30;485.872099;50;250;0;1.04617363
Albert Heijn BV;3598;4.81739;52.4381;1999;1999;0;0.242936049;0.7;0.3;30;242.936049;50;250;0;1.00049413
Albert Heijn BV;3599;4.75224;52.4887;1999;1999;0;0.113370123;0.7;0.3;30;113.370123;50;250;0;1.00415554
Albert Heijn BV;3600;4.80256;52.4484;1999;1999;0;0.242936049;0.7;0.3;30;242.936049;50;250;0;1.00268688
Coop Supermarkten BV;3601;4.7639;52.5012;1999;1999;0;0.242936049;0.7;0.3;30;242.936049;50;250;0;0
Coop Supermarkten BV;3602;4.77234;52.4641;1999;1999;0;0.048587222;0.7;0.3;30;48.587222;50;250;0;1.01283615
Coop Supermarkten BV;3603;4.75328;52.5034;1999;1999;0;0.048587222;0.7;0.3;30;48.587222;50;250;0;2.33178592
Coop Supermarkten BV;3604;4.74048;52.4673;1999;1999;0;0.113370123;0.7;0.3;30;113.370123;50;250;0;1.00447111
Coop Supermarkten BV;3605;4.80035;52.4574;1999;1999;0;0.242936049;0.7;0.3;30;242.936049;50;250;0;1.00013683
Coop Supermarkten BV;3606;4.78659;52.4948;1999;1999;0;0.113370123;0.7;0.3;30;113.370123;50;250;0;0.367510044
Deen Winkels BV;3607;4.74766;52.4742;1999;1999;0;0.113370123;0.7;0.3;30;113.370123;50;250;0;1.01222297
Deen Winkels BV;3608;4.81248;52.4387;1999;1999;0;0.242936049;0.7;0.3;30;242.936049;50;250;0;1.00049413
Deka Supermarkten BV;3609;4.78068;52.4374;1999;1999;0;0.113370123;0.7;0.3;30;113.370123;50;250;0;1.00021618
Deka Supermarkten BV;3610;4.80035;52.4574;1999;1999;0;0.242936049;0.7;0.3;30;242.936049;50;250;0;1.00013683
Deka Supermarkten BV;3611;4.83558;52.4679;1999;1999;0;0.113370123;0.7;0.3;30;113.370123;50;250;0;1.06519223
Deka Supermarkten BV;3612;4.83046;52.4392;1999;1999;0;0.048587222;0.7;0.3;30;48.587222;50;250;0;1.01441876
Deka Supermarkten BV;3613;4.81195;52.4542;1999;1999;0;0.242936049;0.7;0.3;30;242.936049;50;250;0;0
Deka Supermarkten BV;3614;4.80739;52.4854;1999;1999;0;0.242936049;0.7;0.3;30;242.936049;50;250;0;0
Deka Supermarkten BV;3615;4.76743;52.5006;1999;1999;0;0.485872099;0.7;0.3;30;485.872099;50;250;0;0
Deka Supermarkten BV;3616;4.821;52.4594;1999;1999;0;0.048587222;0.7;0.3;30;48.587222;50;250;0;0
Deka Supermarkten BV;3617;4.82241;52.4481;1999;1999;0;0.242936049;0.7;0.3;30;242.936049;50;250;0;1.00001106
LIDL Nederland GmbH;3618;4.7407;52.4662;1999;1999;0;0.048587222;0.7;0.3;30;48.587222;50;250;0;1.00447111
VOMAR Voordeelmarkt BV;3619;4.75224;52.4887;1999;1999;0;0.113370123;0.7;0.3;30;113.370123;50;250;0;1.00415554
VOMAR Voordeelmarkt BV;3620;4.82299;52.4385;1999;1999;0;0.242936049;0.7;0.3;30;242.936049;50;250;0;0.250967508
VOMAR Voordeelmarkt BV;3621;4.85044;52.4392;1999;1999;0;0.113370123;0.7;0.3;30;113.370123;50;250;0;1.03558334
Albert Heijn BV;3624;4.53104;52.3718;1999;1999;0;0.242936049;0.7;0.3;30;242.936049;50;250;0;1.00088152
Deka Supermarkten BV;3625;4.52982;52.3711;1999;1999;0;0.113370123;0.7;0.3;30;113.370123;50;250;0;1.00088152
Onbekend slachthuis 38;3723;4.82722;52.4171;1999;1999;7;3;0.7;0.3;30;3000;50;250;0;0
Onbekend slachthuis 39;3724;4.80731;52.3646;1999;1999;7;3;0.7;0.3;30;3000;50;250;0;0.723858526
Onbekend slachthuis 40;3725;4.80161;52.408;1999;1999;7;3;0.7;0.3;30;3000;50;250;0;0.0303717237
Onbekend slachthuis 41;3726;4.83235;52.3729;1999;1999;7;3;0.7;0.3;30;3000;50;250;0;0.779848895
Onbekend slachthuis 42;3727;4.77244;52.3526;1999;1999;7;3;0.7;0.3;30;3000;50;250;0;0.0893029079
Onbekend slachthuis 43;3728;4.79229;52.3928;1999;1999;7;3;0.7;0.3;30;3000;50;250;0;0.100930184
Onbekend slachthuis 44;3729;4.86748;52.3763;1999;1999;7;3;0.7;0.3;30;3000;50;250;0;0.366779596
Onbekend slachthuis 45;3730;4.78308;52.391;1999;1999;7;3;0.7;0.3;30;3000;50;250;0;0.0680202632
Onbekend slachthuis 46;3731;4.86748;52.3763;1999;1999;7;3;0.7;0.3;30;3000;50;250;0;0.366779596
Onbekend slachthuis 47;3732;4.79229;52.3928;1999;1999;7;3;0.7;0.3;30;3000;50;250;0;0.100930184
Onbekend slachthuis 48;3733;4.8308;52.359;1999;1999;7;3;0.7;0.3;30;3000;50;250;0;0.486145974
Onbekend slachthuis 49;3734;4.82056;52.3836;1999;1999;7;3;0.7;0.3;30;3000;50;250;0;0
Onbekend slachthuis 50;3735;4.77244;52.3526;1999;1999;7;3;0.7;0.3;30;3000;50;250;0;0.0893029079
Onbekend slachthuis 51;3736;4.80191;52.3583;1999;1999;7;3;0.7;0.3;30;3000;50;250;0;1.00005318
Onbekend slachthuis 52;3737;4.87741;52.3845;1999;1999;7;3;0.7;0.3;30;3000;50;250;0;0.148348368
Onbekend slachthuis 53;3738;4.82159;52.3554;1999;1999;7;3;0.7;0.3;30;3000;50;250;0;0.979320641
Onbekend slachthuis 54;3739;4.84046;52.3764;1999;1999;7;3;0.7;0.3;30;3000;50;250;0;0.947352421
Onbekend slachthuis 55;3740;4.80161;52.408;1999;1999;7;3;0.7;0.3;30;3000;50;250;0;0.0303717237
Onbekend slachthuis 56;3741;4.92909;52.3866;1999;1999;7;3;0.7;0.3;30;3000;50;250;0;0
Onbekend slachthuis 57;3742;4.86748;52.3763;1999;1999;7;3;0.7;0.3;30;3000;50;250;0;0.366779596
Onbekend slachthuis 58;3743;4.87741;52.3845;1999;1999;7;3;0.7;0.3;30;3000;50;250;0;0.148348368
Onbekend slachthuis 101;3787;4.67228;52.4764;1999;1999;7;3;0.7;0.3;30;3000;50;250;0;0.000857273684
Onbekend slachthuis 102;3788;4.67044;52.4657;1999;1999;7;3;0.7;0.3;30;3000;50;250;0;0.00203894737
Onbekend slachthuis 106;3792;5.26408;52.2834;1999;1999;7;3;0.7;0.3;30;3000;50;250;0;0.134493029
Onbekend slachthuis 188;3874;5.06535;52.5153;1999;1999;7;3;0.7;0.3;30;3000;50;250;0;0
Onbekend slachthuis 189;3875;5.0804;52.5071;1999;1999;7;3;0.7;0.3;30;3000;50;250;0;0.124786579
Onbekend slachthuis 190;3876;5.08077;52.5069;1999;1999;7;3;0.7;0.3;30;3000;50;250;0;0.124786579
Onbekend slachthuis 191;3877;5.08347;52.5043;1999;1999;7;3;0.7;0.3;30;3000;50;250;0;0
Onbekend slachthuis 192;3878;5.08113;52.506;1999;1999;7;3;0.7;0.3;30;3000;50;250;0;0
Onbekend slachthuis 193;3879;5.03777;52.5158;1999;1999;7;3;0.7;0.3;30;3000;50;250;0;0.0002525
Onbekend slachthuis 194;3880;5.03914;52.5156;1999;1999;7;3;0.7;0.3;30;3000;50;250;0;0.0002525
Onbekend slachthuis 245;3931;5.14583;52.2807;1999;1999;7;3;0.7;0.3;30;3000;50;250;0;0.0190447368
Onbekend slachthuis 246;3932;5.14917;52.2849;1999;1999;7;3;0.7;0.3;30;3000;50;250;0;0.174308938
Onbekend slachthuis 247;3933;5.16325;52.2948;1999;1999;7;3;0.7;0.3;30;3000;50;250;0;0.475476646
Onbekend slachthuis 258;3944;4.74918;52.361;1999;1999;7;3;0.7;0.3;30;3000;50;250;0;0.00144157895
Onbekend slachthuis 259;3945;4.69029;52.2936;1999;1999;7;3;0.7;0.3;30;3000;50;250;0;0.0197342707
Onbekend slachthuis 260;3946;4.68678;52.2412;1999;1999;7;3;0.7;0.3;30;3000;50;250;0;0.00705684211
Onbekend slachthuis 261;3947;4.75025;52.378;1999;1999;7;3;0.7;0.3;30;3000;50;250;0;0.237029488
Onbekend slachthuis 272;3958;4.60844;52.3289;1999;1999;7;3;0.7;0.3;30;3000;50;250;0;0.275330563
Onbekend slachthuis 303;3989;5.24475;52.3061;1999;1999;7;3;0.7;0.3;30;3000;50;250;0;0.0364426339
Onbekend slachthuis 304;3990;5.23163;52.3002;1999;1999;7;3;0.7;0.3;30;3000;50;250;0;0.251821179
Onbekend slachthuis 320;4006;4.92771;52.4844;1999;1999;7;3;0.7;0.3;30;3000;50;250;0;0.0128681579
Onbekend slachthuis 321;4007;4.9061;52.4559;1999;1999;7;3;0.7;0.3;30;3000;50;250;0;0.00720757895
Onbekend slachthuis 447;4133;4.98802;52.5024;1999;1999;7;3;0.7;0.3;30;3000;50;250;0;0.149292395
Onbekend slachthuis 448;4134;4.98614;52.5191;1999;1999;7;3;0.7;0.3;30;3000;50;250;0;0.753568074
Onbekend slachthuis 449;4135;4.96089;52.5117;1999;1999;7;3;0.7;0.3;30;3000;50;250;0;0.24413671
Onbekend slachthuis 450;4136;4.99726;52.522;1999;1999;7;3;0.7;0.3;30;3000;50;250;0;0
Onbekend slachthuis 451;4137;4.94437;52.4915;1999;1999;7;3;0.7;0.3;30;3000;50;250;0;0.0943774211
Onbekend slachthuis 452;4138;4.98235;52.5041;1999;1999;7;3;0.7;0.3;30;3000;50;250;0;0.149292395
Onbekend slachthuis 651;4337;4.58979;52.4611;1999;1999;7;3;0.7;0.3;30;3000;50;250;0;0.641564226
Onbekend slachthuis 652;4338;4.66046;52.4673;1999;1999;7;3;0.7;0.3;30;3000;50;250;0;5.81052632E-06
Onbekend slachthuis 653;4339;4.57975;52.4583;1999;1999;7;3;0.7;0.3;30;3000;50;250;0;0.0441375789
Onbekend slachthuis 654;4340;4.58094;52.4566;1999;1999;7;3;0.7;0.3;30;3000;50;250;0;0.0151837632
Onbekend slachthuis 655;4341;4.58094;52.4566;1999;1999;7;3;0.7;0.3;30;3000;50;250;0;0.0151837632
Onbekend slachthuis 656;4342;4.66057;52.4292;1999;1999;7;3;0.7;0.3;30;3000;50;250;0;0
Onbekend slachthuis 657;4343;4.5789;52.4575;1999;1999;7;3;0.7;0.3;30;3000;50;250;0;0.0441375789
Onbekend slachthuis 680;4366;5.03052;52.453;1999;1999;7;3;0.7;0.3;30;3000;50;250;0;0.286134105
Onbekend slachthuis 681;4367;5.02871;52.4494;1999;1999;7;3;0.7;0.3;30;3000;50;250;0;0.286134105
Onbekend slachthuis 683;4369;5.02351;52.3202;1999;1999;7;3;0.7;0.3;30;3000;50;250;0;0
Onbekend slachthuis 702;4388;5.04706;52.2574;1999;1999;7;3;0.7;0.3;30;3000;50;250;0;0.0731182783
Onbekend slachthuis 703;4389;5.11294;52.2401;1999;1999;7;3;0.7;0.3;30;3000;50;250;0;0.0736988096
Onbekend slachthuis 717;4403;4.83713;52.4353;1999;1999;7;3;0.7;0.3;30;3000;50;250;0;0.532996947
Onbekend slachthuis 718;4404;4.84251;52.4509;1999;1999;7;3;0.7;0.3;30;3000;50;250;0;0.448223684
Onbekend slachthuis 719;4405;4.81572;52.4569;1999;1999;7;3;0.7;0.3;30;3000;50;250;0;0
Onbekend slachthuis 720;4406;4.81598;52.4631;1999;1999;7;3;0.7;0.3;30;3000;50;250;0;0.0635177368
Onbekend slachthuis 721;4407;4.78392;52.4955;1999;1999;7;3;0.7;0.3;30;3000;50;250;0;0.367510044
Onbekend slachthuis 722;4408;4.8057;52.4406;1999;1999;7;3;0.7;0.3;30;3000;50;250;0;0.119366684
Onbekend slachthuis 723;4409;4.85371;52.4191;1999;1999;7;3;0.7;0.3;30;3000;50;250;0;0.0154868421
Onbekend slachthuis 724;4410;4.85371;52.4191;1999;1999;7;3;0.7;0.3;30;3000;50;250;0;0.0154868421
Yakhlaf VOF;4450;4.81682;52.4298;1999;1999;7;3;0.7;0.3;30;3000;50;250;0;0.00370007368
RWZI   Aalsmeer;4456;4.7768;52.2666;1999;1999;1;0.60474537;0.7;0.3;30;604.74537;50;250;0;0.00629696276
RWZI   Amstelveen;4476;4.89242;52.312;1999;1999;1;4.60380556;0.7;0.3;30;4603.80556;50;250;0;0.00131630233
RWZI   Amsterdam West;4477;4.79427;52.3983;1999;1999;1;34.7056111;0.7;0.3;30;34705.6111;50;250;0;0.00209766323
RWZI   Westpoort;4478;4.80063;52.4147;1999;1999;1;9.9275;0.7;0.3;30;9927.5;50;250;0;0.00326188021
RWZI   Beverwijk;4494;4.67067;52.4748;1999;1999;1;16.8419167;0.7;0.3;30;16841.9167;50;250;0;0
RWZI   Blaricum;4496;5.24627;52.2643;1999;1999;1;2.23513889;0.7;0.3;30;2235.13889;50;250;0;0.0314853948
RWZI   Oosthuizen;4534;4.98899;52.584;1999;1999;1;0.383166667;0.7;0.3;30;383.166667;50;250;0;0.431133811
RWZI   Haarlem Schalkwijk;4558;4.67165;52.3681;1999;1999;1;1.93518518;0.7;0.3;30;1935.18518;50;250;0;0.203579946
RWZI   Haarlem Waarderpolder;4559;4.66549;52.3973;1999;1999;1;6.0474537;0.7;0.3;30;6047.4537;50;250;0;0.00697444472
RWZI   Rijsenhout;4560;4.72372;52.2718;1999;1999;1;1.26996528;0.7;0.3;30;1269.96528;50;250;0;0.00203838975
RWZI   Zwaanshoek;4561;4.60503;52.3021;1999;1999;1;2.90277778;0.7;0.3;30;2902.77778;50;250;0;0.000935163888
RWZI   Zwanenburg;4562;4.73606;52.3635;1999;1999;1;10.0145833;0.7;0.3;30;10014.5833;50;250;0;0
RWZI   Heemstede;4569;4.63343;52.3419;1999;1999;1;1.33043982;0.7;0.3;30;1330.43982;50;250;0;0.32358647
RWZI   Hilversum;4586;5.20324;52.2231;1999;1999;1;4.6;0.7;0.3;30;4600;50;250;0;0.25140079
RWZI   Huizen;4598;5.24044;52.3086;1999;1999;1;1.59652778;0.7;0.3;30;1596.52778;50;250;0;0.0364426339
RWZI   Uithoorn;4743;4.82966;52.24;1999;1999;1;1.50363889;0.7;0.3;30;1503.63889;50;250;0;0.112434085
RWZI   Velsen;4749;4.66034;52.4589;1999;1999;1;6.44416667;0.7;0.3;30;6444.16667;50;250;0;0.0303778774
RWZI   Katwoude;4765;5.03159;52.4849;1999;1999;1;5.66041667;0.7;0.3;30;5660.41667;50;250;0;0.000938790849
RWZI   Weesp;4767;5.02212;52.3177;1999;1999;1;1.79972222;0.7;0.3;30;1799.72222;50;250;0;0
RWZI   Horstermeer;4786;5.09268;52.256;1999;1999;1;4.51672222;0.7;0.3;30;4516.72222;50;250;0;0.00470637054
RWZI   Zaandam Oost;4793;4.85638;52.4293;1999;1999;1;5.92166667;0.7;0.3;30;5921.66667;50;250;0;0
Forbo Flooring BV;4838;4.76691;52.4882;1999;1999;6;24;0.7;0.3;30;24000;50;250;0;0.00880923355
ACS Logistics B V ;4882;4.76356;52.4137;1999;1999;2;2;0.7;0.3;30;2000;50;250;0;0
BCS Amsterdam B V ;4883;4.80932;52.4164;1999;1999;2;2;0.7;0.3;30;2000;50;250;0;0
Freshport BV;4897;4.74132;52.2955;1999;1999;2;2;0.7;0.3;30;2000;50;250;0;0.00299242105
Frigo Nieuw Vennep BV;4898;4.58951;52.263;1999;1999;2;2;0.7;0.3;30;2000;50;250;0;0.0416976316
Cornelis Vrolijks Visserij Maatschappij BV;4948;4.58755;52.4562;1999;1999;2;2;0.7;0.3;30;2000;50;250;0;0
Daalimpex Velsen B V ;4949;4.66352;52.4652;1999;1999;2;2;0.7;0.3;30;2000;50;250;0;5.81052632E-06
Haasnoot Pelagic Import BV;4950;4.58085;52.4565;1999;1999;2;2;0.7;0.3;30;2000;50;250;0;0
J  Kloos Holland BV   Van Maanen;4951;4.59216;52.4603;1999;1999;2;2;0.7;0.3;30;2000;50;250;0;0.641564226
BCS Amsterdam BV;4972;4.80806;52.415;1999;1999;2;2;0.7;0.3;30;2000;50;250;0;0
Vriescentrum Vink Beverwijk BV;4978;4.66589;52.4729;1999;1999;2;2;0.7;0.3;30;2000;50;250;0;0.000857273684
Kloosterboer IJmuiden BV;5010;4.58204;52.4618;1999;1999;2;2;0.7;0.3;30;2000;50;250;0;0.152449421
Albert Heijn BV;5017;4.80442;52.427;1999;1999;2;2;0.7;0.3;30;2000;50;250;0;0.00370007368
W_Gemaal_761;5351;4.62853;52.3019;1999;1999;11;1;0.7;0.3;30;1000;50;250;0;0.268361211
W_Gemaal_764;5352;4.68573;52.3005;1999;1999;11;1;0.7;0.3;30;1000;50;250;0;0.736647664
W_Gemaal_771;5353;4.59645;52.2918;1999;1999;11;1;0.7;0.3;30;1000;50;250;0;0.000935163888
W_Gemaal_802;5354;4.56912;52.2638;1999;1999;11;1;0.7;0.3;30;1000;50;250;0;0.0416976316
W_Gemaal_743;5383;4.90526;52.3357;1999;1999;11;2;0.7;0.3;30;2000;50;250;0;0
W_Gemaal_633;5394;5.00631;52.5275;1999;1999;11;2;0.7;0.3;30;2000;50;250;0;0
W_Gemaal_635;5402;5.02404;52.5222;1999;1999;11;2;0.7;0.3;30;2000;50;250;0;0.00871539474
W_Gemaal_639;5403;4.98726;52.5158;1999;1999;11;2;0.7;0.3;30;2000;50;250;0;0.753568074
W_Gemaal_647;5425;4.7929;52.5087;1999;1999;11;2;0.7;0.3;30;2000;50;250;0;0.0102386842
W_Gemaal_653;5426;4.7753;52.5032;1999;1999;11;2;0.7;0.3;30;2000;50;250;0;0.560720645
W_Gemaal_783;5428;4.78717;52.2795;1999;1999;11;3;0.7;0.3;30;3000;50;250;0;0.348191783
W_Gemaal_800;5429;4.77416;52.2668;1999;1999;11;3;0.7;0.3;30;3000;50;250;0;0.00629696276
W_Gemaal_39;5438;4.84202;52.3;1999;1999;11;3;0.7;0.3;30;3000;50;250;0;0
W_Gemaal_750;5439;4.81891;52.3183;1999;1999;11;3;0.7;0.3;30;3000;50;250;0;0.0246801053
W_Gemaal_36;5440;4.99089;52.3053;1999;1999;11;3;0.7;0.3;30;3000;50;250;0;0.928313737
W_Gemaal_38;5441;4.82598;52.332;1999;1999;11;3;0.7;0.3;30;3000;50;250;0;0.0246801053
W_Gemaal_40;5442;4.81862;52.3654;1999;1999;11;3;0.7;0.3;30;3000;50;250;0;0.0700796316
W_Gemaal_695;5443;4.86306;52.4299;1999;1999;11;3;0.7;0.3;30;3000;50;250;0;0.0111770526
W_Gemaal_708;5444;4.90887;52.4086;1999;1999;11;3;0.7;0.3;30;3000;50;250;0;0.623609684
W_Gemaal_716;5445;4.95317;52.3872;1999;1999;11;3;0.7;0.3;30;3000;50;250;0;0.437910711
W_Gemaal_735;5446;4.78187;52.346;1999;1999;11;3;0.7;0.3;30;3000;50;250;0;0.364917447
W_Gemaal_37;5493;4.66427;52.3491;1999;1999;11;3;0.7;0.3;30;3000;50;250;0;0.9120861
W_Gemaal_41;5494;4.65057;52.2971;1999;1999;11;3;0.7;0.3;30;3000;50;250;0;0.045765
W_Gemaal_43;5495;4.67241;52.3262;1999;1999;11;3;0.7;0.3;30;3000;50;250;0;0.000921578947
W_Gemaal_44;5496;4.67349;52.4049;1999;1999;11;3;0.7;0.3;30;3000;50;250;0;0.0626593495
W_Gemaal_45;5497;4.65142;52.2972;1999;1999;11;3;0.7;0.3;30;3000;50;250;0;0.045765
W_Gemaal_763;5498;4.80006;52.302;1999;1999;11;3;0.7;0.3;30;3000;50;250;0;0.0563472531
W_Gemaal_767;5499;4.73416;52.2972;1999;1999;11;3;0.7;0.3;30;3000;50;250;0;0.00299242105
W_Gemaal_779;5500;4.77688;52.2821;1999;1999;11;3;0.7;0.3;30;3000;50;250;0;0.000708157895
W_Gemaal_665;5512;4.94637;52.4806;1999;1999;11;3;0.7;0.3;30;3000;50;250;0;0.0243686316
W_Gemaal_658;5559;4.95804;52.4914;1999;1999;11;3;0.7;0.3;30;3000;50;250;0;0.153062125
W_Gemaal_33;5600;4.67065;52.426;1999;1999;11;3;0.7;0.3;30;3000;50;250;0;0.210006263
W_Gemaal_684;5618;4.75402;52.4465;1999;1999;11;3;0.7;0.3;30;3000;50;250;0;0.0471485395
W_Gemaal_688;5619;4.7497;52.4402;1999;1999;11;3;0.7;0.3;30;3000;50;250;0;0.0471485395
W_Gemaal_689;5620;4.82619;52.4388;1999;1999;11;3;0.7;0.3;30;3000;50;250;0;0.109996789
W_Gemaal_691;5621;4.82327;52.4369;1999;1999;11;3;0.7;0.3;30;3000;50;250;0;0.250967508
W_Gemaal_742;5640;4.95071;52.3386;1999;1999;11;4;0.7;0.3;30;4000;50;250;0;1.00006511
W_Gemaal_714;5645;4.69021;52.3886;1999;1999;11;4;0.7;0.3;30;4000;50;250;0;0.00484381579
W_Gemaal_718;5646;4.70646;52.3824;1999;1999;11;4;0.7;0.3;30;4000;50;250;0;0.00108698684
W_Gemaal_806;5647;4.63809;52.2562;1999;1999;11;4;0.7;0.3;30;4000;50;250;0;0.0103271053
ABN AMRO Datacenter;7150;4.87332;52.3128;1999;1999;8;13;0.7;0.3;30;13000;50;250;0;0.0499151903
ABN AMRO Datacenter;7151;4.87099;52.2968;1999;1999;8;13;0.7;0.3;30;13000;50;250;0;0.13702285
Dataplace  Graan voor Visch Zuid;7152;4.68455;52.2904;1999;1999;8;4;0.7;0.3;30;4000;50;250;0;0.0197342707
Interxion AMS 10;7153;4.73963;52.2744;1999;1999;8;26;0.7;0.3;30;26000;50;250;0;0
e Shelter  Aviolanda;7154;4.70587;52.2831;1999;1999;8;40;0.7;0.3;30;40000;50;250;0;0
CyrusOne  Polanerpark;7155;4.70078;52.3822;1999;1999;8;72;0.7;0.3;30;72000;50;250;0;1.21052632E-06
Cogent Datacenter Amsterdam;7158;4.71715;52.3845;1999;1999;8;4;0.7;0.3;30;4000;50;250;0;0.00108698684
Atom86;7159;4.75081;52.275;1999;1999;8;7;0.7;0.3;30;7000;50;250;0;0.0193141353
Interxion AMS 3;7160;4.77099;52.2842;1999;1999;8;10;0.7;0.3;30;10000;50;250;0;0
Interxion AMS 6;7161;4.76599;52.2853;1999;1999;8;10;0.7;0.3;30;10000;50;250;0;0
Interoute Communications Ltd;7162;4.75608;52.2794;1999;1999;8;13;0.7;0.3;30;13000;50;250;0;0.000163360324
Interxion AMS 7;7163;4.76571;52.2814;1999;1999;8;13;0.7;0.3;30;13000;50;250;0;0
Verizon Schiphol;7164;4.80167;52.3223;1999;1999;8;13;0.7;0.3;30;13000;50;250;0;0.0138244615
Interxion AMS 5;7165;4.75428;52.2801;1999;1999;8;15;0.7;0.3;30;15000;50;250;0;0
Interxion AMS 8;7166;4.7434;52.2762;1999;1999;8;15;0.7;0.3;30;15000;50;250;0;0.000239631579
NLDC   Oude Meer  Schiphol Rijk ;7167;4.78308;52.2896;1999;1999;8;15;0.7;0.3;30;15000;50;250;0;0
EdgeConnex;7168;4.76611;52.2841;1999;1999;8;18;0.7;0.3;30;18000;50;250;0;0
Maincubes;7169;4.77286;52.2822;1999;1999;8;20;0.7;0.3;30;20000;50;250;0;0
Digital Realty Trust   De President Business Park  Jan Wijsmullerdreef;7170;4.67687;52.2904;1999;1999;8;36;0.7;0.3;30;36000;50;250;0;0.0190147149
NLDC   Aalsmeer;7171;4.77336;52.2598;1999;1999;8;13;0.7;0.3;30;13000;50;250;0;0.00105327935
Coolwave Carrier1  Amsterdam  Amsterdam;7185;4.86341;52.3951;1999;1999;8;13;0.7;0.3;30;13000;50;250;0;0.0545769231
Eweka DC  Amsterdam;7186;4.82887;52.4084;1999;1999;8;13;0.7;0.3;30;13000;50;250;0;0.00637389474
IS Group  Amsterdam;7187;4.84937;52.396;1999;1999;8;13;0.7;0.3;30;13000;50;250;0;0.0231801619
Level3 Amsterdam  Amsterdam Zuidoost;7188;4.94859;52.2964;1999;1999;8;0.277777778;0.7;0.3;30;277.777778;50;250;0;0.518319
Nikhef   SARA Amsterdam   TelecityGroup Amsterdam Science Park  Amsterdam;7189;4.95107;52.3543;1999;1999;8;0.694444444;0.7;0.3;30;694.444444;50;250;0;0
Pink Roccade  Amsterdam  Amsterdam;7190;4.95304;52.3003;1999;1999;8;13;0.7;0.3;30;13000;50;250;0;0.00744061336
Schuberg Philis   XS4ALL DC2  Amsterdam;7191;4.89222;52.3731;1999;1999;8;13;0.7;0.3;30;13000;50;250;0;0.0744809393
Sorbie  Amsterdam;7192;4.84658;52.3904;1999;1999;8;13;0.7;0.3;30;13000;50;250;0;0.21767383
Tele2  Amsterdam 1   Amsterdam  Amsterdam;7193;4.95501;52.2992;1999;1999;8;13;0.7;0.3;30;13000;50;250;0;0.0202874696
UPC  Amsterdam;7194;4.84675;52.3942;1999;1999;8;13;0.7;0.3;30;13000;50;250;0;0
Vancis  Amsterdam;7195;4.95427;52.3569;1999;1999;8;13;0.7;0.3;30;13000;50;250;0;0.00444925506
Viatel  Amsterdam  Amsterdam;7196;4.8404;52.3565;1999;1999;8;13;0.7;0.3;30;13000;50;250;0;0.247851061
Century Link Amsterdam;7197;4.94542;52.2957;1999;1999;8;2.25694444;0.7;0.3;30;2256.94444;50;250;0;0.0207911976
Databarn Amsterdam B V ;7199;4.85115;52.3964;1999;1999;8;0.104166667;0.7;0.3;30;104.166667;50;250;0;1.69264027
Datacenter com;7200;4.93601;52.3095;1999;1999;8;2.70833333;0.7;0.3;30;2708.33333;50;250;0;0.104746766
DCA;7201;4.87123;52.3955;1999;1999;8;13;0.7;0.3;30;13000;50;250;0;0.172993822
Digital Realty Trust   Gyroscoopweg;7202;4.83855;52.3967;1999;1999;8;1.66666667;0.7;0.3;30;1666.66667;50;250;0;0
Digital Realty Trust   Naritaweg;7203;4.82676;52.3881;1999;1999;8;1.18055556;0.7;0.3;30;1180.55556;50;250;0;0.340435794
Digital Realty Trust NL   Amsterdam Science Park;7204;4.95096;52.3571;1999;1999;8;2.84722222;0.7;0.3;30;2847.22222;50;250;0;0
Digital Realty Trust NL   H J E  Wenckebachweg;7205;4.932;52.3365;1999;1999;8;6.04166667;0.7;0.3;30;6041.66667;50;250;0;0.195345774
Equinix AM1;7206;4.94198;52.3006;1999;1999;8;1.45833333;0.7;0.3;30;1458.33333;50;250;0;0
Equinix AM2;7207;4.94198;52.3006;1999;1999;8;2.01388889;0.7;0.3;30;2013.88889;50;250;0;0
Equinix AM4;7208;4.96039;52.3546;1999;1999;8;13;0.7;0.3;30;13000;50;250;0;0.292144172
Equinix AM5;7209;4.94551;52.2938;1999;1999;8;3.26388889;0.7;0.3;30;3263.88889;50;250;0;0.0207911976
Equinix AM6;7210;4.93307;52.3372;1999;1999;8;3.26388889;0.7;0.3;30;3263.88889;50;250;0;0.715426645
Equinix AM7;7211;4.93794;52.3031;1999;1999;8;1.84027778;0.7;0.3;30;1840.27778;50;250;0;0.109880732
Equinix AM8;7212;4.83855;52.3967;1999;1999;8;1.84027778;0.7;0.3;30;1840.27778;50;250;0;0
euNetworks;7213;4.91947;52.3329;1999;1999;8;0.416666667;0.7;0.3;30;416.666667;50;250;0;0
Global Switch;7214;4.82887;52.344;1999;1999;8;13.6805556;0.7;0.3;30;13680.5556;50;250;0;0.117250669
Globalone;7215;4.83227;52.3857;1999;1999;8;13;0.7;0.3;30;13000;50;250;0;0.331606336
Gyrocenter;7216;4.84303;52.4005;1999;1999;8;0.381944444;0.7;0.3;30;381.944444;50;250;0;0
Interxion AMS 1   AMS 4;7217;4.84282;52.3999;1999;1999;8;13;0.7;0.3;30;13000;50;250;0;0
Interxion AMS 2;7218;4.84354;52.3996;1999;1999;8;0.381944444;0.7;0.3;30;381.944444;50;250;0;0
Interxion AMS 9;7219;4.95273;52.3561;1999;1999;8;0.972222222;0.7;0.3;30;972.222222;50;250;0;0
KPN Datacenter Amsterdam;7220;4.95511;52.3003;1999;1999;8;1.04166667;0.7;0.3;30;1041.66667;50;250;0;1.00036533
Nikhef Housing;7221;4.95104;52.3562;1999;1999;8;13;0.7;0.3;30;13000;50;250;0;0.116946219
RDC Datacentrum;7222;4.88552;52.3342;1999;1999;8;13;0.7;0.3;30;13000;50;250;0;0.143812992
Switch Datacenters   Amsterdam;7223;4.93931;52.304;1999;1999;8;4.54861111;0.7;0.3;30;4548.61111;50;250;0;0.109880732
The Datacenter Group  TDCG    Amsterdam;7224;4.84924;52.3934;1999;1999;8;1.45833333;0.7;0.3;30;1458.33333;50;250;0;1.69264027
Verizon   Kollenbergweg;7225;4.93562;52.305;1999;1999;8;0.694444444;0.7;0.3;30;694.444444;50;250;0;0
Verizon Joan Muyskenweg;7226;4.91401;52.3324;1999;1999;8;0.694444444;0.7;0.3;30;694.444444;50;250;0;0
XS4ALL DC2;7227;4.88689;52.3363;1999;1999;8;13;0.7;0.3;30;13000;50;250;0;0.0300450061
Alticom Haarlem;7292;4.6699;52.388;1999;1999;8;13;0.7;0.3;30;13000;50;250;0;0.00518823887
EvoSwitch;7293;4.66473;52.3917;1999;1999;8;13;0.7;0.3;30;13000;50;250;0;0.00991809717
Cellnex  vml Alticom ;7310;5.16496;52.2424;1999;1999;8;0.1;0.7;0.3;30;100;50;250;0;0.687077012
NEP  vml TCN ;7312;5.17266;52.2351;1999;1999;8;0.7;0.7;0.3;30;700;50;250;0;0.156268453
Ericsson   Redbee Broadcast Services;7313;5.16913;52.2413;1999;1999;8;1.06395548;0.7;0.3;30;1063.95548;50;250;0;0.687077012
KPN Bunker  Bussum;7319;5.1971;52.2704;1999;1999;8;13;0.7;0.3;30;13000;50;250;0;0.035381417
Global Crossing  Amsterdam;7341;4.93194;52.3347;1999;1999;8;13;0.7;0.3;30;13000;50;250;0;0.0176972186
Colt   Duivendrecht;7342;4.92618;52.3283;1999;1999;8;13;0.7;0.3;30;13000;50;250;0;0.0386374555
Alticom Wormer  Wormer;7393;4.79685;52.4974;1999;1999;8;13;0.7;0.3;30;13000;50;250;0;0.0350487814
Dataone Datacenter Wormer;7394;4.7976;52.4949;1999;1999;8;13;0.7;0.3;30;13000;50;250;0;0.0549351194
Interoute  Zandvoort  Zandvoort;7396;4.53405;52.3844;1999;1999;8;13;0.7;0.3;30;13000;50;250;0;0.119498672
Equinix AM3;7402;4.95904;52.3563;1999;1999;8;1.45833333;0.7;0.3;30;1458.33333;50;250;0;1.00015703
Alticom;7403;4.88667;52.3363;1999;1999;8;0.034722222;0.7;0.3;30;34.722222;50;250;0;0
NLDC;7404;4.78815;52.2926;1999;1999;8;3.54166667;0.7;0.3;30;3541.66667;50;250;0;0.0563472531
