bron_naam;Label;x_coord;y_coord;ingebruik;uitgebruik;MWth_max;bron_vol;bron_cap;T_bron;Ki_kW_min;Ki_kW_max;K_GJ;capaciteit_benuttingsfactor;SourceType
newasco van houten b v   heemstede;21;4.62949;52.3463;1999;1999;2;0.7;0.3;30;50;250;;0.324677601;LT
lamme textielbeheer bv  nederhorst den berg;41;5.04662;52.2731;1999;1999;2;0.7;0.3;30;50;250;;0.0109774737;LT
martinez chocolade bv;151;4.83918;52.2807;1999;1999;24;0.7;0.3;30;50;250;;0.0170997171;LT
brouwerij  t ij bv;152;4.92647;52.3667;1999;1999;24;0.7;0.3;30;50;250;;0.119061599;LT
dutch cocoa bv;154;4.75981;52.4095;1999;1999;24;0.7;0.3;30;50;250;;0.00566677632;LT
expalkan v  bv;155;4.91842;52.3773;1999;1999;24;0.7;0.3;30;50;250;;0.131028474;LT
green egg bv;156;4.90097;52.3798;1999;1999;24;0.7;0.3;30;50;250;;0.0486883421;LT
heartland sweeteners europe bv;157;4.75425;52.4036;1999;1999;24;0.7;0.3;30;50;250;;0.00269348026;LT
klas doner production bv;158;4.89457;52.3824;1999;1999;24;0.7;0.3;30;50;250;;0.203297411;LT
lovechock bv;159;4.90411;52.3909;1999;1999;24;0.7;0.3;30;50;250;;0.132435467;LT
marleen kookt bv;160;4.87555;52.3798;1999;1999;24;0.7;0.3;30;50;250;;0.394600826;LT
udkvm bv;161;4.78026;52.3905;1999;1999;24;0.7;0.3;30;50;250;;0.000120986842;LT
winclove bv;162;4.90797;52.3967;1999;1999;24;0.7;0.3;30;50;250;;0.180513789;LT
chocoladefabriek     de beemster     bv;185;4.90261;52.5534;1999;1999;24;0.7;0.3;30;50;250;;0.0104491513;LT
a f  stam bv;267;4.95607;52.3409;1999;1999;24;0.7;0.3;30;50;250;;0.0382623553;LT
freek schilder vissnacks bv;278;5.08077;52.5069;1999;1999;24;0.7;0.3;30;50;250;;0.0265591374;LT
smilde bakery bv;280;5.04057;52.5157;1999;1999;24;0.7;0.3;30;50;250;;0.0175680559;LT
holland paling bv;331;4.68165;52.4135;1999;1999;24;0.7;0.3;30;50;250;;0.00153993421;LT
otelli bv;332;4.66363;52.3989;1999;1999;24;0.7;0.3;30;50;250;;0.003007125;LT
a l  hoogesteger fresh specialist bv;333;4.7384;52.3799;1999;1999;24;0.7;0.3;30;50;250;;0.00991905263;LT
cargill meats holland bv;334;4.74911;52.3035;1999;1999;24;0.7;0.3;30;50;250;;0.00524780921;LT
kaaskeuken bv;336;4.62661;52.2546;1999;1999;24;0.7;0.3;30;50;250;;0.000246546053;LT
mccain foods holland bv;337;4.7118;52.2917;1999;1999;24;0.7;0.3;30;50;250;;0.0113852368;LT
solina netherlands bv;338;4.64693;52.2689;1999;1999;24;0.7;0.3;30;50;250;;0.00401740132;LT
van maanen verkoop bv;351;4.62084;52.3539;1999;1999;24;0.7;0.3;30;50;250;;0.106061816;LT
adriaan goede bv;411;4.90722;52.4239;1999;1999;24;0.7;0.3;30;50;250;;0.0426976382;LT
royaan bv;501;4.8635;52.4328;1999;1999;24;0.7;0.3;30;50;250;;0.00810780921;LT
van der zee vlees bv;514;4.9278;52.3282;1999;1999;24;0.7;0.3;30;50;250;;0.0102814934;LT
hesseling vlees bv;518;4.99724;52.5219;1999;1999;24;0.7;0.3;30;50;250;;0.000214967105;LT
uitsnijderij dao bv;519;4.988;52.5024;1999;1999;24;0.7;0.3;30;50;250;;7.56907895E-05;LT
bakels senior nv;657;5.02707;52.3147;1999;1999;24;0.7;0.3;30;50;250;;0.167257023;LT
bracamonte daily foods bv;658;5.02209;52.3139;1999;1999;24;0.7;0.3;30;50;250;;0.00659804605;LT
adm cocoa bv;678;4.80651;52.4885;1999;1999;24;0.7;0.3;30;50;250;;0.0347826053;LT
cargill bv;679;4.79552;52.4966;1999;1999;24;0.7;0.3;30;50;250;;0.00498860526;LT
aak netherlands bv;680;4.80723;52.4773;1999;1999;24;0.7;0.3;30;50;250;;0.0285393026;LT
ayal kaas bv;681;4.81277;52.4293;1999;1999;24;0.7;0.3;30;50;250;;0.000827927632;LT
bonbonatelier n  limmen bv;682;4.80128;52.4295;1999;1999;24;0.7;0.3;30;50;250;;0.000185296053;LT
cargill bv;683;4.81653;52.4638;1999;1999;24;0.7;0.3;30;50;250;;0.00528523026;LT
danisco zaandam bv;684;4.82222;52.4472;1999;1999;24;0.7;0.3;30;50;250;;0.0423205263;LT
dp zaandam bv;685;4.82799;52.4392;1999;1999;24;0.7;0.3;30;50;250;;0.0437213816;LT
duyvis production bv;686;4.81639;52.4702;1999;1999;24;0.7;0.3;30;50;250;;0.00261953618;LT
frites uit zuyd bv;687;4.83082;52.4206;1999;1999;24;0.7;0.3;30;50;250;;0.00159689145;LT
hansel salades en sauzen bv;688;4.84776;52.4188;1999;1999;24;0.7;0.3;30;50;250;;0.000285296053;LT
ioi loders croklaan oils bv;689;4.8093;52.4842;1999;1999;24;0.7;0.3;30;50;250;;0.00156197039;LT
jan schoemaker bv;690;4.82672;52.4716;1999;1999;24;0.7;0.3;30;50;250;;0.00300877632;LT
loders croklaan bv;691;4.8093;52.4842;1999;1999;24;0.7;0.3;30;50;250;;0.00156197039;LT
meneba wormerveer bv;692;4.79303;52.5021;1999;1999;24;0.7;0.3;30;50;250;;0.0110928026;LT
stepan specialty products bv;693;4.80821;52.4679;1999;1999;24;0.7;0.3;30;50;250;;0.00812623684;LT
tate   lyle netherlands bv;694;4.81243;52.4655;1999;1999;24;0.7;0.3;30;50;250;;0.00995447697;LT
twincon bv;695;4.80763;52.4701;1999;1999;24;0.7;0.3;30;50;250;;0.0213827237;LT
vers vlees voor hond en kat lotgering bv;696;4.81572;52.4569;1999;1999;24;0.7;0.3;30;50;250;;0.0415033717;LT
albert heijn bv;1278;4.74648;52.2682;1999;1999;0.485872099;0.7;0.3;30;50;250;;1.00110979;LT
albert heijn bv;1279;4.79481;52.2746;1999;1999;0.485872099;0.7;0.3;30;50;250;;0.499483301;LT
hoogvliet bv;1280;4.76466;52.2533;1999;1999;0.048587222;0.7;0.3;30;50;250;;1.01009339;LT
hoogvliet bv;1281;4.78773;52.2783;1999;1999;0.242936049;0.7;0.3;30;50;250;;0.00306496136;LT
zaal supermarkten bv;1282;4.76243;52.2644;1999;1999;0.048587222;0.7;0.3;30;50;250;;1.00466636;LT
albert heijn bv;1388;4.86013;52.3033;1999;1999;0.242936049;0.7;0.3;30;50;250;;1.00548879;LT
albert heijn bv;1389;4.8395;52.2889;1999;1999;0.485872099;0.7;0.3;30;50;250;;1.07736686;LT
albert heijn bv;1390;4.86997;52.2888;1999;1999;0.242936049;0.7;0.3;30;50;250;;1.00062071;LT
albert heijn bv;1391;4.82651;52.2819;1999;1999;0.242936049;0.7;0.3;30;50;250;;1.12836713;LT
albert heijn bv;1392;4.86604;52.318;1999;1999;0.113370123;0.7;0.3;30;50;250;;0;LT
albert heijn bv;1393;4.87535;52.312;1999;1999;0.242936049;0.7;0.3;30;50;250;;1.10124043;LT
albert heijn bv;1394;4.85149;52.2813;1999;1999;0.242936049;0.7;0.3;30;50;250;;1.00622697;LT
coop supermarkten bv;1395;4.86227;52.2796;1999;1999;0.048587222;0.7;0.3;30;50;250;;1.00622697;LT
deen winkels bv;1396;4.87486;52.3021;1999;1999;0.242936049;0.7;0.3;30;50;250;;1.00548879;LT
jumbo supermarkten bv;1397;4.86924;52.289;1999;1999;0.485872099;0.7;0.3;30;50;250;;1.00062071;LT
albert heijn bv;1400;4.85529;52.3641;1999;1999;0.242936049;0.7;0.3;30;50;250;;1.00399392;LT
albert heijn bv;1401;4.9397;52.3974;1999;1999;0.485872099;0.7;0.3;30;50;250;;1.00029411;LT
albert heijn bv;1402;4.89614;52.4225;1999;1999;0.113370123;0.7;0.3;30;50;250;;1.00105435;LT
albert heijn bv;1403;4.93991;52.3502;1999;1999;0.485872099;0.7;0.3;30;50;250;;1.00524473;LT
albert heijn bv;1404;4.82669;52.355;1999;1999;0.242936049;0.7;0.3;30;50;250;;1.0001551;LT
albert heijn bv;1405;4.83755;52.3638;1999;1999;0.242936049;0.7;0.3;30;50;250;;1.0013181;LT
albert heijn bv;1406;4.93978;52.3623;1999;1999;0.113370123;0.7;0.3;30;50;250;;1.00261378;LT
albert heijn bv;1407;4.85602;52.3817;1999;1999;0.113370123;0.7;0.3;30;50;250;;1.02516567;LT
albert heijn bv;1409;4.91238;52.3623;1999;1999;0.242936049;0.7;0.3;30;50;250;;1.00709382;LT
albert heijn bv;1410;4.92436;52.3664;1999;1999;0.485872099;0.7;0.3;30;50;250;;1.00253999;LT
albert heijn bv;1411;4.89396;52.3748;1999;1999;0.242936049;0.7;0.3;30;50;250;;1.00884304;LT
albert heijn bv;1412;4.8704;52.3666;1999;1999;0.242936049;0.7;0.3;30;50;250;;0;LT
albert heijn bv;1417;4.86964;52.3537;1999;1999;0.113370123;0.7;0.3;30;50;250;;0;LT
albert heijn bv;1419;4.86411;52.3622;1999;1999;0.242936049;0.7;0.3;30;50;250;;1.00039063;LT
albert heijn bv;1420;4.87963;52.3572;1999;1999;0.485872099;0.7;0.3;30;50;250;;0;LT
albert heijn bv;1421;4.87852;52.3311;1999;1999;1.13370154;0.7;0.3;30;50;250;;1.00431459;LT
albert heijn bv;1422;4.95513;52.3156;1999;1999;0.242936049;0.7;0.3;30;50;250;;1.00270151;LT
albert heijn bv;1425;4.87767;52.3488;1999;1999;0.242936049;0.7;0.3;30;50;250;;1.00796507;LT
albert heijn bv;1426;4.8919;52.351;1999;1999;0.485872099;0.7;0.3;30;50;250;;1.0023182;LT
albert heijn bv;1427;4.89389;52.3739;1999;1999;0.113370123;0.7;0.3;30;50;250;;1.00884304;LT
albert heijn bv;1428;4.93171;52.363;1999;1999;0.242936049;0.7;0.3;30;50;250;;1.00282912;LT
albert heijn bv;1429;4.92008;52.3548;1999;1999;0.113370123;0.7;0.3;30;50;250;;0;LT
albert heijn bv;1430;4.88394;52.3739;1999;1999;0.113370123;0.7;0.3;30;50;250;;0;LT
albert heijn bv;1431;4.86389;52.3458;1999;1999;0.242936049;0.7;0.3;30;50;250;;1.00259649;LT
albert heijn bv;1433;4.8029;52.3595;1999;1999;0.485872099;0.7;0.3;30;50;250;;0;LT
albert heijn bv;1436;4.84029;52.349;1999;1999;0.113370123;0.7;0.3;30;50;250;;1.0001961;LT
albert heijn bv;1440;4.88916;52.3672;1999;1999;0.242936049;0.7;0.3;30;50;250;;0;LT
albert heijn bv;1441;4.86219;52.3597;1999;1999;0.242936049;0.7;0.3;30;50;250;;1.00039063;LT
albert heijn bv;1444;4.87781;52.3917;1999;1999;0.113370123;0.7;0.3;30;50;250;;1.00146129;LT
albert heijn bv;1446;4.8613;52.3748;1999;1999;0.485872099;0.7;0.3;30;50;250;;1.00456834;LT
albert heijn bv;1447;4.81091;52.3458;1999;1999;0.242936049;0.7;0.3;30;50;250;;1.00057976;LT
albert heijn bv;1448;4.89975;52.3612;1999;1999;0.242936049;0.7;0.3;30;50;250;;1.00568881;LT
albert heijn bv;1449;4.87605;52.3836;1999;1999;0.113370123;0.7;0.3;30;50;250;;0;LT
albert heijn bv;1451;4.8914;52.3442;1999;1999;0.242936049;0.7;0.3;30;50;250;;1.00469255;LT
albert heijn bv;1452;4.87473;52.3628;1999;1999;0.242936049;0.7;0.3;30;50;250;;0;LT
albert heijn bv;1453;4.9066;52.3434;1999;1999;0.048587222;0.7;0.3;30;50;250;;1.01053529;LT
albert heijn bv;1454;4.84682;52.3786;1999;1999;0.242936049;0.7;0.3;30;50;250;;1.0023039;LT
albert heijn bv;1455;4.89304;52.417;1999;1999;0.242936049;0.7;0.3;30;50;250;;1.00105435;LT
albert heijn bv;1458;4.89518;52.346;1999;1999;0.242936049;0.7;0.3;30;50;250;;1.01155601;LT
albert heijn bv;1459;4.89021;52.3546;1999;1999;0.242936049;0.7;0.3;30;50;250;;1.01029698;LT
aldi;1461;4.85996;52.3257;1999;1999;0.048587222;0.7;0.3;30;50;250;;0;LT
biotoop van swindenstraat bv;1462;4.92589;52.3622;1999;1999;0.048587222;0.7;0.3;30;50;250;;1.00282912;LT
brasserie van dam bv;1464;4.87073;52.3557;1999;1999;0.113370123;0.7;0.3;30;50;250;;0;LT
coop supermarkten bv;1465;4.78542;52.3554;1999;1999;0.113370123;0.7;0.3;30;50;250;;0;LT
coop supermarkten bv;1466;4.88969;52.354;1999;1999;0.048587222;0.7;0.3;30;50;250;;1.01029698;LT
de avondmarkt;1467;4.87645;52.3831;1999;1999;0.048587222;0.7;0.3;30;50;250;;0;LT
deen winkels bv;1469;4.89505;52.3435;1999;1999;0.113370123;0.7;0.3;30;50;250;;1.00469255;LT
deka supermarkten bv;1470;4.95193;52.3968;1999;1999;0.048587222;0.7;0.3;30;50;250;;0;LT
deka supermarkten bv;1471;4.81893;52.3764;1999;1999;0.242936049;0.7;0.3;30;50;250;;1.0013558;LT
detailconsult supermarkten bv;1472;4.84758;52.378;1999;1999;0.242936049;0.7;0.3;30;50;250;;1.0023039;LT
detailconsult supermarkten bv;1473;4.90466;52.347;1999;1999;0.242936049;0.7;0.3;30;50;250;;1.01053529;LT
geelhoed eetwinkel bv;1477;4.93156;52.3777;1999;1999;0.242936049;0.7;0.3;30;50;250;;1.00377944;LT
haducto bv;1478;4.88403;52.3849;1999;1999;0.242936049;0.7;0.3;30;50;250;;0;LT
jumbo supermarkten bv;1480;4.85515;52.3588;1999;1999;0.242936049;0.7;0.3;30;50;250;;1.00262045;LT
jumbo supermarkten bv;1482;4.93578;52.3991;1999;1999;0.485872099;0.7;0.3;30;50;250;;1.00029411;LT
kooistra supermarkt stiens bv;1483;4.85515;52.3588;1999;1999;0.242936049;0.7;0.3;30;50;250;;1.00262045;LT
kwb wittenburg bv;1484;4.91982;52.37;1999;1999;0.242936049;0.7;0.3;30;50;250;;1.00272978;LT
lidl nederland gmbh;1486;4.83987;52.3491;1999;1999;0.048587222;0.7;0.3;30;50;250;;1.0001961;LT
lidl nederland gmbh;1487;4.79345;52.3567;1999;1999;0.113370123;0.7;0.3;30;50;250;;0;LT
lidl nederland gmbh;1488;4.92478;52.3505;1999;1999;0.113370123;0.7;0.3;30;50;250;;0;LT
lidl nederland gmbh;1489;4.91699;52.4078;1999;1999;0.242936049;0.7;0.3;30;50;250;;0;LT
lidl nederland gmbh;1490;4.87715;52.3645;1999;1999;0.048587222;0.7;0.3;30;50;250;;0;LT
lidl nederland gmbh;1491;4.85504;52.3587;1999;1999;0.048587222;0.7;0.3;30;50;250;;1.00262045;LT
lidl nederland gmbh;1492;4.94067;52.3614;1999;1999;0.113370123;0.7;0.3;30;50;250;;1.00261378;LT
marqt bv;1494;4.8979;52.3654;1999;1999;0.242936049;0.7;0.3;30;50;250;;1.00568881;LT
marqt bv;1495;4.86602;52.346;1999;1999;0.113370123;0.7;0.3;30;50;250;;1.00259649;LT
marqt bv;1497;4.8851;52.3704;1999;1999;0.113370123;0.7;0.3;30;50;250;;0;LT
pasteuning wijn   catering bv;1500;4.87782;52.3578;1999;1999;0.048587222;0.7;0.3;30;50;250;;0;LT
sean bv;1501;4.8681;52.3245;1999;1999;0.113370123;0.7;0.3;30;50;250;;0;LT
slooten supermarkt bv;1502;4.91702;52.4078;1999;1999;0.113370123;0.7;0.3;30;50;250;;0;LT
stationsfoodstore bv;1506;4.91867;52.3467;1999;1999;0.242936049;0.7;0.3;30;50;250;;1.00492821;LT
stationsfoodstore bv;1507;4.948;52.3131;1999;1999;0.113370123;0.7;0.3;30;50;250;;1.00020643;LT
super west bv;1509;4.85789;52.3715;1999;1999;0.113370123;0.7;0.3;30;50;250;;1.00456834;LT
supermarkt peperkamp bv;1510;4.92381;52.3505;1999;1999;0.242936049;0.7;0.3;30;50;250;;0;LT
supermarkt reigersbos bv;1511;4.97612;52.2945;1999;1999;0.485872099;0.7;0.3;30;50;250;;1.0004451;LT
supermarkt verboom bv;1512;4.98755;52.2969;1999;1999;0.113370123;0.7;0.3;30;50;250;;1.0004451;LT
vomar voordeelmarkt bv;1515;4.84611;52.3793;1999;1999;0.113370123;0.7;0.3;30;50;250;;1.02184399;LT
vomar voordeelmarkt bv;1517;4.95555;52.315;1999;1999;0.242936049;0.7;0.3;30;50;250;;1.00270151;LT
vomar voordeelmarkt bv;1518;4.96326;52.2999;1999;1999;0.242936049;0.7;0.3;30;50;250;;1.00275108;LT
vomar voordeelmarkt bv;1519;4.92381;52.3505;1999;1999;0.242936049;0.7;0.3;30;50;250;;0;LT
warea bv;1520;4.95539;52.3928;1999;1999;0.485872099;0.7;0.3;30;50;250;;0;LT
albert heijn bv;1691;4.66067;52.4826;1999;1999;0.242936049;0.7;0.3;30;50;250;;1.00164528;LT
vomar voordeelmarkt bv;1697;4.651;52.4889;1999;1999;0.113370123;0.7;0.3;30;50;250;;1.00164528;LT
nijenhuis supermarkt;1701;5.26521;52.2868;1999;1999;0.113370123;0.7;0.3;30;50;250;;0.134493029;LT
supermarkt ton blaricum bv;1702;5.24368;52.2735;1999;1999;0.485872099;0.7;0.3;30;50;250;;0.0314853948;LT
albert heijn bv;1703;4.60883;52.3907;1999;1999;0.242936049;0.7;0.3;30;50;250;;1.10601444;LT
p  hulsbosch vof;1704;4.57513;52.3196;1999;1999;0.048587222;0.7;0.3;30;50;250;;1.01353809;LT
stach bv;1705;4.60754;52.388;1999;1999;0.048587222;0.7;0.3;30;50;250;;1.10601444;LT
zwetsloot retail bv;1706;4.5996;52.3207;1999;1999;0.113370123;0.7;0.3;30;50;250;;0.277174562;LT
albert heijn bv;1896;4.96343;52.3424;1999;1999;0.485872099;0.7;0.3;30;50;250;;1.00005006;LT
aldi;1897;4.95714;52.3335;1999;1999;0.242936049;0.7;0.3;30;50;250;;1.00004568;LT
deen winkels bv;1898;4.96214;52.3418;1999;1999;0.242936049;0.7;0.3;30;50;250;;1.00005006;LT
super vlaanderen;1900;4.95714;52.3335;1999;1999;0.242936049;0.7;0.3;30;50;250;;1.00004568;LT
deen winkels bv;1959;5.07225;52.4937;1999;1999;0.048587222;0.7;0.3;30;50;250;;0;LT
deen winkels bv;1960;5.07004;52.4993;1999;1999;0.242936049;0.7;0.3;30;50;250;;0;LT
deen winkels bv;1961;5.05305;52.4978;1999;1999;0.485872099;0.7;0.3;30;50;250;;1.00162755;LT
deen winkels bv;1962;5.05298;52.5072;1999;1999;0.485872099;0.7;0.3;30;50;250;;1.00162755;LT
albert heijn bv;2149;5.02221;52.3349;1999;1999;0.485872099;0.7;0.3;30;50;250;;1.00035098;LT
albert heijn bv;2150;5.18369;52.2682;1999;1999;0.242936049;0.7;0.3;30;50;250;;1.00300275;LT
albert heijn bv;2151;5.16595;52.2716;1999;1999;0.113370123;0.7;0.3;30;50;250;;1.00327001;LT
albert heijn bv;2152;5.16275;52.2962;1999;1999;0.048587222;0.7;0.3;30;50;250;;0.476187242;LT
albert heijn bv;2153;5.16094;52.2758;1999;1999;0.485872099;0.7;0.3;30;50;250;;1.00122662;LT
albert heijn bv;2154;5.17161;52.2884;1999;1999;0.242936049;0.7;0.3;30;50;250;;1.00054272;LT
bv nettorama verbruikersmarkten;2155;5.16605;52.2745;1999;1999;0.048587222;0.7;0.3;30;50;250;;1.00327001;LT
deen winkels bv;2156;5.16881;52.2666;1999;1999;0.113370123;0.7;0.3;30;50;250;;1.00712276;LT
supermarkt holts bv;2157;5.14913;52.2846;1999;1999;0.048587222;0.7;0.3;30;50;250;;0.174308938;LT
vomar voordeelmarkt bv;2158;5.16439;52.2779;1999;1999;0.113370123;0.7;0.3;30;50;250;;1.00122662;LT
albert heijn bv;2223;4.63576;52.3845;1999;1999;0.113370123;0.7;0.3;30;50;250;;1.00015908;LT
albert heijn bv;2224;4.63092;52.3764;1999;1999;0.242936049;0.7;0.3;30;50;250;;1.00076076;LT
albert heijn bv;2225;4.64514;52.3984;1999;1999;0.485872099;0.7;0.3;30;50;250;;1.00038727;LT
deka supermarkten bv;2227;4.65007;52.409;1999;1999;0.113370123;0.7;0.3;30;50;250;;1.05322096;LT
deka supermarkten bv;2228;4.63795;52.4083;1999;1999;0.048587222;0.7;0.3;30;50;250;;1.00689566;LT
deka supermarkten bv;2229;4.64729;52.3796;1999;1999;0.113370123;0.7;0.3;30;50;250;;1.00548003;LT
deka supermarkten bv;2230;4.60422;52.3833;1999;1999;0.048587222;0.7;0.3;30;50;250;;1.00435763;LT
deka supermarkten bv;2231;4.66124;52.3781;1999;1999;0.242936049;0.7;0.3;30;50;250;;1.00221827;LT
deka supermarkten bv;2232;4.64566;52.4016;1999;1999;0.113370123;0.7;0.3;30;50;250;;1.00038727;LT
deka supermarkten bv;2234;4.6423;52.3717;1999;1999;0.048587222;0.7;0.3;30;50;250;;1.02084995;LT
deka supermarkten bv;2235;4.65268;52.4159;1999;1999;0.113370123;0.7;0.3;30;50;250;;0;LT
deka supermarkten bv;2236;4.63223;52.3806;1999;1999;0.113370123;0.7;0.3;30;50;250;;1.00076076;LT
deka supermarkten bv;2238;4.6293;52.3938;1999;1999;0.113370123;0.7;0.3;30;50;250;;1.00142157;LT
jumbo haarlem;2239;4.65384;52.3519;1999;1999;0.242936049;0.7;0.3;30;50;250;;1.02421366;LT
plus3;2242;4.64856;52.4171;1999;1999;0.113370123;0.7;0.3;30;50;250;;0;LT
stationsfoodstore bv;2243;4.63968;52.3884;1999;1999;0.113370123;0.7;0.3;30;50;250;;1.34930913;LT
supermarkt van der wijden bv;2244;4.63167;52.4004;1999;1999;0.048587222;0.7;0.3;30;50;250;;1.00142157;LT
vof bouwens ravestein supermarkten   slijterijen;2245;4.6469;52.417;1999;1999;0.485872099;0.7;0.3;30;50;250;;0;LT
vomar voordeelmarkt bv;2246;4.64817;52.3647;1999;1999;0.113370123;0.7;0.3;30;50;250;;1.00254623;LT
vomar voordeelmarkt bv;2247;4.64904;52.391;1999;1999;0.485872099;0.7;0.3;30;50;250;;1.00041646;LT
vomar voordeelmarkt bv;2249;4.66371;52.3553;1999;1999;0.242936049;0.7;0.3;30;50;250;;0.75735575;LT
vomar voordeelmarkt bv;2250;4.63844;52.3732;1999;1999;0.048587222;0.7;0.3;30;50;250;;1.02084995;LT
albert heijn;2251;4.61977;52.2707;1999;1999;0.242936049;0.7;0.3;30;50;250;;1.00166145;LT
albert heijn bv;2252;4.69402;52.3016;1999;1999;0.485872099;0.7;0.3;30;50;250;;1.00029294;LT
albert heijn bv;2253;4.77873;52.3382;1999;1999;0.485872099;0.7;0.3;30;50;250;;0;LT
albert heijn bv;2254;4.66418;52.3018;1999;1999;0.113370123;0.7;0.3;30;50;250;;1.00602947;LT
albert heijn bv;2255;4.63862;52.307;1999;1999;0.485872099;0.7;0.3;30;50;250;;0;LT
albert heijn bv;2256;4.76304;52.3105;1999;1999;0.242936049;0.7;0.3;30;50;250;;0.260354081;LT
bun supermarkten bv;2257;4.65952;52.3147;1999;1999;0.242936049;0.7;0.3;30;50;250;;1.00067413;LT
coop supermarkten bv;2258;4.63948;52.3064;1999;1999;0.242936049;0.7;0.3;30;50;250;;0;LT
deen winkels bv;2259;4.65872;52.3148;1999;1999;0.113370123;0.7;0.3;30;50;250;;1.00067413;LT
detailconsult supermarkten bv;2260;4.63176;52.2643;1999;1999;0.485872099;0.7;0.3;30;50;250;;0.877341569;LT
food village  schiphol  bv;2261;4.76304;52.3105;1999;1999;0.242936049;0.7;0.3;30;50;250;;0.260354081;LT
food village  schiphol  bv;2262;4.69919;52.2664;1999;1999;0.242936049;0.7;0.3;30;50;250;;0.492772385;LT
gebr  verburg i  bv;2263;4.7502;52.3789;1999;1999;0.113370123;0.7;0.3;30;50;250;;0.199776744;LT
hofman supermarkten bv;2264;4.67096;52.309;1999;1999;0.048587222;0.7;0.3;30;50;250;;1.01904636;LT
hoogvliet bv;2265;4.61931;52.2626;1999;1999;0.242936049;0.7;0.3;30;50;250;;1.00131745;LT
hoogvliet bv;2266;4.67653;52.3504;1999;1999;0.242936049;0.7;0.3;30;50;250;;0.884009125;LT
lidl nederland gmbh;2267;4.77903;52.3388;1999;1999;0.048587222;0.7;0.3;30;50;250;;0;LT
lidl nederland gmbh;2268;4.62044;52.2711;1999;1999;0.113370123;0.7;0.3;30;50;250;;1.00166145;LT
super j  dekker rijsenhout bv;2269;4.71502;52.2586;1999;1999;0.113370123;0.7;0.3;30;50;250;;0.492772385;LT
vof bouwens ravestein supermarkten   slijterijen;2270;4.68532;52.4114;1999;1999;0.242936049;0.7;0.3;30;50;250;;0;LT
vof van vliet;2271;4.63253;52.2645;1999;1999;0.242936049;0.7;0.3;30;50;250;;0.877341569;LT
vomar voordeelmarkt bv;2272;4.67756;52.3031;1999;1999;0.113370123;0.7;0.3;30;50;250;;1.00215766;LT
vomar voordeelmarkt bv;2273;4.77766;52.3365;1999;1999;0.113370123;0.7;0.3;30;50;250;;0;LT
world of delights schiphol bv;2274;4.76411;52.3104;1999;1999;0.113370123;0.7;0.3;30;50;250;;0.260354081;LT
albert heijn bv;2307;4.6671;52.5109;1999;1999;0.242936049;0.7;0.3;30;50;250;;1.00139844;LT
albert heijn bv;2308;4.65596;52.5047;1999;1999;0.242936049;0.7;0.3;30;50;250;;1.00164195;LT
deen winkels bv;2309;4.67804;52.4945;1999;1999;0.048587222;0.7;0.3;30;50;250;;0;LT
deen winkels bv;2310;4.67108;52.5098;1999;1999;0.113370123;0.7;0.3;30;50;250;;1.00772025;LT
deka supermarkten bv;2311;4.66908;52.5106;1999;1999;0.048587222;0.7;0.3;30;50;250;;1.00139844;LT
lidl nederland gmbh;2312;4.68578;52.4949;1999;1999;0.113370123;0.7;0.3;30;50;250;;0;LT
supermarkt roemer bv;2313;4.67676;52.5128;1999;1999;0.485872099;0.7;0.3;30;50;250;;1.00010725;LT
vomar voordeelmarkt bv;2314;4.69234;52.4925;1999;1999;0.113370123;0.7;0.3;30;50;250;;0;LT
vomar voordeelmarkt bv;2315;4.65513;52.5077;1999;1999;0.113370123;0.7;0.3;30;50;250;;1.00164195;LT
van der hulst supermarkt bv;2319;4.6285;52.3601;1999;1999;0.113370123;0.7;0.3;30;50;250;;1.00531917;LT
albert heijn bv;2431;5.15571;52.2145;1999;1999;0.113370123;0.7;0.3;30;50;250;;1.06115399;LT
albert heijn bv;2432;5.17562;52.222;1999;1999;0.242936049;0.7;0.3;30;50;250;;1.08291917;LT
albert heijn bv;2433;5.14075;52.2161;1999;1999;0.485872099;0.7;0.3;30;50;250;;1.04320339;LT
albert heijn bv;2434;5.16792;52.2155;1999;1999;0.242936049;0.7;0.3;30;50;250;;1.00010921;LT
albert heijn bv;2435;5.19209;52.2324;1999;1999;0.113370123;0.7;0.3;30;50;250;;1.01275615;LT
albert heijn hilversumse meent bv;2436;5.13773;52.2708;1999;1999;0.113370123;0.7;0.3;30;50;250;;1.01324941;LT
c  van dam hilversum bv;2437;5.18845;52.2329;1999;1999;0.113370123;0.7;0.3;30;50;250;;1.01275615;LT
florijn supermarkt;2438;5.17605;52.238;1999;1999;0.242936049;0.7;0.3;30;50;250;;0.192617517;LT
hoogvliet bv;2439;5.19209;52.2324;1999;1999;0.113370123;0.7;0.3;30;50;250;;1.01275615;LT
hoogvliet bv;2440;5.15652;52.2106;1999;1999;0.113370123;0.7;0.3;30;50;250;;1.12175735;LT
hoogvliet bv;2441;5.17847;52.2263;1999;1999;0.113370123;0.7;0.3;30;50;250;;1.00228414;LT
plus hilversum;2442;5.19483;52.2187;1999;1999;0.242936049;0.7;0.3;30;50;250;;0.25140079;LT
stationsfoodstore bv;2443;5.18129;52.2266;1999;1999;0.485872099;0.7;0.3;30;50;250;;1.00228414;LT
vaartjes  supermarkt tarthorst bv;2444;5.19919;52.2115;1999;1999;0.485872099;0.7;0.3;30;50;250;;0.960246861;LT
vers supermarkt jan jongerius bv;2445;5.16009;52.2102;1999;1999;0.048587222;0.7;0.3;30;50;250;;1.12175735;LT
albert heijn bv;2501;5.23497;52.2972;1999;1999;0.485872099;0.7;0.3;30;50;250;;0.251548273;LT
albert heijn bv;2502;5.26297;52.2945;1999;1999;0.485872099;0.7;0.3;30;50;250;;1.00079912;LT
boni markten bv;2503;5.25416;52.3025;1999;1999;0.242936049;0.7;0.3;30;50;250;;1.00211688;LT
coop supermarkten bv;2504;5.2454;52.2903;1999;1999;0.113370123;0.7;0.3;30;50;250;;1.00026954;LT
jumbo supermarkten bv;2505;5.25441;52.2919;1999;1999;0.242936049;0.7;0.3;30;50;250;;1.00026954;LT
lidl nederland gmbh;2506;5.23859;52.3046;1999;1999;0.242936049;0.7;0.3;30;50;250;;0.390813703;LT
deen winkels bv;2552;4.91344;52.4297;1999;1999;0.242936049;0.7;0.3;30;50;250;;1.00172039;LT
plemp super bv;2553;4.91464;52.4289;1999;1999;0.113370123;0.7;0.3;30;50;250;;1.00172039;LT
supermarkt klaverweide bv;2898;4.87836;52.4373;1999;1999;0.113370123;0.7;0.3;30;50;250;;1.00037913;LT
plus retail bv;2926;4.90175;52.2971;1999;1999;0.113370123;0.7;0.3;30;50;250;;1.00244094;LT
supermarkt sluisplein bv;2927;4.91456;52.2972;1999;1999;0.242936049;0.7;0.3;30;50;250;;1.00244094;LT
vof wagner;2928;4.93969;52.3327;1999;1999;0.242936049;0.7;0.3;30;50;250;;0.713355721;LT
albert heijn bv;2952;4.95926;52.51;1999;1999;0.485872099;0.7;0.3;30;50;250;;0.651031631;LT
deen winkels bv;2953;4.96925;52.5089;1999;1999;0.242936049;0.7;0.3;30;50;250;;1.00146239;LT
deen winkels bv;2954;4.9528;52.5105;1999;1999;1.13370154;0.7;0.3;30;50;250;;1.00013967;LT
deen winkels bv;2955;4.96955;52.4942;1999;1999;0.242936049;0.7;0.3;30;50;250;;1.00071723;LT
deen winkels bv;2956;4.93861;52.4968;1999;1999;0.113370123;0.7;0.3;30;50;250;;1.00366181;LT
lidl nederland gmbh;2957;4.9556;52.5089;1999;1999;0.242936049;0.7;0.3;30;50;250;;1.00013967;LT
ligthart supermarkt vof;2958;4.96129;52.5201;1999;1999;0.048587222;0.7;0.3;30;50;250;;1.00733113;LT
plus;2959;4.95293;52.4945;1999;1999;0.242936049;0.7;0.3;30;50;250;;0;LT
vomar voordeelmarkt bv;2960;4.96005;52.5128;1999;1999;0.242936049;0.7;0.3;30;50;250;;0.291566196;LT
vomar voordeelmarkt bv;2961;4.96909;52.4937;1999;1999;0.242936049;0.7;0.3;30;50;250;;1.00071723;LT
albert heijn bv;3299;4.82677;52.2462;1999;1999;0.485872099;0.7;0.3;30;50;250;;1.00147008;LT
aldi;3300;4.81561;52.2423;1999;1999;0.048587222;0.7;0.3;30;50;250;;1.00853352;LT
coop supermarkten bv;3301;4.8305;52.2329;1999;1999;0.113370123;0.7;0.3;30;50;250;;0.148846936;LT
j g  reurings uithoorn bv;3302;4.82785;52.2465;1999;1999;0.113370123;0.7;0.3;30;50;250;;1.00147008;LT
supermarkt jos van den berg bv;3303;4.82876;52.2325;1999;1999;0.485872099;0.7;0.3;30;50;250;;0.148846936;LT
deka supermarkten bv;3402;4.59474;52.4491;1999;1999;0.113370123;0.7;0.3;30;50;250;;0;LT
deka supermarkten bv;3403;4.64543;52.472;1999;1999;0.113370123;0.7;0.3;30;50;250;;1.00491179;LT
deka supermarkten bv;3404;4.62992;52.4177;1999;1999;0.242936049;0.7;0.3;30;50;250;;1.00273303;LT
deka supermarkten bv;3406;4.64471;52.4333;1999;1999;0.113370123;0.7;0.3;30;50;250;;1.00040838;LT
ah landwaart kortenhoef bv;3560;5.11271;52.2401;1999;1999;0.242936049;0.7;0.3;30;50;250;;0.0736988096;LT
albert heijn bv;3561;5.04494;52.2642;1999;1999;0.113370123;0.7;0.3;30;50;250;;0.0980692232;LT
golff van kommer hilversum bv;3563;5.14044;52.1979;1999;1999;0.048587222;0.7;0.3;30;50;250;;1.03598428;LT
jumbo supermarkten bv;3564;5.11456;52.2398;1999;1999;0.048587222;0.7;0.3;30;50;250;;1.00385393;LT
supermarkt gebroeders van de bunt bv;3565;5.13879;52.2;1999;1999;0.113370123;0.7;0.3;30;50;250;;1.03598428;LT
albert heijn bv;3596;4.85143;52.4352;1999;1999;0.113370123;0.7;0.3;30;50;250;;1.03558334;LT
albert heijn bv;3597;4.83692;52.4441;1999;1999;0.485872099;0.7;0.3;30;50;250;;1.04617363;LT
albert heijn bv;3598;4.81739;52.4381;1999;1999;0.242936049;0.7;0.3;30;50;250;;1.0132912;LT
albert heijn bv;3599;4.75224;52.4887;1999;1999;0.113370123;0.7;0.3;30;50;250;;1.00415554;LT
albert heijn bv;3600;4.80256;52.4484;1999;1999;0.242936049;0.7;0.3;30;50;250;;1.00268688;LT
coop supermarkten bv;3602;4.77234;52.4641;1999;1999;0.048587222;0.7;0.3;30;50;250;;1.01283615;LT
coop supermarkten bv;3603;4.75328;52.5034;1999;1999;0.048587222;0.7;0.3;30;50;250;;2.33178592;LT
coop supermarkten bv;3604;4.74048;52.4673;1999;1999;0.113370123;0.7;0.3;30;50;250;;0;LT
coop supermarkten bv;3605;4.80035;52.4574;1999;1999;0.242936049;0.7;0.3;30;50;250;;1.00013683;LT
coop supermarkten bv;3606;4.78659;52.4948;1999;1999;0.113370123;0.7;0.3;30;50;250;;0.36814246;LT
deen winkels bv;3607;4.74766;52.4742;1999;1999;0.113370123;0.7;0.3;30;50;250;;0;LT
deen winkels bv;3608;4.81248;52.4387;1999;1999;0.242936049;0.7;0.3;30;50;250;;1.0132912;LT
deka supermarkten bv;3609;4.78068;52.4374;1999;1999;0.113370123;0.7;0.3;30;50;250;;1.00021618;LT
deka supermarkten bv;3610;4.80035;52.4574;1999;1999;0.242936049;0.7;0.3;30;50;250;;1.00013683;LT
deka supermarkten bv;3611;4.83558;52.4679;1999;1999;0.113370123;0.7;0.3;30;50;250;;1.06519223;LT
deka supermarkten bv;3612;4.83046;52.4392;1999;1999;0.048587222;0.7;0.3;30;50;250;;0;LT
deka supermarkten bv;3617;4.82241;52.4481;1999;1999;0.242936049;0.7;0.3;30;50;250;;1.00001106;LT
lidl nederland gmbh;3618;4.7407;52.4662;1999;1999;0.048587222;0.7;0.3;30;50;250;;0;LT
vomar voordeelmarkt bv;3619;4.75224;52.4887;1999;1999;0.113370123;0.7;0.3;30;50;250;;1.00415554;LT
vomar voordeelmarkt bv;3620;4.82299;52.4385;1999;1999;0.242936049;0.7;0.3;30;50;250;;0;LT
vomar voordeelmarkt bv;3621;4.85044;52.4392;1999;1999;0.113370123;0.7;0.3;30;50;250;;1.03558334;LT
albert heijn bv;3624;4.53104;52.3718;1999;1999;0.242936049;0.7;0.3;30;50;250;;1.00078846;LT
deka supermarkten bv;3625;4.52982;52.3711;1999;1999;0.113370123;0.7;0.3;30;50;250;;1.00078846;LT
onbekend slachthuis 39;3724;4.80731;52.3646;1999;1999;3;0.7;0.3;30;50;250;;1.00027453;LT
onbekend slachthuis 40;3725;4.80161;52.408;1999;1999;3;0.7;0.3;30;50;250;;0.0303717237;LT
onbekend slachthuis 41;3726;4.83235;52.3729;1999;1999;3;0.7;0.3;30;50;250;;0.776628895;LT
onbekend slachthuis 42;3727;4.77244;52.3526;1999;1999;3;0.7;0.3;30;50;250;;0.296263829;LT
onbekend slachthuis 43;3728;4.79229;52.3928;1999;1999;3;0.7;0.3;30;50;250;;0.100930184;LT
onbekend slachthuis 44;3729;4.86748;52.3763;1999;1999;3;0.7;0.3;30;50;250;;0.607123596;LT
onbekend slachthuis 45;3730;4.78308;52.391;1999;1999;3;0.7;0.3;30;50;250;;0.0686442105;LT
onbekend slachthuis 46;3731;4.86748;52.3763;1999;1999;3;0.7;0.3;30;50;250;;0.607123596;LT
onbekend slachthuis 47;3732;4.79229;52.3928;1999;1999;3;0.7;0.3;30;50;250;;0.100930184;LT
onbekend slachthuis 48;3733;4.8308;52.359;1999;1999;3;0.7;0.3;30;50;250;;0.481172816;LT
onbekend slachthuis 50;3735;4.77244;52.3526;1999;1999;3;0.7;0.3;30;50;250;;0.296263829;LT
onbekend slachthuis 51;3736;4.80191;52.3583;1999;1999;3;0.7;0.3;30;50;250;;0;LT
onbekend slachthuis 52;3737;4.87741;52.3845;1999;1999;3;0.7;0.3;30;50;250;;0.999053026;LT
onbekend slachthuis 53;3738;4.82159;52.3554;1999;1999;3;0.7;0.3;30;50;250;;1.0001551;LT
onbekend slachthuis 54;3739;4.84046;52.3764;1999;1999;3;0.7;0.3;30;50;250;;0.954259;LT
onbekend slachthuis 55;3740;4.80161;52.408;1999;1999;3;0.7;0.3;30;50;250;;0.0303717237;LT
onbekend slachthuis 57;3742;4.86748;52.3763;1999;1999;3;0.7;0.3;30;50;250;;0.607123596;LT
onbekend slachthuis 58;3743;4.87741;52.3845;1999;1999;3;0.7;0.3;30;50;250;;0.999053026;LT
onbekend slachthuis 101;3787;4.67228;52.4764;1999;1999;3;0.7;0.3;30;50;250;;0.0586970211;LT
onbekend slachthuis 102;3788;4.67044;52.4657;1999;1999;3;0.7;0.3;30;50;250;;0.00203894737;LT
onbekend slachthuis 106;3792;5.26408;52.2834;1999;1999;3;0.7;0.3;30;50;250;;0.134493029;LT
onbekend slachthuis 189;3875;5.0804;52.5071;1999;1999;3;0.7;0.3;30;50;250;;0;LT
onbekend slachthuis 190;3876;5.08077;52.5069;1999;1999;3;0.7;0.3;30;50;250;;0.0265591374;LT
onbekend slachthuis 193;3879;5.03777;52.5158;1999;1999;3;0.7;0.3;30;50;250;;0.0492085;LT
onbekend slachthuis 194;3880;5.03914;52.5156;1999;1999;3;0.7;0.3;30;50;250;;0.0492085;LT
onbekend slachthuis 245;3931;5.14583;52.2807;1999;1999;3;0.7;0.3;30;50;250;;0.0190447368;LT
onbekend slachthuis 246;3932;5.14917;52.2849;1999;1999;3;0.7;0.3;30;50;250;;0.174308938;LT
onbekend slachthuis 247;3933;5.16325;52.2948;1999;1999;3;0.7;0.3;30;50;250;;0.476187242;LT
onbekend slachthuis 258;3944;4.74918;52.361;1999;1999;3;0.7;0.3;30;50;250;;0.00144157895;LT
onbekend slachthuis 259;3945;4.69029;52.2936;1999;1999;3;0.7;0.3;30;50;250;;0.0504112782;LT
onbekend slachthuis 260;3946;4.68678;52.2412;1999;1999;3;0.7;0.3;30;50;250;;0.00705684211;LT
onbekend slachthuis 261;3947;4.75025;52.378;1999;1999;3;0.7;0.3;30;50;250;;0.199776744;LT
onbekend slachthuis 272;3958;4.60844;52.3289;1999;1999;3;0.7;0.3;30;50;250;;0.277174562;LT
onbekend slachthuis 303;3989;5.24475;52.3061;1999;1999;3;0.7;0.3;30;50;250;;0.0569967185;LT
onbekend slachthuis 304;3990;5.23163;52.3002;1999;1999;3;0.7;0.3;30;50;250;;0.251548273;LT
onbekend slachthuis 320;4006;4.92771;52.4844;1999;1999;3;0.7;0.3;30;50;250;;0;LT
onbekend slachthuis 321;4007;4.9061;52.4559;1999;1999;3;0.7;0.3;30;50;250;;0.00720757895;LT
onbekend slachthuis 447;4133;4.98802;52.5024;1999;1999;3;0.7;0.3;30;50;250;;0.180107487;LT
onbekend slachthuis 448;4134;4.98614;52.5191;1999;1999;3;0.7;0.3;30;50;250;;0.301455063;LT
onbekend slachthuis 449;4135;4.96089;52.5117;1999;1999;3;0.7;0.3;30;50;250;;0.291566196;LT
onbekend slachthuis 451;4137;4.94437;52.4915;1999;1999;3;0.7;0.3;30;50;250;;0;LT
onbekend slachthuis 452;4138;4.98235;52.5041;1999;1999;3;0.7;0.3;30;50;250;;0.180107487;LT
onbekend slachthuis 651;4337;4.58979;52.4611;1999;1999;3;0.7;0.3;30;50;250;;1.00012408;LT
onbekend slachthuis 652;4338;4.66046;52.4673;1999;1999;3;0.7;0.3;30;50;250;;5.81052632E-06;LT
onbekend slachthuis 653;4339;4.57975;52.4583;1999;1999;3;0.7;0.3;30;50;250;;0.0180980263;LT
onbekend slachthuis 654;4340;4.58094;52.4566;1999;1999;3;0.7;0.3;30;50;250;;0.153452316;LT
onbekend slachthuis 655;4341;4.58094;52.4566;1999;1999;3;0.7;0.3;30;50;250;;0.153452316;LT
onbekend slachthuis 657;4343;4.5789;52.4575;1999;1999;3;0.7;0.3;30;50;250;;0.0180980263;LT
onbekend slachthuis 680;4366;5.03052;52.453;1999;1999;3;0.7;0.3;30;50;250;;0.299578184;LT
onbekend slachthuis 681;4367;5.02871;52.4494;1999;1999;3;0.7;0.3;30;50;250;;0.299578184;LT
onbekend slachthuis 702;4388;5.04706;52.2574;1999;1999;3;0.7;0.3;30;50;250;;0.0980692232;LT
onbekend slachthuis 703;4389;5.11294;52.2401;1999;1999;3;0.7;0.3;30;50;250;;0.0736988096;LT
onbekend slachthuis 717;4403;4.83713;52.4353;1999;1999;3;0.7;0.3;30;50;250;;0;LT
onbekend slachthuis 718;4404;4.84251;52.4509;1999;1999;3;0.7;0.3;30;50;250;;0.448223684;LT
onbekend slachthuis 720;4406;4.81598;52.4631;1999;1999;3;0.7;0.3;30;50;250;;0.0635177368;LT
onbekend slachthuis 721;4407;4.78392;52.4955;1999;1999;3;0.7;0.3;30;50;250;;0.36814246;LT
onbekend slachthuis 722;4408;4.8057;52.4406;1999;1999;3;0.7;0.3;30;50;250;;0.119366684;LT
onbekend slachthuis 723;4409;4.85371;52.4191;1999;1999;3;0.7;0.3;30;50;250;;0.0124473684;LT
onbekend slachthuis 724;4410;4.85371;52.4191;1999;1999;3;0.7;0.3;30;50;250;;0.0124473684;LT
yakhlaf vof;4450;4.81682;52.4298;1999;1999;3;0.7;0.3;30;50;250;;0.0240523263;LT
rwzi   aalsmeer;4456;4.7768;52.2666;1999;1999;0.60474537;0.7;0.3;30;50;250;;0.0943497549;LT
rwzi   amstelveen;4476;4.89242;52.312;1999;1999;4.60380556;0.7;0.3;30;50;250;;0.00131630233;LT
rwzi   amsterdam west;4477;4.79427;52.3983;1999;1999;34.7056111;0.7;0.3;30;50;250;;0.00209766323;LT
rwzi   westpoort;4478;4.80063;52.4147;1999;1999;9.9275;0.7;0.3;30;50;250;;0.00326188021;LT
rwzi   blaricum;4496;5.24627;52.2643;1999;1999;2.23513889;0.7;0.3;30;50;250;;0.0314853948;LT
rwzi   oosthuizen;4534;4.98899;52.584;1999;1999;0.383166667;0.7;0.3;30;50;250;;0.435087704;LT
rwzi   haarlem schalkwijk;4558;4.67165;52.3681;1999;1999;1.93518518;0.7;0.3;30;50;250;;0.203579946;LT
rwzi   haarlem waarderpolder;4559;4.66549;52.3973;1999;1999;6.0474537;0.7;0.3;30;50;250;;0.00697444473;LT
rwzi   rijsenhout;4560;4.72372;52.2718;1999;1999;1.26996528;0.7;0.3;30;50;250;;0.00203838975;LT
rwzi   zwaanshoek;4561;4.60503;52.3021;1999;1999;2.90277778;0.7;0.3;30;50;250;;0.0393493013;LT
rwzi   heemstede;4569;4.63343;52.3419;1999;1999;1.33043982;0.7;0.3;30;50;250;;0.324677601;LT
rwzi   hilversum;4586;5.20324;52.2231;1999;1999;4.6;0.7;0.3;30;50;250;;0.25140079;LT
rwzi   huizen;4598;5.24044;52.3086;1999;1999;1.59652778;0.7;0.3;30;50;250;;0.0569967185;LT
rwzi   uithoorn;4743;4.82966;52.24;1999;1999;1.50363889;0.7;0.3;30;50;250;;0.113151293;LT
rwzi   velsen;4749;4.66034;52.4589;1999;1999;6.44416667;0.7;0.3;30;50;250;;0.0360661308;LT
rwzi   katwoude;4765;5.03159;52.4849;1999;1999;5.66041667;0.7;0.3;30;50;250;;0.000938790848;LT
rwzi   horstermeer;4786;5.09268;52.256;1999;1999;4.51672222;0.7;0.3;30;50;250;;0.00470637055;LT
forbo flooring bv;4838;4.76691;52.4882;1999;1999;24;0.7;0.3;30;50;250;;0.00882334539;LT
freshport bv;4897;4.74132;52.2955;1999;1999;2;0.7;0.3;30;50;250;;0.00299242105;LT
frigo nieuw vennep bv;4898;4.58951;52.263;1999;1999;2;0.7;0.3;30;50;250;;0.0416976316;LT
daalimpex velsen b v ;4949;4.66352;52.4652;1999;1999;2;0.7;0.3;30;50;250;;5.81052632E-06;LT
j  kloos holland bv   van maanen;4951;4.59216;52.4603;1999;1999;2;0.7;0.3;30;50;250;;1.00012408;LT
vriescentrum vink beverwijk bv;4978;4.66589;52.4729;1999;1999;2;0.7;0.3;30;50;250;;0.0586970211;LT
kloosterboer ijmuiden bv;5010;4.58204;52.4618;1999;1999;2;0.7;0.3;30;50;250;;0;LT
albert heijn bv;5017;4.80442;52.427;1999;1999;2;0.7;0.3;30;50;250;;0.0240523263;LT
w_gemaal_761;5351;4.62853;52.3019;1999;1999;1;0.7;0.3;30;50;250;;0;LT
w_gemaal_764;5352;4.68573;52.3005;1999;1999;1;0.7;0.3;30;50;250;;1.00029294;LT
w_gemaal_771;5353;4.59645;52.2918;1999;1999;1;0.7;0.3;30;50;250;;0.0393493013;LT
w_gemaal_802;5354;4.56912;52.2638;1999;1999;1;0.7;0.3;30;50;250;;0.0416976316;LT
w_gemaal_635;5402;5.02404;52.5222;1999;1999;2;0.7;0.3;30;50;250;;0.00871539474;LT
w_gemaal_639;5403;4.98726;52.5158;1999;1999;2;0.7;0.3;30;50;250;;0.301455063;LT
w_gemaal_647;5425;4.7929;52.5087;1999;1999;2;0.7;0.3;30;50;250;;0.0102386842;LT
w_gemaal_653;5426;4.7753;52.5032;1999;1999;2;0.7;0.3;30;50;250;;0.560720645;LT
w_gemaal_783;5428;4.78717;52.2795;1999;1999;3;0.7;0.3;30;50;250;;0.00306496136;LT
w_gemaal_800;5429;4.77416;52.2668;1999;1999;3;0.7;0.3;30;50;250;;0.0943497549;LT
w_gemaal_750;5439;4.81891;52.3183;1999;1999;3;0.7;0.3;30;50;250;;0.0246801053;LT
w_gemaal_36;5440;4.99089;52.3053;1999;1999;3;0.7;0.3;30;50;250;;0.925448474;LT
w_gemaal_38;5441;4.82598;52.332;1999;1999;3;0.7;0.3;30;50;250;;0.0246801053;LT
w_gemaal_40;5442;4.81862;52.3654;1999;1999;3;0.7;0.3;30;50;250;;0.0733638421;LT
w_gemaal_695;5443;4.86306;52.4299;1999;1999;3;0.7;0.3;30;50;250;;0.0111770526;LT
w_gemaal_708;5444;4.90887;52.4086;1999;1999;3;0.7;0.3;30;50;250;;0;LT
w_gemaal_716;5445;4.95317;52.3872;1999;1999;3;0.7;0.3;30;50;250;;0;LT
w_gemaal_735;5446;4.78187;52.346;1999;1999;3;0.7;0.3;30;50;250;;1.00002647;LT
w_gemaal_37;5493;4.66427;52.3491;1999;1999;3;0.7;0.3;30;50;250;;0.75735575;LT
w_gemaal_41;5494;4.65057;52.2971;1999;1999;3;0.7;0.3;30;50;250;;0.141571316;LT
w_gemaal_43;5495;4.67241;52.3262;1999;1999;3;0.7;0.3;30;50;250;;0.000921578947;LT
w_gemaal_44;5496;4.67349;52.4049;1999;1999;3;0.7;0.3;30;50;250;;0;LT
w_gemaal_45;5497;4.65142;52.2972;1999;1999;3;0.7;0.3;30;50;250;;0.141571316;LT
w_gemaal_763;5498;4.80006;52.302;1999;1999;3;0.7;0.3;30;50;250;;0.0114449346;LT
w_gemaal_767;5499;4.73416;52.2972;1999;1999;3;0.7;0.3;30;50;250;;0.00299242105;LT
w_gemaal_779;5500;4.77688;52.2821;1999;1999;3;0.7;0.3;30;50;250;;0.000708157895;LT
w_gemaal_665;5512;4.94637;52.4806;1999;1999;3;0.7;0.3;30;50;250;;0;LT
w_gemaal_658;5559;4.95804;52.4914;1999;1999;3;0.7;0.3;30;50;250;;0;LT
w_gemaal_33;5600;4.67065;52.426;1999;1999;3;0.7;0.3;30;50;250;;0;LT
w_gemaal_684;5618;4.75402;52.4465;1999;1999;3;0.7;0.3;30;50;250;;0.0304293684;LT
w_gemaal_688;5619;4.7497;52.4402;1999;1999;3;0.7;0.3;30;50;250;;0.0304293684;LT
w_gemaal_689;5620;4.82619;52.4388;1999;1999;3;0.7;0.3;30;50;250;;0;LT
w_gemaal_691;5621;4.82327;52.4369;1999;1999;3;0.7;0.3;30;50;250;;0;LT
w_gemaal_742;5640;4.95071;52.3386;1999;1999;4;0.7;0.3;30;50;250;;1.00004568;LT
w_gemaal_714;5645;4.69021;52.3886;1999;1999;4;0.7;0.3;30;50;250;;0.00484381579;LT
w_gemaal_718;5646;4.70646;52.3824;1999;1999;4;0.7;0.3;30;50;250;;0.00108698684;LT
w_gemaal_806;5647;4.63809;52.2562;1999;1999;4;0.7;0.3;30;50;250;;0.0106701316;LT
abn amro datacenter;7150;4.87332;52.3128;1999;1999;13;0.7;0.3;30;50;250;;0.215984927;LT
abn amro datacenter;7151;4.87099;52.2968;1999;1999;13;0.7;0.3;30;50;250;;0.13702285;LT
dataplace  graan voor visch zuid;7152;4.68455;52.2904;1999;1999;4;0.7;0.3;30;50;250;;0.0504112782;LT
cyrusone  polanerpark;7155;4.70078;52.3822;1999;1999;72;0.7;0.3;30;50;250;;1.21052632E-06;LT
cogent datacenter amsterdam;7158;4.71715;52.3845;1999;1999;4;0.7;0.3;30;50;250;;0.00108698684;LT
atom86;7159;4.75081;52.275;1999;1999;7;0.7;0.3;30;50;250;;0.019082594;LT
interoute communications ltd;7162;4.75608;52.2794;1999;1999;13;0.7;0.3;30;50;250;;0.000163360324;LT
verizon schiphol;7164;4.80167;52.3223;1999;1999;13;0.7;0.3;30;50;250;;0.0139393603;LT
interxion ams 8;7166;4.7434;52.2762;1999;1999;15;0.7;0.3;30;50;250;;0.000239631579;LT
digital realty trust   de president business park  jan wijsmullerdreef;7170;4.67687;52.2904;1999;1999;36;0.7;0.3;30;50;250;;0.0186901754;LT
nldc   aalsmeer;7171;4.77336;52.2598;1999;1999;13;0.7;0.3;30;50;250;;0.00105327935;LT
coolwave carrier1  amsterdam  amsterdam;7185;4.86341;52.3951;1999;1999;13;0.7;0.3;30;50;250;;0.0439695121;LT
eweka dc  amsterdam;7186;4.82887;52.4084;1999;1999;13;0.7;0.3;30;50;250;;0.00637389474;LT
is group  amsterdam;7187;4.84937;52.396;1999;1999;13;0.7;0.3;30;50;250;;0.0185708502;LT
level3 amsterdam  amsterdam zuidoost;7188;4.94859;52.2964;1999;1999;0.277777778;0.7;0.3;30;50;250;;0.518319;LT
pink roccade  amsterdam  amsterdam;7190;4.95304;52.3003;1999;1999;13;0.7;0.3;30;50;250;;0.00738571457;LT
schuberg philis   xs4all dc2  amsterdam;7191;4.89222;52.3731;1999;1999;13;0.7;0.3;30;50;250;;0.537612771;LT
sorbie  amsterdam;7192;4.84658;52.3904;1999;1999;13;0.7;0.3;30;50;250;;0.185712213;LT
tele2  amsterdam 1   amsterdam  amsterdam;7193;4.95501;52.2992;1999;1999;13;0.7;0.3;30;50;250;;0.0202874696;LT
vancis  amsterdam;7195;4.95427;52.3569;1999;1999;13;0.7;0.3;30;50;250;;0.00444925506;LT
viatel  amsterdam  amsterdam;7196;4.8404;52.3565;1999;1999;13;0.7;0.3;30;50;250;;0.249688287;LT
century link amsterdam;7197;4.94542;52.2957;1999;1999;2.25694444;0.7;0.3;30;50;250;;0.00417305422;LT
databarn amsterdam b v ;7199;4.85115;52.3964;1999;1999;0.104166667;0.7;0.3;30;50;250;;1.38270377;LT
datacenter com;7200;4.93601;52.3095;1999;1999;2.70833333;0.7;0.3;30;50;250;;0.104746766;LT
dca;7201;4.87123;52.3955;1999;1999;13;0.7;0.3;30;50;250;;0.141600607;LT
digital realty trust   naritaweg;7203;4.82676;52.3881;1999;1999;1.18055556;0.7;0.3;30;50;250;;0.365542282;LT
digital realty trust nl   h j e  wenckebachweg;7205;4.932;52.3365;1999;1999;6.04166667;0.7;0.3;30;50;250;;0.195232221;LT
equinix am4;7208;4.96039;52.3546;1999;1999;13;0.7;0.3;30;50;250;;0.288848848;LT
equinix am5;7209;4.94551;52.2938;1999;1999;3.26388889;0.7;0.3;30;50;250;;0.00417305422;LT
equinix am6;7210;4.93307;52.3372;1999;1999;3.26388889;0.7;0.3;30;50;250;;0.713355721;LT
equinix am7;7211;4.93794;52.3031;1999;1999;1.84027778;0.7;0.3;30;50;250;;0.005362027;LT
global switch;7214;4.82887;52.344;1999;1999;13.6805556;0.7;0.3;30;50;250;;0.117250668;LT
globalone;7215;4.83227;52.3857;1999;1999;13;0.7;0.3;30;50;250;;0.290449828;LT
kpn datacenter amsterdam;7220;4.95511;52.3003;1999;1999;1.04166667;0.7;0.3;30;50;250;;1.00275108;LT
nikhef housing;7221;4.95104;52.3562;1999;1999;13;0.7;0.3;30;50;250;;0.117051765;LT
rdc datacentrum;7222;4.88552;52.3342;1999;1999;13;0.7;0.3;30;50;250;;0.14393032;LT
switch datacenters   amsterdam;7223;4.93931;52.304;1999;1999;4.54861111;0.7;0.3;30;50;250;;0.005362027;LT
the datacenter group  tdcg    amsterdam;7224;4.84924;52.3934;1999;1999;1.45833333;0.7;0.3;30;50;250;;1.38270377;LT
xs4all dc2;7227;4.88689;52.3363;1999;1999;13;0.7;0.3;30;50;250;;0.0281269494;LT
alticom haarlem;7292;4.6699;52.388;1999;1999;13;0.7;0.3;30;50;250;;0.00518823887;LT
evoswitch;7293;4.66473;52.3917;1999;1999;13;0.7;0.3;30;50;250;;0.00991809717;LT
cellnex  vml alticom ;7310;5.16496;52.2424;1999;1999;0.1;0.7;0.3;30;50;250;;1.00092244;LT
nep  vml tcn ;7312;5.17266;52.2351;1999;1999;0.7;0.7;0.3;30;50;250;;0.192617517;LT
ericsson   redbee broadcast services;7313;5.16913;52.2413;1999;1999;1.06395548;0.7;0.3;30;50;250;;1.00092244;LT
kpn bunker  bussum;7319;5.1971;52.2704;1999;1999;13;0.7;0.3;30;50;250;;0.0356061134;LT
global crossing  amsterdam;7341;4.93194;52.3347;1999;1999;13;0.7;0.3;30;50;250;;0.018310336;LT
colt   duivendrecht;7342;4.92618;52.3283;1999;1999;13;0.7;0.3;30;50;250;;0.0386374555;LT
alticom wormer  wormer;7393;4.79685;52.4974;1999;1999;13;0.7;0.3;30;50;250;;0.0350560445;LT
dataone datacenter wormer;7394;4.7976;52.4949;1999;1999;13;0.7;0.3;30;50;250;;0.0549321073;LT
interoute  zandvoort  zandvoort;7396;4.53405;52.3844;1999;1999;13;0.7;0.3;30;50;250;;0.119498672;LT
equinix am3;7402;4.95904;52.3563;1999;1999;1.45833333;0.7;0.3;30;50;250;;1.00029974;LT
nldc;7404;4.78815;52.2926;1999;1999;3.54166667;0.7;0.3;30;50;250;;0.0114449346;LT
