BU_CODE;I01_buurtcode;I02_buurtnaam;I03_wijkcode;I04_wijknaam;I05_gemeentecode;I06_gemeentenaam;I07_energieregionaam;I08_provincienaam;I09_aantal_woningen;I10_aantal_utiliteit;I11_woningequivalenten;I12_opp_woningen;I13_opp_utiliteit;Uitgesloten;Woning_H01_Vraag_Totaal;Woning_H02_Vraag_Ruimteverwarming;Woning_H03_Vraag_Tapwater;Woning_H04_Vraag_Ventilatie;Woning_H05_Vraag_Koude;Woning_H06_Vraag_Apparaten;Woning_H07_Vraag_perhectare;Woning_H08_Input_Totaal;Woning_H09_Input_Aardgas;Woning_H10_Input_Duurzaamgas;Woning_H11_Input_Elektriciteit;Woning_H12_Input_MTwarmte;Woning_H13_Input_LTwarmte;Woning_H14_Saldo_Omgevingswarmte;Woning_H15_CO2_uitstoot;Woning_H16_Nat_meerkost;Woning_H17_Nat_meerkost_CO2;Woning_H18_Nat_meerkost_WEQ;Woning_H19_Waarde_hernieuwbaar_gas;Woning_A01_Aansl_aardgas;Woning_A02_Aansl_eWP;Woning_A03_Aansl_MT;Woning_A04_Aansl_LT;Woning_A05_Aansl_hWP_HG;Woning_A06_Aansl_HR_HG;Woning_A10_Aansl_LT_WKO;Woning_A11_Aansl_LT_LT15_30;Woning_A12_Aansl_LT_LT15_50;Woning_A13_Aansl_LT_LT15_70;Woning_A14_Aansl_LT_LT30_30;Woning_A15_Aansl_LT_LT30_50;Woning_A16_Aansl_LT_LT30_70;Woning_A17_Aansl_LT_TEO;Woning_A18_Aansl_LT_BuurtWKO;Woning_A19_Aansl_MT_Restwarmte;Woning_A20_Aansl_MT_Geothermie;Woning_A21_Aansl_MT_WijkWKK;Woning_A22_Aansl_MT_BioWKK;Woning_A23_Aansl_H2;Woning_A30_Aansl_LabelA;Woning_A31_Aansl_LabelB;Woning_A32_Aansl_LabelC;Woning_A33_Aansl_LabelD;Woning_A34_Aansl_LabelE;Woning_A35_Aansl_LabelF;Util_H01_Vraag_Totaal;Util_H02_Vraag_Ruimteverwarming;Util_H03_Vraag_Tapwater;Util_H04_Vraag_Ventilatie;Util_H05_Vraag_Koude;Util_H06_Vraag_Apparaten;Util_H07_Vraag_perhectare;Util_H08_Input_Totaal;Util_H09_Input_Aardgas;Util_H10_Input_Duurzaamgas;Util_H11_Input_Elektriciteit;Util_H12_Input_MTwarmte;Util_H13_Input_LTwarmte;Util_H14_Saldo_Omgevingswarmte;Util_H15_CO2_uitstoot;Util_H16_Nat_meerkost;Util_H17_Nat_meerkost_CO2;Util_H18_Nat_meerkost_WEQ;Util_H19_Waarde_hernieuwbaar_gas;Util_A01_Aansl_aardgas;Util_A02_Aansl_eWP;Util_A03_Aansl_MT;Util_A04_Aansl_LT;Util_A05_Aansl_hWP_HG;Util_A06_Aansl_HR_HG;Util_A10_Aansl_LT_WKO;Util_A11_Aansl_LT_LT15_30;Util_A12_Aansl_LT_LT15_50;Util_A13_Aansl_LT_LT15_70;Util_A14_Aansl_LT_LT30_30;Util_A15_Aansl_LT_LT30_50;Util_A16_Aansl_LT_LT30_70;Util_A17_Aansl_LT_TEO;Util_A18_Aansl_LT_BuurtWKO;Util_A19_Aansl_MT_Restwarmte;Util_A20_Aansl_MT_Geothermie;Util_A21_Aansl_MT_WijkWKK;Util_A22_Aansl_MT_BioWKK;Util_A23_Aansl_H2;nr_OrgEntity
BU03760101;BU03760101;Bijvanck;WK037601;Blaricum;GM0376;Blaricum;Noord-Holland Zuid;Noord-Holland;1814;98;1893;219392;10188;False;38;21;8;1;0;9;530;38;0;15;15;0;0;8;0;1467611;414;776;0;0;0;0;0;1814;0;0;0;0;0;0;0;0;0;0;0;0;0;0;0;233;1581;0;0;0;0;3;1;0;0;0;2;18;3;0;1;2;0;0;0;0;1467611;414;776;0;0;0;0;0;98;0;0;0;0;0;0;0;0;0;0;0;0;0;0;0;1531
BU03760102;BU03760102;Blaricum-Dorp;WK037601;Blaricum;GM0376;Blaricum;Noord-Holland Zuid;Noord-Holland;2249;185;2577;332147;42635;False;47;30;8;1;0;8;254;47;0;17;17;0;0;13;0;3407639;452;1322;0;0;0;0;0;2249;0;0;0;0;0;0;0;0;0;0;0;0;0;0;0;213;2036;0;0;0;0;10;3;0;0;2;5;18;10;0;2;6;0;0;2;0;3407639;452;1322;0;0;0;0;0;185;0;0;0;0;0;0;0;0;0;0;0;0;0;0;0;1532
BU03760103;BU03760103;Blaricummer Heide;WK037601;Blaricum;GM0376;Blaricum;Noord-Holland Zuid;Noord-Holland;1;3;9;200;996;False;8;6;1;0;0;1;1;8;0;3;3;0;0;3;0;10805;274;1247;0;0;0;0;0;1;0;0;0;0;0;0;0;0;0;0;0;0;0;0;0;0;1;0;0;0;0;76;24;3;0;29;21;3;76;0;22;30;0;0;25;0;10805;274;1247;0;0;0;0;0;3;0;0;0;0;0;0;0;0;0;0;0;0;0;0;0;1533
BU03760104;BU03760104;Blaricummermeent;WK037601;Blaricum;GM0376;Blaricum;Noord-Holland Zuid;Noord-Holland;914;142;1031;129433;15205;False;31;16;7;0;0;8;331;31;0;10;12;12;0;-3;0;361540;229;351;0;0;0;393;0;521;0;0;0;0;0;0;0;0;0;0;393;0;0;0;0;905;9;0;0;0;0;5;2;0;0;1;2;30;5;0;4;6;12;0;-17;0;361540;229;351;0;0;0;61;0;81;0;0;0;0;0;0;0;0;0;0;61;0;0;0;0;1534
BU03760105;BU03760105;Crailo;WK037601;Blaricum;GM0376;Blaricum;Noord-Holland Zuid;Noord-Holland;56;5;355;11012;38814;False;10;7;1;0;0;1;81;10;0;3;3;0;0;3;0;431899;374;1218;0;0;0;0;0;56;0;0;0;0;0;0;0;0;0;0;0;0;0;0;0;10;46;0;0;0;0;77;42;4;0;6;26;454;77;0;36;30;0;0;11;0;431899;374;1218;0;0;0;0;0;5;0;0;0;0;0;0;0;0;0;0;0;0;0;0;0;1535
BU03760106;BU03760106;De Kampen;WK037601;Blaricum;GM0376;Blaricum;Noord-Holland Zuid;Noord-Holland;1;0;1;200;0;False;69;49;9;2;0;10;0;69;0;23;24;0;0;23;0;1838;457;1838;0;0;0;0;0;1;0;0;0;0;0;0;0;0;0;0;0;0;0;0;0;0;1;0;0;0;0;0;0;0;0;0;0;0;0;0;0;0;0;0;0;0;1838;457;1838;0;0;0;0;0;0;0;0;0;0;0;0;0;0;0;0;0;0;0;0;0;1536
BU03760107;BU03760107;Eemmeer-Blaricum;WK037601;Blaricum;GM0376;Blaricum;Noord-Holland Zuid;Noord-Holland;0;0;0;0;0;False;0;0;0;0;0;0;0;0;0;0;0;0;0;0;0;0;0;0;0;0;0;0;0;0;0;0;0;0;0;0;0;0;0;0;0;0;0;0;0;0;0;0;0;0;0;0;0;0;0;0;0;0;0;0;0;0;0;0;0;0;0;0;0;0;0;0;0;0;0;0;0;0;0;0;0;0;0;0;0;0;0;0;0;0;1537
BU03760108;BU03760108;Stichtsebrug;WK037601;Blaricum;GM0376;Blaricum;Noord-Holland Zuid;Noord-Holland;0;3;1;0;118;False;0;0;0;0;0;0;0;0;0;0;0;0;0;0;0;2059;794;2268;0;0;0;0;0;0;0;0;0;0;0;0;0;0;0;0;0;0;0;0;0;0;0;0;0;0;0;103;45;4;0;33;20;2;103;0;38;32;0;0;32;0;2059;794;2268;0;0;0;0;0;3;0;0;0;0;0;0;0;0;0;0;0;0;0;0;0;1538
BU03760109;BU03760109;Warandepark-De Eng;WK037601;Blaricum;GM0376;Blaricum;Noord-Holland Zuid;Noord-Holland;1;1;2;83;95;False;29;18;5;0;0;6;0;29;0;11;10;0;0;8;0;2227;320;1287;0;0;0;0;0;1;0;0;0;0;0;0;0;0;0;0;0;0;0;0;0;0;1;0;0;0;0;37;13;2;0;15;7;0;37;0;12;12;0;0;13;0;2227;320;1287;0;0;0;0;0;1;0;0;0;0;0;0;0;0;0;0;0;0;0;0;0;1539
BU04020101;BU04020101;Centrum;WK040201;Centrum;GM0402;Hilversum;Noord-Holland Zuid;Noord-Holland;1922;545;3836;174700;248751;False;16;8;4;0;0;4;1133;16;0;7;7;0;0;3;0;3109861;411;811;0;0;0;0;0;1922;0;0;0;0;0;0;0;0;0;0;0;0;0;0;0;385;1537;0;0;0;0;46;9;1;0;7;29;923;46;0;7;32;0;0;7;0;3109861;411;811;0;0;0;0;0;545;0;0;0;0;0;0;0;0;0;0;0;0;0;0;0;1885
BU04020102;BU04020102;Havenstraatbuurt;WK040201;Centrum;GM0402;Hilversum;Noord-Holland Zuid;Noord-Holland;1532;196;1744;128565;27500;False;30;15;7;0;0;8;1752;30;0;12;12;0;0;6;0;1507850;457;865;0;0;0;0;0;1532;0;0;0;0;0;0;0;0;0;0;0;0;0;0;0;196;1336;0;0;0;0;11;2;0;0;2;7;158;11;0;2;8;0;0;2;0;1507850;457;865;0;0;0;0;0;196;0;0;0;0;0;0;0;0;0;0;0;0;0;0;0;1886
BU04020103;BU04020103;Sint Vitusbuurt;WK040201;Centrum;GM0402;Hilversum;Noord-Holland Zuid;Noord-Holland;837;57;1022;72019;24048;False;30;16;6;0;0;8;1127;30;0;12;12;0;0;6;0;960190;436;940;0;0;0;0;0;837;0;0;0;0;0;0;0;0;0;0;0;0;0;0;0;40;797;0;0;0;0;11;3;0;0;2;6;168;11;0;3;6;0;0;2;0;960190;436;940;0;0;0;0;0;57;0;0;0;0;0;0;0;0;0;0;0;0;0;0;0;1887
BU04020104;BU04020104;Langgewenstbuurt;WK040201;Centrum;GM0402;Hilversum;Noord-Holland Zuid;Noord-Holland;994;261;1798;78864;104436;False;18;9;4;0;0;5;1125;18;0;7;7;0;0;3;0;1657656;519;922;0;0;0;0;0;994;0;0;0;0;0;0;0;0;0;0;0;0;0;0;0;147;847;0;0;0;0;39;7;0;0;6;25;644;39;0;6;27;0;0;6;0;1657656;519;922;0;0;0;0;0;261;0;0;0;0;0;0;0;0;0;0;0;0;0;0;0;1888
BU04020201;BU04020201;Boomberg;WK040202;Noordwest;GM0402;Hilversum;Noord-Holland Zuid;Noord-Holland;1537;211;2217;194721;88380;False;31;19;5;1;0;6;588;31;0;11;11;0;0;8;0;2439481;418;1100;0;0;0;0;0;1537;0;0;0;0;0;0;0;0;0;0;0;0;0;0;0;78;1459;0;0;0;0;23;6;0;0;4;12;155;23;0;5;14;0;0;4;0;2439481;418;1100;0;0;0;0;0;211;0;0;0;0;0;0;0;0;0;0;0;0;0;0;0;1889
BU04020202;BU04020202;Raadhuiskwartier;WK040202;Noordwest;GM0402;Hilversum;Noord-Holland Zuid;Noord-Holland;643;89;1020;100253;48889;False;34;21;6;1;0;6;604;34;0;12;12;0;0;9;0;1194468;361;1172;0;0;0;0;0;643;0;0;0;0;0;0;0;0;0;0;0;0;0;0;0;77;566;0;0;0;0;35;9;0;0;6;19;209;35;0;7;21;0;0;6;0;1194468;361;1172;0;0;0;0;0;89;0;0;0;0;0;0;0;0;0;0;0;0;0;0;0;1890
BU04020203;BU04020203;Trompenberg-Zuid;WK040202;Noordwest;GM0402;Hilversum;Noord-Holland Zuid;Noord-Holland;471;59;1177;52807;91755;False;15;9;3;0;0;3;466;15;0;6;6;0;0;4;0;1038078;322;882;0;0;0;0;0;471;0;0;0;0;0;0;0;0;0;0;0;0;0;0;0;19;452;0;0;0;0;60;16;1;0;10;33;677;60;0;13;37;0;0;10;0;1038078;322;882;0;0;0;0;0;59;0;0;0;0;0;0;0;0;0;0;0;0;0;0;0;1891
BU04020204;BU04020204;Villaparken;WK040202;Noordwest;GM0402;Hilversum;Noord-Holland Zuid;Noord-Holland;580;57;853;95114;35480;False;35;23;6;1;0;6;198;35;0;13;13;0;0;10;0;966004;406;1133;0;0;0;0;0;580;0;0;0;0;0;0;0;0;0;0;0;0;0;0;0;131;449;0;0;0;0;21;6;0;0;3;11;47;21;0;5;13;0;0;3;0;966004;406;1133;0;0;0;0;0;57;0;0;0;0;0;0;0;0;0;0;0;0;0;0;0;1892
BU04020205;BU04020205;Trompenberg-Noord;WK040202;Noordwest;GM0402;Hilversum;Noord-Holland Zuid;Noord-Holland;287;24;366;45447;10177;False;42;27;7;1;0;7;327;42;0;15;15;0;0;12;0;406194;359;1112;0;0;0;0;0;287;0;0;0;0;0;0;0;0;0;0;0;0;0;0;0;48;239;0;0;0;0;21;6;0;0;3;11;63;21;0;5;12;0;0;4;0;406194;359;1112;0;0;0;0;0;24;0;0;0;0;0;0;0;0;0;0;0;0;0;0;0;1893
BU04020206;BU04020206;Media Park;WK040202;Noordwest;GM0402;Hilversum;Noord-Holland Zuid;Noord-Holland;7;99;2427;1280;314474;False;0;0;0;0;0;0;7;0;0;0;0;0;0;0;0;2189062;353;902;0;0;0;0;0;7;0;0;0;0;0;0;0;0;0;0;0;0;0;0;0;0;7;0;0;0;0;96;26;1;0;19;49;1161;96;0;20;56;0;0;19;0;2189062;353;902;0;0;0;0;0;99;0;0;0;0;0;0;0;0;0;0;0;0;0;0;0;1894
BU04020301;BU04020301;Havenkwartier;WK040203;Zuidwest;GM0402;Hilversum;Noord-Holland Zuid;Noord-Holland;16;118;714;1284;90667;False;1;0;0;0;0;0;7;1;0;0;0;0;0;0;0;659090;749;924;0;0;0;0;0;16;0;0;0;0;0;0;0;0;0;0;0;0;0;0;0;0;16;0;0;0;0;65;16;1;0;8;41;193;65;0;12;44;0;0;8;0;659090;749;924;0;0;0;0;0;118;0;0;0;0;0;0;0;0;0;0;0;0;0;0;0;1895
BU04020302;BU04020302;Het Rode Dorp;WK040203;Zuidwest;GM0402;Hilversum;Noord-Holland Zuid;Noord-Holland;616;9;624;65337;1007;False;41;23;8;1;0;10;1489;41;0;15;16;0;0;9;0;630661;448;1011;0;0;0;0;0;616;0;0;0;0;0;0;0;0;0;0;0;0;0;0;0;0;616;0;0;0;0;1;0;0;0;0;1;7;1;0;0;1;0;0;0;0;630661;448;1011;0;0;0;0;0;9;0;0;0;0;0;0;0;0;0;0;0;0;0;0;0;1896
BU04020303;BU04020303;Zeverijn;WK040203;Zuidwest;GM0402;Hilversum;Noord-Holland Zuid;Noord-Holland;845;80;972;84717;16438;False;32;18;6;1;0;8;920;32;0;12;13;0;0;7;0;833511;453;858;0;0;0;0;0;845;0;0;0;0;0;0;0;0;0;0;0;0;0;0;0;218;627;0;0;0;0;7;2;0;0;1;4;71;7;0;1;5;0;0;1;0;833511;453;858;0;0;0;0;0;80;0;0;0;0;0;0;0;0;0;0;0;0;0;0;0;1897
BU04020304;BU04020304;Kerkelanden;WK040203;Zuidwest;GM0402;Hilversum;Noord-Holland Zuid;Noord-Holland;3034;490;3887;289196;110806;False;28;15;5;0;0;7;568;28;0;11;11;0;0;6;0;3289628;494;846;0;0;0;0;0;3034;0;0;0;0;0;0;0;0;0;0;0;0;0;0;0;213;2821;0;0;0;0;16;4;0;0;2;9;124;16;0;3;10;0;0;2;0;3289628;494;846;0;0;0;0;0;490;0;0;0;0;0;0;0;0;0;0;0;0;0;0;0;1898
BU04020401;BU04020401;Bloemenkwartier Noord;WK040204;Zuid;GM0402;Hilversum;Noord-Holland Zuid;Noord-Holland;1310;216;1478;131885;21764;False;36;20;7;1;0;9;1473;36;0;14;14;0;0;8;0;1652359;507;1118;0;0;0;0;0;1310;0;0;0;0;0;0;0;0;0;0;0;0;0;0;0;31;1279;0;0;0;0;8;2;0;0;1;6;87;8;0;1;6;0;0;1;0;1652359;507;1118;0;0;0;0;0;216;0;0;0;0;0;0;0;0;0;0;0;0;0;0;0;1899
BU04020402;BU04020402;Bloemenkwartier Zuid;WK040204;Zuid;GM0402;Hilversum;Noord-Holland Zuid;Noord-Holland;2309;154;2497;218800;24324;False;37;20;7;1;0;9;1148;37;0;14;15;0;0;8;0;2532076;476;1014;0;0;0;0;0;2309;0;0;0;0;0;0;0;0;0;0;0;0;0;0;0;269;2040;0;0;0;0;6;1;0;0;1;4;59;6;0;1;4;0;0;1;0;2532076;476;1014;0;0;0;0;0;154;0;0;0;0;0;0;0;0;0;0;0;0;0;0;0;1900
BU04020403;BU04020403;Schrijverskwartier;WK040204;Zuid;GM0402;Hilversum;Noord-Holland Zuid;Noord-Holland;810;127;853;109171;5505;False;46;28;8;1;0;9;942;46;0;17;17;0;0;12;0;1132484;500;1329;0;0;0;0;0;810;0;0;0;0;0;0;0;0;0;0;0;0;0;0;0;7;803;0;0;0;0;4;1;0;0;1;3;17;4;0;0;3;0;0;1;0;1132484;500;1329;0;0;0;0;0;127;0;0;0;0;0;0;0;0;0;0;0;0;0;0;0;1901
BU04020404;BU04020404;Staatsliedenkwartier;WK040204;Zuid;GM0402;Hilversum;Noord-Holland Zuid;Noord-Holland;1620;255;1745;174153;16161;False;38;21;7;1;0;9;1161;38;0;14;15;0;0;9;0;1831263;472;1050;0;0;0;0;0;1620;0;0;0;0;0;0;0;0;0;0;0;0;0;0;0;16;1604;0;0;0;0;6;1;0;0;1;3;67;6;0;1;4;0;0;1;0;1831263;472;1050;0;0;0;0;0;255;0;0;0;0;0;0;0;0;0;0;0;0;0;0;0;1902
BU04020405;BU04020405;Zeeheldenkwartier;WK040204;Zuid;GM0402;Hilversum;Noord-Holland Zuid;Noord-Holland;2226;434;2379;191672;19802;False;32;16;7;0;0;8;984;32;0;13;13;0;0;6;0;2061210;497;867;0;0;0;0;0;2226;0;0;0;0;0;0;0;0;0;0;0;0;0;0;0;166;2060;0;0;0;0;4;1;0;0;1;2;45;4;0;1;3;0;0;1;0;2061210;497;867;0;0;0;0;0;434;0;0;0;0;0;0;0;0;0;0;0;0;0;0;0;1903
BU04020501;BU04020501;Schilderskwartier;WK040205;Zuidoost;GM0402;Hilversum;Noord-Holland Zuid;Noord-Holland;1521;248;2169;223860;84184;False;34;21;6;1;0;7;677;34;0;13;13;0;0;9;0;2558830;457;1180;0;0;0;0;0;1521;0;0;0;0;0;0;0;0;0;0;0;0;0;0;0;178;1343;0;0;0;0;23;6;0;0;4;12;167;23;0;5;14;0;0;4;0;2558830;457;1180;0;0;0;0;0;248;0;0;0;0;0;0;0;0;0;0;0;0;0;0;0;1904
BU04020502;BU04020502;t Hoogt van t Kruis;WK040205;Zuidoost;GM0402;Hilversum;Noord-Holland Zuid;Noord-Holland;625;50;677;97086;6660;False;43;27;7;1;0;9;166;43;0;16;16;0;0;12;0;652815;389;965;0;0;0;0;0;625;0;0;0;0;0;0;0;0;0;0;0;0;0;0;0;214;411;0;0;0;0;6;2;0;0;2;3;11;6;0;2;3;0;0;2;0;652815;389;965;0;0;0;0;0;50;0;0;0;0;0;0;0;0;0;0;0;0;0;0;0;1905
BU04020503;BU04020503;Arenaparkkwartier;WK040205;Zuidoost;GM0402;Hilversum;Noord-Holland Zuid;Noord-Holland;240;155;1623;34048;179782;False;7;4;1;0;0;1;182;7;0;3;3;0;0;2;0;1296893;428;799;0;0;0;0;0;240;0;0;0;0;0;0;0;0;0;0;0;0;0;0;0;3;237;0;0;0;0;80;24;1;0;12;43;811;80;0;18;48;0;0;14;0;1296893;428;799;0;0;0;0;0;155;0;0;0;0;0;0;0;0;0;0;0;0;0;0;0;1906
BU04020504;BU04020504;West-IndiÃ«kwartier;WK040205;Zuidoost;GM0402;Hilversum;Noord-Holland Zuid;Noord-Holland;98;4;123;18143;3143;False;52;36;7;1;0;8;168;52;0;18;18;0;0;17;0;184131;377;1507;0;0;0;0;0;98;0;0;0;0;0;0;0;0;0;0;0;0;0;0;0;4;94;0;0;0;0;14;6;1;0;1;6;27;14;0;6;7;0;0;2;0;184131;377;1507;0;0;0;0;0;4;0;0;0;0;0;0;0;0;0;0;0;0;0;0;0;1907
BU04020505;BU04020505;Van Riebeeckkwartier;WK040205;Zuidoost;GM0402;Hilversum;Noord-Holland Zuid;Noord-Holland;1933;208;2142;149029;27112;False;29;14;6;0;0;8;1032;29;0;12;12;0;0;5;0;1667090;469;778;0;0;0;0;0;1933;0;0;0;0;0;0;0;0;0;0;0;0;0;0;0;108;1825;0;0;0;0;6;2;0;0;1;3;97;6;0;1;4;0;0;1;0;1667090;469;778;0;0;0;0;0;208;0;0;0;0;0;0;0;0;0;0;0;0;0;0;0;1908
BU04020506;BU04020506;Egelshoek;WK040205;Zuidoost;GM0402;Hilversum;Noord-Holland Zuid;Noord-Holland;0;2;3;0;362;False;0;0;0;0;0;0;0;0;0;0;0;0;0;0;0;1690;928;607;0;0;0;0;0;0;0;0;0;0;0;0;0;0;0;0;0;0;0;0;0;0;0;0;0;0;0;88;11;0;0;18;59;7;88;0;9;65;0;0;15;0;1690;928;607;0;0;0;0;0;2;0;0;0;0;0;0;0;0;0;0;0;0;0;0;0;1909
BU04020601;BU04020601;Geuzenbuurt;WK040206;Oost;GM0402;Hilversum;Noord-Holland Zuid;Noord-Holland;1201;113;1564;110100;47144;False;29;15;6;0;0;7;1205;29;0;11;12;0;0;6;0;1519092;474;972;0;0;0;0;0;1201;0;0;0;0;0;0;0;0;0;0;0;0;0;0;0;100;1101;0;0;0;0;15;4;0;0;2;9;218;15;0;3;10;0;0;2;0;1519092;474;972;0;0;0;0;0;113;0;0;0;0;0;0;0;0;0;0;0;0;0;0;0;1910
BU04020602;BU04020602;Electrobuurt;WK040206;Oost;GM0402;Hilversum;Noord-Holland Zuid;Noord-Holland;1194;49;1455;95723;33829;False;29;15;6;0;0;8;1301;29;0;12;12;0;0;5;0;1262048;464;868;0;0;0;0;0;1194;0;0;0;0;0;0;0;0;0;0;0;0;0;0;0;163;1031;0;0;0;0;14;3;0;0;2;8;190;14;0;2;9;0;0;2;0;1262048;464;868;0;0;0;0;0;49;0;0;0;0;0;0;0;0;0;0;0;0;0;0;0;1911
BU04020603;BU04020603;Kleine Driftbuurt;WK040206;Oost;GM0402;Hilversum;Noord-Holland Zuid;Noord-Holland;1919;140;2272;178599;45796;False;30;15;6;0;0;8;1052;30;0;12;12;0;0;6;0;1814861;432;799;0;0;0;0;0;1919;0;0;0;0;0;0;0;0;0;0;0;0;0;0;0;447;1472;0;0;0;0;12;3;0;0;2;7;137;12;0;2;8;0;0;2;0;1814861;432;799;0;0;0;0;0;140;0;0;0;0;0;0;0;0;0;0;0;0;0;0;0;1912
BU04020604;BU04020604;Liebergen;WK040206;Oost;GM0402;Hilversum;Noord-Holland Zuid;Noord-Holland;2253;82;2467;206330;27719;False;33;17;7;0;0;9;1174;33;0;13;13;0;0;6;0;1901169;397;771;0;0;0;0;0;2253;0;0;0;0;0;0;0;0;0;0;0;0;0;0;0;445;1808;0;0;0;0;7;2;0;0;1;4;106;7;0;2;4;0;0;1;0;1901169;397;771;0;0;0;0;0;82;0;0;0;0;0;0;0;0;0;0;0;0;0;0;0;1913
BU04020605;BU04020605;Astronomische Buurt;WK040206;Oost;GM0402;Hilversum;Noord-Holland Zuid;Noord-Holland;2402;226;2864;255938;60008;False;34;19;6;1;0;8;942;34;0;12;14;3;0;4;0;2570103;384;898;0;0;0;240;0;2162;0;0;0;0;0;0;0;0;0;0;240;0;0;0;0;136;2266;0;0;0;0;14;3;0;0;2;9;120;14;0;3;11;3;0;-2;0;2570103;384;898;0;0;0;23;0;203;0;0;0;0;0;0;0;0;0;0;23;0;0;0;0;1914
BU04020606;BU04020606;Annas Hoeve;WK040206;Oost;GM0402;Hilversum;Noord-Holland Zuid;Noord-Holland;234;4;247;33282;1641;False;34;17;8;0;0;9;331;34;0;14;13;0;0;6;0;124369;312;504;0;0;0;0;0;234;0;0;0;0;0;0;0;0;0;0;0;0;0;0;0;219;15;0;0;0;0;2;1;0;0;0;1;12;2;0;1;1;0;0;0;0;124369;312;504;0;0;0;0;0;4;0;0;0;0;0;0;0;0;0;0;0;0;0;0;0;1915
BU04020701;BU04020701;Johannes Geradtswegbuurt;WK040207;Noordoost;GM0402;Hilversum;Noord-Holland Zuid;Noord-Holland;901;38;1053;112987;19726;False;38;22;7;1;0;8;928;38;0;14;14;0;0;9;0;1112479;438;1057;0;0;0;0;0;901;0;0;0;0;0;0;0;0;0;0;0;0;0;0;0;11;890;0;0;0;0;10;2;0;0;2;6;75;10;0;2;6;0;0;2;0;1112479;438;1057;0;0;0;0;0;38;0;0;0;0;0;0;0;0;0;0;0;0;0;0;0;1916
BU04020702;BU04020702;Erfgooiersbuurt;WK040207;Noordoost;GM0402;Hilversum;Noord-Holland Zuid;Noord-Holland;767;82;812;71449;5849;False;38;21;8;1;0;9;1001;38;0;15;15;0;0;8;0;858775;473;1058;0;0;0;0;0;767;0;0;0;0;0;0;0;0;0;0;0;0;0;0;0;73;694;0;0;0;0;5;1;0;0;1;3;37;5;0;1;3;0;0;1;0;858775;473;1058;0;0;0;0;0;82;0;0;0;0;0;0;0;0;0;0;0;0;0;0;0;1917
BU04020703;BU04020703;Noord;WK040207;Noordoost;GM0402;Hilversum;Noord-Holland Zuid;Noord-Holland;3694;276;3937;302988;31571;False;31;16;7;0;0;8;941;31;0;12;13;0;0;6;0;3029410;459;770;0;0;0;0;0;3694;0;0;0;0;0;0;0;0;0;0;0;0;0;0;0;557;3137;0;0;0;0;4;1;0;0;1;3;43;4;0;1;3;0;0;1;0;3029410;459;770;0;0;0;0;0;276;0;0;0;0;0;0;0;0;0;0;0;0;0;0;0;1918
BU04020704;BU04020704;AZC Crailo;WK040207;Noordoost;GM0402;Hilversum;Noord-Holland Zuid;Noord-Holland;8;2;20;1304;1447;False;25;17;4;1;0;4;16;25;0;9;9;0;0;8;0;34536;807;1805;0;0;0;0;0;8;0;0;0;0;0;0;0;0;0;0;0;0;0;0;0;1;7;0;0;0;0;59;14;0;0;10;34;11;59;0;10;38;0;0;10;0;34536;807;1805;0;0;0;0;0;2;0;0;0;0;0;0;0;0;0;0;0;0;0;0;0;1919
BU04020801;BU04020801;Hilversumse Meent;WK040208;Hilversumse Meent;GM0402;Hilversum;Noord-Holland Zuid;Noord-Holland;1829;86;1897;221485;8718;False;40;22;8;1;0;9;541;40;0;15;16;0;0;9;0;1575898;422;831;0;0;0;0;0;1829;0;0;0;0;0;0;0;0;0;0;0;0;0;0;0;182;1647;0;0;0;0;3;1;0;0;0;2;14;3;0;1;2;0;0;0;0;1575898;422;831;0;0;0;0;0;86;0;0;0;0;0;0;0;0;0;0;0;0;0;0;0;1920
BU04020901;BU04020901;Landelijk Gebied 91;WK040209;Landelijk Gebied;GM0402;Hilversum;Noord-Holland Zuid;Noord-Holland;12;23;99;1633;11289;False;7;4;1;0;0;1;1;7;0;3;2;0;0;2;0;86573;420;876;0;0;0;0;0;12;0;0;0;0;0;0;0;0;0;0;0;0;0;0;0;2;10;0;0;0;0;71;20;1;0;16;33;3;71;0;16;39;0;0;16;0;86573;420;876;0;0;0;0;0;23;0;0;0;0;0;0;0;0;0;0;0;0;0;0;0;1921
BU04020902;BU04020902;Landelijk Gebied 92;WK040209;Landelijk Gebied;GM0402;Hilversum;Noord-Holland Zuid;Noord-Holland;0;5;16;0;2025;False;0;0;0;0;0;0;0;0;0;0;0;0;0;0;0;11904;507;764;0;0;0;0;0;0;0;0;0;0;0;0;0;0;0;0;0;0;0;0;0;0;0;0;0;0;0;80;25;1;0;15;40;6;80;0;20;45;0;0;15;0;11904;507;764;0;0;0;0;0;5;0;0;0;0;0;0;0;0;0;0;0;0;0;0;0;1922
BU04020903;BU04020903;Landelijk Gebied 93;WK040209;Landelijk Gebied;GM0402;Hilversum;Noord-Holland Zuid;Noord-Holland;96;44;651;10749;72025;False;5;2;1;0;0;1;4;5;0;2;2;0;0;1;0;631613;237;972;0;0;0;0;0;96;0;0;0;0;0;0;0;0;0;0;0;0;0;0;0;78;18;0;0;0;0;64;25;3;0;7;29;30;64;0;23;33;0;0;9;0;631613;237;972;0;0;0;0;0;44;0;0;0;0;0;0;0;0;0;0;0;0;0;0;0;1923
BU04020904;BU04020904;Landelijk Gebied 94;WK040209;Landelijk Gebied;GM0402;Hilversum;Noord-Holland Zuid;Noord-Holland;37;13;86;6489;6332;False;26;18;4;1;0;4;13;26;0;9;9;0;0;8;0;107644;409;1256;0;0;0;0;0;37;0;0;0;0;0;0;0;0;0;0;0;0;0;0;0;1;36;0;0;0;0;52;11;0;0;9;32;7;52;0;8;35;0;0;9;0;107644;409;1256;0;0;0;0;0;13;0;0;0;0;0;0;0;0;0;0;0;0;0;0;0;1924
BU04020905;BU04020905;Landelijk Gebied 95;WK040209;Landelijk Gebied;GM0402;Hilversum;Noord-Holland Zuid;Noord-Holland;135;88;583;19003;58165;False;11;7;2;0;0;2;6;11;0;4;4;0;0;3;0;659694;411;1133;0;0;0;0;0;135;0;0;0;0;0;0;0;0;0;0;0;0;0;0;0;18;117;0;0;0;0;55;20;2;0;14;19;17;55;0;18;24;0;0;13;0;659694;411;1133;0;0;0;0;0;88;0;0;0;0;0;0;0;0;0;0;0;0;0;0;0;1925
BU04020906;BU04020906;Landelijk Gebied 96;WK040209;Landelijk Gebied;GM0402;Hilversum;Noord-Holland Zuid;Noord-Holland;6;2;10;1087;452;False;42;30;5;1;0;6;3;42;0;14;14;0;0;14;0;16625;544;1754;0;0;0;0;0;6;0;0;0;0;0;0;0;0;0;0;0;0;0;0;0;1;5;0;0;0;0;36;15;2;0;13;6;2;36;0;13;11;0;0;12;0;16625;544;1754;0;0;0;0;0;2;0;0;0;0;0;0;0;0;0;0;0;0;0;0;0;1926
BU04020907;BU04020907;Landelijk Gebied 97;WK040209;Landelijk Gebied;GM0402;Hilversum;Noord-Holland Zuid;Noord-Holland;5;7;25;763;2584;False;11;7;2;0;0;2;1;11;0;4;4;0;0;3;0;27023;537;1086;0;0;0;0;0;5;0;0;0;0;0;0;0;0;0;0;0;0;0;0;0;1;4;0;0;0;0;75;19;1;0;19;36;2;75;0;15;43;0;0;17;0;27023;537;1086;0;0;0;0;0;7;0;0;0;0;0;0;0;0;0;0;0;0;0;0;0;1927
BU04060001;BU04060001;De Noord;WK040600;Wijk 00 Oude Dorp;GM0406;Huizen;Noord-Holland Zuid;Noord-Holland;1673;241;2166;187081;64013;False;33;18;6;1;0;7;910;33;0;13;13;0;0;7;0;2268529;450;1048;0;0;0;0;0;1673;0;0;0;0;0;0;0;0;0;0;0;0;0;0;0;180;1493;0;0;0;0;20;4;0;0;3;13;157;20;0;3;14;0;0;3;0;2268529;450;1048;0;0;0;0;0;241;0;0;0;0;0;0;0;0;0;0;0;0;0;0;0;1928
BU04060002;BU04060002;De Zuid;WK040600;Wijk 00 Oude Dorp;GM0406;Huizen;Noord-Holland Zuid;Noord-Holland;1260;67;1338;130451;10054;False;40;22;8;1;0;9;857;40;0;16;15;0;0;9;0;1414991;452;1058;0;0;0;0;0;1260;0;0;0;0;0;0;0;0;0;0;0;0;0;0;0;178;1082;0;0;0;0;5;1;0;0;1;3;32;5;0;1;4;0;0;1;0;1414991;452;1058;0;0;0;0;0;67;0;0;0;0;0;0;0;0;0;0;0;0;0;0;0;1929
BU04060103;BU04060103;Westereng;WK040601;Wijk 01 Westereng;GM0406;Huizen;Noord-Holland Zuid;Noord-Holland;1008;34;1109;124581;13063;False;43;25;8;1;0;9;548;43;0;16;16;0;0;11;0;1229474;436;1109;0;0;0;0;0;1008;0;0;0;0;0;0;0;0;0;0;0;0;0;0;0;18;990;0;0;0;0;6;2;0;0;1;3;36;6;0;2;3;0;0;1;0;1229474;436;1109;0;0;0;0;0;34;0;0;0;0;0;0;0;0;0;0;0;0;0;0;0;1930
BU04060204;BU04060204;Flevo;WK040602;Wijk 02 Buitenwijken;GM0406;Huizen;Noord-Holland Zuid;Noord-Holland;94;2;95;18600;12;False;67;47;9;1;0;10;61;67;0;22;23;0;0;22;0;157763;448;1677;0;0;0;0;0;94;0;0;0;0;0;0;0;0;0;0;0;0;0;0;0;8;86;0;0;0;0;0;0;0;0;0;0;0;0;0;0;0;0;0;0;0;157763;448;1677;0;0;0;0;0;2;0;0;0;0;0;0;0;0;0;0;0;0;0;0;0;1931
BU04060205;BU04060205;Bikbergen;WK040602;Wijk 02 Buitenwijken;GM0406;Huizen;Noord-Holland Zuid;Noord-Holland;108;5;145;19395;4766;False;46;31;7;1;0;7;49;46;0;16;16;0;0;14;0;195449;359;1351;0;0;0;0;0;108;0;0;0;0;0;0;0;0;0;0;0;0;0;0;0;5;103;0;0;0;0;25;6;0;0;5;14;8;25;0;5;16;0;0;5;0;195449;359;1351;0;0;0;0;0;5;0;0;0;0;0;0;0;0;0;0;0;0;0;0;0;1932
BU04060206;BU04060206;Crailo;WK040602;Wijk 02 Buitenwijken;GM0406;Huizen;Noord-Holland Zuid;Noord-Holland;150;16;362;29734;27507;False;28;20;4;1;0;4;57;28;0;9;9;0;0;9;0;436856;303;1208;0;0;0;0;0;150;0;0;0;0;0;0;0;0;0;0;0;0;0;0;0;11;139;0;0;0;0;42;15;2;0;6;19;42;42;0;14;22;0;0;6;0;436856;303;1208;0;0;0;0;0;16;0;0;0;0;0;0;0;0;0;0;0;0;0;0;0;1933
BU04060307;BU04060307;Thames;WK040603;Wijk 03 Erica en Tafelberg;GM0406;Huizen;Noord-Holland Zuid;Noord-Holland;32;3;35;5510;376;False;58;39;8;1;0;9;25;58;0;20;20;0;0;18;0;63087;523;1808;0;0;0;0;0;32;0;0;0;0;0;0;0;0;0;0;0;0;0;0;0;0;32;0;0;0;0;8;3;0;0;3;2;2;8;0;3;3;0;0;3;0;63087;523;1808;0;0;0;0;0;3;0;0;0;0;0;0;0;0;0;0;0;0;0;0;0;1934
BU04060308;BU04060308;IJzeren veld;WK040603;Wijk 03 Erica en Tafelberg;GM0406;Huizen;Noord-Holland Zuid;Noord-Holland;63;6;67;11684;498;False;60;41;9;1;0;9;46;60;0;21;20;0;0;19;0;103737;427;1552;0;0;0;0;0;63;0;0;0;0;0;0;0;0;0;0;0;0;0;0;0;5;58;0;0;0;0;5;2;0;0;2;2;2;5;0;1;2;0;0;1;0;103737;427;1552;0;0;0;0;0;6;0;0;0;0;0;0;0;0;0;0;0;0;0;0;0;1935
BU04060327;BU04060327;Parrewijn;WK040603;Wijk 03 Erica en Tafelberg;GM0406;Huizen;Noord-Holland Zuid;Noord-Holland;7;2;9;1320;177;False;52;36;7;1;0;8;4;52;0;18;18;0;0;17;0;11844;457;1416;0;0;0;0;0;7;0;0;0;0;0;0;0;0;0;0;0;0;0;0;0;1;6;0;0;0;0;15;3;0;0;3;8;0;15;0;3;9;0;0;3;0;11844;457;1416;0;0;0;0;0;2;0;0;0;0;0;0;0;0;0;0;0;0;0;0;0;1936
BU04060328;BU04060328;Tafelberger Heide;WK040603;Wijk 03 Erica en Tafelberg;GM0406;Huizen;Noord-Holland Zuid;Noord-Holland;1;1;2;200;36;False;55;40;7;1;0;8;1;55;0;18;19;0;0;19;0;2151;494;1685;0;0;0;0;0;1;0;0;0;0;0;0;0;0;0;0;0;0;0;0;0;0;1;0;0;0;0;18;1;0;0;4;13;0;18;0;1;14;0;0;3;0;2151;494;1685;0;0;0;0;0;1;0;0;0;0;0;0;0;0;0;0;0;0;0;0;0;1937
BU04060329;BU04060329;Rijsbergen;WK040603;Wijk 03 Erica en Tafelberg;GM0406;Huizen;Noord-Holland Zuid;Noord-Holland;4;3;36;533;4086;False;6;4;1;0;0;1;5;6;0;2;2;0;0;2;0;34495;533;974;0;0;0;0;0;4;0;0;0;0;0;0;0;0;0;0;0;0;0;0;0;0;4;0;0;0;0;37;9;0;0;6;22;10;37;0;7;24;0;0;6;0;34495;533;974;0;0;0;0;0;3;0;0;0;0;0;0;0;0;0;0;0;0;0;0;0;1938
BU04060330;BU04060330;Huizerhoogt;WK040603;Wijk 03 Erica en Tafelberg;GM0406;Huizen;Noord-Holland Zuid;Noord-Holland;42;2;43;7274;119;False;57;37;9;1;0;10;231;57;0;20;20;0;0;17;0;55679;400;1297;0;0;0;0;0;42;0;0;0;0;0;0;0;0;0;0;0;0;0;0;0;3;39;0;0;0;0;2;1;0;0;1;0;4;2;0;1;1;0;0;1;0;55679;400;1297;0;0;0;0;0;2;0;0;0;0;0;0;0;0;0;0;0;0;0;0;0;1939
BU04060409;BU04060409;Sijsjesberg;WK040604;Wijk 04 Staatslieden en Componistenbuurt;GM0406;Huizen;Noord-Holland Zuid;Noord-Holland;244;3;247;42359;320;False;59;38;9;1;0;10;625;59;0;21;21;0;0;17;0;373032;467;1514;0;0;0;0;0;244;0;0;0;0;0;0;0;0;0;0;0;0;0;0;0;9;235;0;0;0;0;1;0;0;0;0;0;4;1;0;0;0;0;0;0;0;373032;467;1514;0;0;0;0;0;3;0;0;0;0;0;0;0;0;0;0;0;0;0;0;0;1940
BU04060410;BU04060410;Zuidereng;WK040604;Wijk 04 Staatslieden en Componistenbuurt;GM0406;Huizen;Noord-Holland Zuid;Noord-Holland;979;50;1090;131496;14367;False;41;24;8;1;0;8;405;41;0;16;15;0;0;10;0;1147533;424;1053;0;0;0;0;0;979;0;0;0;0;0;0;0;0;0;0;0;0;0;0;0;33;946;0;0;0;0;8;3;0;0;1;3;46;8;0;3;4;0;0;1;0;1147533;424;1053;0;0;0;0;0;50;0;0;0;0;0;0;0;0;0;0;0;0;0;0;0;1941
BU04060511;BU04060511;Gooierhoofd;WK040605;Wijk 05 Havengebied;GM0406;Huizen;Noord-Holland Zuid;Noord-Holland;359;19;467;38576;13944;False;27;15;5;0;0;7;325;27;0;11;11;0;0;6;0;359044;421;770;0;0;0;0;0;359;0;0;0;0;0;0;0;0;0;0;0;0;0;0;0;1;358;0;0;0;0;23;8;1;0;6;9;144;23;0;7;11;0;0;6;0;359044;421;770;0;0;0;0;0;19;0;0;0;0;0;0;0;0;0;0;0;0;0;0;0;1942
BU04060512;BU04060512;Wolfskamer;WK040605;Wijk 05 Havengebied;GM0406;Huizen;Noord-Holland Zuid;Noord-Holland;34;31;210;2917;22819;False;5;2;1;0;0;1;12;5;0;2;2;0;0;1;0;197073;443;941;0;0;0;0;0;34;0;0;0;0;0;0;0;0;0;0;0;0;0;0;0;32;2;0;0;0;0;84;29;2;0;19;34;112;84;0;23;41;0;0;20;0;197073;443;941;0;0;0;0;0;31;0;0;0;0;0;0;0;0;0;0;0;0;0;0;0;1943
BU04060513;BU04060513;Industriewijk t Plaveen;WK040605;Wijk 05 Havengebied;GM0406;Huizen;Noord-Holland Zuid;Noord-Holland;232;127;1130;24620;116613;False;7;4;1;0;0;2;93;7;0;3;3;0;0;1;0;1144123;687;1013;0;0;0;0;0;232;0;0;0;0;0;0;0;0;0;0;0;0;0;0;0;111;121;0;0;0;0;64;16;0;0;10;38;304;64;0;12;41;0;0;10;0;1144123;687;1013;0;0;0;0;0;127;0;0;0;0;0;0;0;0;0;0;0;0;0;0;0;1944
BU04060614;BU04060614;Bovenweg;WK040606;Wijk 06 Zenderwijk en Bovenweg;GM0406;Huizen;Noord-Holland Zuid;Noord-Holland;1332;97;1670;128640;43921;False;28;14;6;0;0;7;815;28;0;11;11;0;0;6;0;1266781;433;759;0;0;0;0;0;1332;0;0;0;0;0;0;0;0;0;0;0;0;0;0;0;187;1145;0;0;0;0;18;7;0;0;4;7;282;18;0;5;9;0;0;4;0;1266781;433;759;0;0;0;0;0;97;0;0;0;0;0;0;0;0;0;0;0;0;0;0;0;1945
BU04060615;BU04060615;Zenderwijk;WK040606;Wijk 06 Zenderwijk en Bovenweg;GM0406;Huizen;Noord-Holland Zuid;Noord-Holland;559;45;608;61902;6311;False;36;20;7;0;0;9;796;36;0;14;14;0;0;8;0;503772;399;829;0;0;0;0;0;559;0;0;0;0;0;0;0;0;0;0;0;0;0;0;0;2;557;0;0;0;0;6;1;0;0;1;4;44;6;0;1;4;0;0;1;0;503772;399;829;0;0;0;0;0;45;0;0;0;0;0;0;0;0;0;0;0;0;0;0;0;1946
BU04060716;BU04060716;Stad en Lande;WK040607;Wijk 07 Stad en Lande;GM0406;Huizen;Noord-Holland Zuid;Noord-Holland;1613;288;1825;192325;27440;False;37;21;7;1;0;8;638;37;0;14;14;0;0;9;0;1746949;474;958;0;0;0;0;0;1613;0;0;0;0;0;0;0;0;0;0;0;0;0;0;0;130;1483;0;0;0;0;11;3;0;0;2;6;75;11;0;2;7;0;0;2;0;1746949;474;958;0;0;0;0;0;288;0;0;0;0;0;0;0;0;0;0;0;0;0;0;0;1947
BU04060817;BU04060817;Huizermaat West;WK040608;Wijk 08 Huizermaat West en Zuid;GM0406;Huizen;Noord-Holland Zuid;Noord-Holland;1453;167;1582;169442;16724;False;38;21;7;1;0;9;709;38;0;14;15;0;0;8;0;1442784;477;912;0;0;0;0;0;1453;0;0;0;0;0;0;0;0;0;0;0;0;0;0;0;14;1439;0;0;0;0;6;1;0;0;1;4;40;6;0;1;4;0;0;1;0;1442784;477;912;0;0;0;0;0;167;0;0;0;0;0;0;0;0;0;0;0;0;0;0;0;1948
BU04060818;BU04060818;Huizermaat Zuid;WK040608;Wijk 08 Huizermaat West en Zuid;GM0406;Huizen;Noord-Holland Zuid;Noord-Holland;1366;80;1583;135227;28187;False;31;16;6;0;0;8;869;31;0;12;12;0;0;6;0;1172573;458;741;0;0;0;0;0;1366;0;0;0;0;0;0;0;0;0;0;0;0;0;0;0;150;1216;0;0;0;0;10;2;0;0;1;7;82;10;0;2;7;0;0;1;0;1172573;458;741;0;0;0;0;0;80;0;0;0;0;0;0;0;0;0;0;0;0;0;0;0;1949
BU04060919;BU04060919;Huizermaat Noord;WK040609;Wijk 09 Huizermaat Noord;GM0406;Huizen;Noord-Holland Zuid;Noord-Holland;1448;61;1477;139842;3737;False;35;18;7;0;0;9;880;35;0;14;14;0;0;7;0;1130230;450;765;0;0;0;0;0;1448;0;0;0;0;0;0;0;0;0;0;0;0;0;0;0;41;1407;0;0;0;0;1;0;0;0;0;1;14;1;0;0;1;0;0;0;0;1130230;450;765;0;0;0;0;0;61;0;0;0;0;0;0;0;0;0;0;0;0;0;0;0;1950
BU04061020;BU04061020;Bijvanck Noord;WK040610;Wijk 10 Bijvanck;GM0406;Huizen;Noord-Holland Zuid;Noord-Holland;750;28;780;73540;3886;False;34;17;7;0;0;9;712;34;0;14;14;0;0;6;0;632774;473;811;0;0;0;0;0;750;0;0;0;0;0;0;0;0;0;0;0;0;0;0;0;57;693;0;0;0;0;3;1;0;0;1;1;35;3;0;1;1;0;0;1;0;632774;473;811;0;0;0;0;0;28;0;0;0;0;0;0;0;0;0;0;0;0;0;0;0;1951
BU04061021;BU04061021;Bijvanck West;WK040610;Wijk 10 Bijvanck;GM0406;Huizen;Noord-Holland Zuid;Noord-Holland;221;12;223;26976;204;False;40;22;8;1;0;10;674;40;0;16;16;0;0;9;0;185604;432;834;0;0;0;0;0;221;0;0;0;0;0;0;0;0;0;0;0;0;0;0;0;3;218;0;0;0;0;1;0;0;0;0;0;1;1;0;0;0;0;0;0;0;185604;432;834;0;0;0;0;0;12;0;0;0;0;0;0;0;0;0;0;0;0;0;0;0;1952
BU04061123;BU04061123;Bovenmaat Noord;WK040611;Wijk 11 Bovenmaten;GM0406;Huizen;Noord-Holland Zuid;Noord-Holland;1478;35;1493;155778;1915;False;37;20;8;0;0;10;770;37;0;15;15;0;0;8;0;1161233;426;778;0;0;0;0;0;1478;0;0;0;0;0;0;0;0;0;0;0;0;0;0;0;13;1465;0;0;0;0;1;0;0;0;0;0;12;1;0;0;0;0;0;0;0;1161233;426;778;0;0;0;0;0;35;0;0;0;0;0;0;0;0;0;0;0;0;0;0;0;1953
BU04061124;BU04061124;Bovenmaat West;WK040611;Wijk 11 Bovenmaten;GM0406;Huizen;Noord-Holland Zuid;Noord-Holland;821;58;912;60383;11758;False;28;13;7;0;0;8;1151;28;0;12;11;0;0;4;0;741283;551;813;0;0;0;0;0;821;0;0;0;0;0;0;0;0;0;0;0;0;0;0;0;82;739;0;0;0;0;9;2;0;0;1;5;143;9;0;2;5;0;0;1;0;741283;551;813;0;0;0;0;0;58;0;0;0;0;0;0;0;0;0;0;0;0;0;0;0;1954
BU04061125;BU04061125;Bovenmaat-Oost;WK040611;Wijk 11 Bovenmaten;GM0406;Huizen;Noord-Holland Zuid;Noord-Holland;593;8;623;53010;3815;False;32;16;7;0;0;9;493;32;0;14;13;0;0;6;0;457441;458;735;0;0;0;0;0;593;0;0;0;0;0;0;0;0;0;0;0;0;0;0;0;61;532;0;0;0;0;2;1;0;0;0;1;17;2;0;1;1;0;0;0;0;457441;458;735;0;0;0;0;0;8;0;0;0;0;0;0;0;0;0;0;0;0;0;0;0;1955
BU04061226;BU04061226;Filosofenbuurt;WK040612;Wijk 12 Hogemaat;GM0406;Huizen;Noord-Holland Zuid;Noord-Holland;801;10;823;110967;2799;False;38;21;8;0;0;9;647;38;0;15;15;0;0;8;0;382663;250;465;0;0;0;0;0;801;0;0;0;0;0;0;0;0;0;0;0;0;0;0;0;263;538;0;0;0;0;1;1;0;0;0;1;13;1;0;0;1;0;0;0;0;382663;250;465;0;0;0;0;0;10;0;0;0;0;0;0;0;0;0;0;0;0;0;0;0;1956
BU04061231;BU04061231;De Tuit;WK040612;Wijk 12 Hogemaat;GM0406;Huizen;Noord-Holland Zuid;Noord-Holland;120;0;120;20450;0;False;48;31;8;0;0;10;802;48;0;17;17;0;0;13;0;55384;196;462;0;0;0;0;0;120;0;0;0;0;0;0;0;0;0;0;0;0;0;0;0;10;110;0;0;0;0;0;0;0;0;0;0;0;0;0;0;0;0;0;0;0;55384;196;462;0;0;0;0;0;0;0;0;0;0;0;0;0;0;0;0;0;0;0;0;0;1957
BU04170320;BU04170320;Laren-Centrum;WK041703;Laren;GM0417;Laren;Noord-Holland Zuid;Noord-Holland;995;376;1728;120930;95279;False;26;16;5;0;0;5;486;26;0;10;10;0;0;6;0;1930710;411;1117;0;0;0;0;0;995;0;0;0;0;0;0;0;0;0;0;0;0;0;0;0;62;933;0;0;0;0;36;9;1;0;6;21;221;36;0;7;23;0;0;6;0;1930710;411;1117;0;0;0;0;0;376;0;0;0;0;0;0;0;0;0;0;0;0;0;0;0;1965
BU04170321;BU04170321;Laren-Natuurgebied;WK041703;Laren;GM0417;Laren;Noord-Holland Zuid;Noord-Holland;4;7;189;410;23922;False;1;1;0;0;0;0;0;1;0;0;0;0;0;0;0;168308;193;895;0;0;0;0;0;4;0;0;0;0;0;0;0;0;0;0;0;0;0;0;0;1;3;0;0;0;0;98;25;1;0;19;54;8;98;0;19;61;0;0;18;0;168308;193;895;0;0;0;0;0;7;0;0;0;0;0;0;0;0;0;0;0;0;0;0;0;1966
BU04170322;BU04170322;Omloop;WK041703;Laren;GM0417;Laren;Noord-Holland Zuid;Noord-Holland;573;51;687;60399;14705;False;36;20;7;1;0;8;375;36;0;14;14;0;0;8;0;702996;455;1025;0;0;0;0;0;573;0;0;0;0;0;0;0;0;0;0;0;0;0;0;0;17;556;0;0;0;0;17;5;0;0;3;9;75;17;0;4;10;0;0;3;0;702996;455;1025;0;0;0;0;0;51;0;0;0;0;0;0;0;0;0;0;0;0;0;0;0;1967
BU04170323;BU04170323;Oostereng;WK041703;Laren;GM0417;Laren;Noord-Holland Zuid;Noord-Holland;512;41;546;75644;4315;False;51;32;8;1;0;9;224;51;0;19;18;0;0;14;0;771249;477;1415;0;0;0;0;0;512;0;0;0;0;0;0;0;0;0;0;0;0;0;0;0;9;503;0;0;0;0;6;2;0;0;1;3;10;6;0;1;3;0;0;1;0;771249;477;1415;0;0;0;0;0;41;0;0;0;0;0;0;0;0;0;0;0;0;0;0;0;1968
BU04170324;BU04170324;Postiljon;WK041703;Laren;GM0417;Laren;Noord-Holland Zuid;Noord-Holland;168;5;188;23784;2499;False;33;18;7;0;0;8;535;33;0;14;13;0;0;7;0;88787;270;474;0;0;0;0;0;168;0;0;0;0;0;0;0;0;0;0;0;0;0;0;0;167;1;0;0;0;0;8;1;0;0;2;4;35;8;0;1;4;0;0;2;0;88787;270;474;0;0;0;0;0;5;0;0;0;0;0;0;0;0;0;0;0;0;0;0;0;1969
BU04170325;BU04170325;Rijksweg-Noord;WK041703;Laren;GM0417;Laren;Noord-Holland Zuid;Noord-Holland;155;3;163;29640;976;False;63;44;9;1;0;9;107;63;0;21;21;0;0;20;0;263754;446;1623;0;0;0;0;0;155;0;0;0;0;0;0;0;0;0;0;0;0;0;0;0;12;143;0;0;0;0;5;2;0;0;2;1;5;5;0;2;2;0;0;1;0;263754;446;1623;0;0;0;0;0;3;0;0;0;0;0;0;0;0;0;0;0;0;0;0;0;1970
BU04170326;BU04170326;Rijksweg-Zuid;WK041703;Laren;GM0417;Laren;Noord-Holland Zuid;Noord-Holland;109;8;168;21104;7565;False;43;30;6;1;0;6;122;43;0;15;14;0;0;14;0;208401;380;1246;0;0;0;0;0;109;0;0;0;0;0;0;0;0;0;0;0;0;0;0;0;5;104;0;0;0;0;14;5;0;0;1;7;19;14;0;4;8;0;0;2;0;208401;380;1246;0;0;0;0;0;8;0;0;0;0;0;0;0;0;0;0;0;0;0;0;0;1971
BU04170327;BU04170327;Steenbergen;WK041703;Laren;GM0417;Laren;Noord-Holland Zuid;Noord-Holland;340;17;466;49799;16303;False;34;21;6;1;0;7;150;34;0;13;12;0;0;9;0;481162;393;1034;0;0;0;0;0;340;0;0;0;0;0;0;0;0;0;0;0;0;0;0;0;140;200;0;0;0;0;23;10;1;0;2;9;65;23;0;9;11;0;0;3;0;481162;393;1034;0;0;0;0;0;17;0;0;0;0;0;0;0;0;0;0;0;0;0;0;0;1972
BU04170328;BU04170328;Zevenend;WK041703;Laren;GM0417;Laren;Noord-Holland Zuid;Noord-Holland;2215;204;2397;245446;23652;False;40;22;8;1;0;9;750;40;0;16;15;0;0;9;0;2623959;467;1095;0;0;0;0;0;2215;0;0;0;0;0;0;0;0;0;0;0;0;0;0;0;156;2059;0;0;0;0;7;2;0;0;1;4;50;7;0;2;4;0;0;1;0;2623959;467;1095;0;0;0;0;0;204;0;0;0;0;0;0;0;0;0;0;0;0;0;0;0;1973
BU04170329;BU04170329;Zwarte Berg;WK041703;Laren;GM0417;Laren;Noord-Holland Zuid;Noord-Holland;296;19;381;48742;10956;False;45;30;7;1;0;8;140;45;0;16;16;0;0;13;0;511252;382;1344;0;0;0;0;0;296;0;0;0;0;0;0;0;0;0;0;0;0;0;0;0;23;273;0;0;0;0;14;5;1;0;2;7;21;14;0;4;8;0;0;2;0;511252;382;1344;0;0;0;0;0;19;0;0;0;0;0;0;0;0;0;0;0;0;0;0;0;1974
BU04570001;BU04570001;Centrum;WK045700;Binnenstad;GM0457;Weesp;Noord-Holland Zuid;Noord-Holland;1195;180;1521;114912;42355;False;30;16;6;0;0;7;1040;30;0;12;12;0;0;6;0;1434732;424;943;0;0;0;0;0;1195;0;0;0;0;0;0;0;0;0;0;0;0;0;0;0;57;1138;0;0;0;0;17;4;0;0;3;10;198;17;0;3;11;0;0;3;0;1434732;424;943;0;0;0;0;0;180;0;0;0;0;0;0;0;0;0;0;0;0;0;0;0;2087
BU04570002;BU04570002;Herensingelkwartier;WK045700;Binnenstad;GM0457;Weesp;Noord-Holland Zuid;Noord-Holland;515;45;587;48374;9270;False;31;16;7;0;0;8;1538;31;0;13;13;0;0;6;0;506205;426;863;0;0;0;0;0;515;0;0;0;0;0;0;0;0;0;0;0;0;0;0;0;52;463;0;0;0;0;9;2;0;0;3;4;176;9;0;2;5;0;0;2;0;506205;426;863;0;0;0;0;0;45;0;0;0;0;0;0;0;0;0;0;0;0;0;0;0;2088
BU04570101;BU04570101;Bedrijventerrein Van Houten;WK045701;Zuid;GM0457;Weesp;Noord-Holland Zuid;Noord-Holland;118;50;750;15681;82146;False;7;4;1;0;0;2;82;7;0;3;3;0;0;2;0;827336;637;1103;0;0;0;0;0;118;0;0;0;0;0;0;0;0;0;0;0;0;0;0;0;3;115;0;0;0;0;50;16;1;0;8;25;240;50;0;12;29;0;0;9;0;827336;637;1103;0;0;0;0;0;50;0;0;0;0;0;0;0;0;0;0;0;0;0;0;0;2089
BU04570102;BU04570102;Zuid I;WK045701;Zuid;GM0457;Weesp;Noord-Holland Zuid;Noord-Holland;368;22;416;28369;6202;False;30;15;7;0;0;8;1013;30;0;13;12;0;0;5;0;344294;472;828;0;0;0;0;0;368;0;0;0;0;0;0;0;0;0;0;0;0;0;0;0;34;334;0;0;0;0;11;3;0;0;2;5;164;11;0;3;6;0;0;2;0;344294;472;828;0;0;0;0;0;22;0;0;0;0;0;0;0;0;0;0;0;0;0;0;0;2090
BU04570103;BU04570103;Zuid II;WK045701;Zuid;GM0457;Weesp;Noord-Holland Zuid;Noord-Holland;314;17;334;28856;2524;False;38;21;7;1;0;9;767;38;0;15;15;0;0;8;0;294754;426;884;0;0;0;0;0;314;0;0;0;0;0;0;0;0;0;0;0;0;0;0;0;17;297;0;0;0;0;6;2;0;0;1;3;55;6;0;2;3;0;0;1;0;294754;426;884;0;0;0;0;0;17;0;0;0;0;0;0;0;0;0;0;0;0;0;0;0;2091
BU04570104;BU04570104;De Klomp;WK045701;Zuid;GM0457;Weesp;Noord-Holland Zuid;Noord-Holland;254;41;260;29370;689;False;42;24;8;1;0;10;869;42;0;16;16;0;0;10;0;247313;454;954;0;0;0;0;0;254;0;0;0;0;0;0;0;0;0;0;0;0;0;0;0;2;252;0;0;0;0;2;0;0;0;0;1;3;2;0;0;1;0;0;0;0;247313;454;954;0;0;0;0;0;41;0;0;0;0;0;0;0;0;0;0;0;0;0;0;0;2092
BU04570201;BU04570201;Dichtersbuurt;WK045702;Noord;GM0457;Weesp;Noord-Holland Zuid;Noord-Holland;1106;26;1163;79148;7282;False;29;13;7;0;0;8;943;29;0;13;12;0;0;4;0;884624;485;761;0;0;0;0;0;1106;0;0;0;0;0;0;0;0;0;0;0;0;0;0;0;49;1057;0;0;0;0;5;1;0;0;1;3;55;5;0;1;3;0;0;1;0;884624;485;761;0;0;0;0;0;26;0;0;0;0;0;0;0;0;0;0;0;0;0;0;0;2093
BU04570202;BU04570202;Schildersbuurt;WK045702;Noord;GM0457;Weesp;Noord-Holland Zuid;Noord-Holland;500;51;554;39459;6936;False;30;15;6;0;0;8;1004;30;0;12;12;0;0;6;0;426940;450;772;0;0;0;0;0;500;0;0;0;0;0;0;0;0;0;0;0;0;0;0;0;58;442;0;0;0;0;7;3;0;0;2;3;137;7;0;2;3;0;0;2;0;426940;450;772;0;0;0;0;0;51;0;0;0;0;0;0;0;0;0;0;0;0;0;0;0;2094
BU04570301;BU04570301;Hogewey Noord;WK045703;Hogewey;GM0457;Weesp;Noord-Holland Zuid;Noord-Holland;424;34;460;45775;4615;False;29;15;5;0;0;8;529;29;0;11;12;0;0;6;0;323083;425;703;0;0;0;0;0;424;0;0;0;0;0;0;0;0;0;0;0;0;0;0;0;160;264;0;0;0;0;8;3;0;0;2;3;80;8;0;2;4;0;0;2;0;323083;425;703;0;0;0;0;0;34;0;0;0;0;0;0;0;0;0;0;0;0;0;0;0;2095
BU04570302;BU04570302;Hogewey Midden;WK045703;Hogewey;GM0457;Weesp;Noord-Holland Zuid;Noord-Holland;930;155;1005;80038;9639;False;31;16;6;0;0;8;1048;31;0;12;13;0;0;6;0;743742;437;741;0;0;0;0;0;930;0;0;0;0;0;0;0;0;0;0;0;0;0;0;0;68;862;0;0;0;0;5;1;0;0;1;4;36;5;0;1;4;0;0;1;0;743742;437;741;0;0;0;0;0;155;0;0;0;0;0;0;0;0;0;0;0;0;0;0;0;2096
BU04570303;BU04570303;Hogewey Zuid;WK045703;Hogewey;GM0457;Weesp;Noord-Holland Zuid;Noord-Holland;904;100;1030;91402;16271;False;29;16;5;0;0;8;1207;29;0;11;12;0;0;7;0;610632;387;593;0;0;0;0;0;904;0;0;0;0;0;0;0;0;0;0;0;0;0;0;0;313;591;0;0;0;0;7;2;0;0;1;4;102;7;0;1;5;0;0;1;0;610632;387;593;0;0;0;0;0;100;0;0;0;0;0;0;0;0;0;0;0;0;0;0;0;2097
BU04570304;BU04570304;Bedrijventerrein Noord;WK045703;Hogewey;GM0457;Weesp;Noord-Holland Zuid;Noord-Holland;75;329;2683;6820;338960;False;1;1;0;0;0;0;23;1;0;0;0;0;0;0;0;3258924;809;1215;0;0;0;0;0;75;0;0;0;0;0;0;0;0;0;0;0;0;0;0;0;0;75;0;0;0;0;32;11;1;0;4;16;386;32;0;9;18;0;0;5;0;3258924;809;1215;0;0;0;0;0;329;0;0;0;0;0;0;0;0;0;0;0;0;0;0;0;2098
BU04570401;BU04570401;Aetsveld Noord;WK045704;Aetsveld;GM0457;Weesp;Noord-Holland Zuid;Noord-Holland;702;26;757;72828;7114;False;34;18;7;0;0;9;774;34;0;14;14;0;0;7;0;585357;449;774;0;0;0;0;0;702;0;0;0;0;0;0;0;0;0;0;0;0;0;0;0;4;698;0;0;0;0;5;1;0;0;1;3;44;5;0;1;3;0;0;1;0;585357;449;774;0;0;0;0;0;26;0;0;0;0;0;0;0;0;0;0;0;0;0;0;0;2099
BU04570402;BU04570402;Aetsveld Zuid;WK045704;Aetsveld;GM0457;Weesp;Noord-Holland Zuid;Noord-Holland;797;4;798;77605;44;False;35;18;8;0;0;9;842;35;0;14;14;0;0;7;0;586741;432;736;0;0;0;0;0;797;0;0;0;0;0;0;0;0;0;0;0;0;0;0;0;11;786;0;0;0;0;0;0;0;0;0;0;0;0;0;0;0;0;0;0;0;586741;432;736;0;0;0;0;0;4;0;0;0;0;0;0;0;0;0;0;0;0;0;0;0;2100
BU04570701;BU04570701;Aetsveldsepolder;WK045707;Aetsveldsepolder;GM0457;Weesp;Noord-Holland Zuid;Noord-Holland;117;29;168;17629;6560;False;37;23;6;1;0;7;10;37;0;14;13;0;0;10;0;194175;454;1160;0;0;0;0;0;117;0;0;0;0;0;0;0;0;0;0;0;0;0;0;0;11;106;0;0;0;0;28;9;0;0;6;13;3;28;0;7;15;0;0;6;0;194175;454;1160;0;0;0;0;0;29;0;0;0;0;0;0;0;0;0;0;0;0;0;0;0;2101
BU04570801;BU04570801;Oostelijke Vechtoever;WK045708;Oostelijke Vechtoever;GM0457;Weesp;Noord-Holland Zuid;Noord-Holland;137;113;225;22836;11410;False;35;23;5;1;0;6;6;35;0;13;12;0;0;11;0;327796;555;1458;0;0;0;0;0;137;0;0;0;0;0;0;0;0;0;0;0;0;0;0;0;11;126;0;0;0;0;30;9;1;0;7;14;2;30;0;7;16;0;0;6;0;327796;555;1458;0;0;0;0;0;113;0;0;0;0;0;0;0;0;0;0;0;0;0;0;0;2102
BU04570901;BU04570901;Leeuwenveld;WK045709;Bloemendalerpolder;GM0457;Weesp;Noord-Holland Zuid;Noord-Holland;510;40;628;74543;15282;False;30;16;6;0;0;8;496;30;0;12;12;0;0;6;0;319377;292;509;0;0;0;0;0;510;0;0;0;0;0;0;0;0;0;0;0;0;0;0;0;356;154;0;0;0;0;21;6;0;0;3;11;143;21;0;5;12;0;0;4;0;319377;292;509;0;0;0;0;0;40;0;0;0;0;0;0;0;0;0;0;0;0;0;0;0;2103
BU04570902;BU04570902;Bedrijventerrein Nijverheidslaan;WK045709;Bloemendalerpolder;GM0457;Weesp;Noord-Holland Zuid;Noord-Holland;12;31;298;1713;37116;False;2;1;0;0;0;0;28;2;0;1;1;0;0;1;0;205279;451;690;0;0;0;0;0;12;0;0;0;0;0;0;0;0;0;0;0;0;0;0;0;0;12;0;0;0;0;50;19;1;0;5;25;331;50;0;14;28;0;0;7;0;205279;451;690;0;0;0;0;0;31;0;0;0;0;0;0;0;0;0;0;0;0;0;0;0;2104
BU04570903;BU04570903;Weespersluis;WK045709;Bloemendalerpolder;GM0457;Weesp;Noord-Holland Zuid;Noord-Holland;129;6;134;20563;587;False;37;20;7;0;0;9;11;37;0;14;15;0;0;8;0;80974;332;606;0;0;0;0;0;129;0;0;0;0;0;0;0;0;0;0;0;0;0;0;0;114;15;0;0;0;0;3;1;0;0;1;2;0;3;0;1;2;0;0;1;0;80974;332;606;0;0;0;0;0;6;0;0;0;0;0;0;0;0;0;0;0;0;0;0;0;2105
BU16960000;BU16960000;s-Graveland;WK169600;Wijk 00 s-Graveland;GM1696;Wijdemeren;Noord-Holland Zuid;Noord-Holland;713;87;929;78626;27972;False;33;19;6;1;0;7;45;33;0;13;12;0;0;8;0;929740;393;1002;0;0;0;0;0;713;0;0;0;0;0;0;0;0;0;0;0;0;0;0;0;105;608;0;0;0;0;19;5;0;0;4;10;10;19;0;4;11;0;0;4;0;929740;393;1002;0;0;0;0;0;87;0;0;0;0;0;0;0;0;0;0;0;0;0;0;0;2314
BU16960100;BU16960100;Oud-Kortenhoef;WK169601;Wijk 01 Kortenhoef;GM1696;Wijdemeren;Noord-Holland Zuid;Noord-Holland;159;26;193;19555;4320;False;40;24;7;1;0;8;20;40;0;15;15;0;0;10;0;218613;416;1137;0;0;0;0;0;159;0;0;0;0;0;0;0;0;0;0;0;0;0;0;0;18;141;0;0;0;0;17;5;0;0;5;6;4;17;0;4;8;0;0;4;0;218613;416;1137;0;0;0;0;0;26;0;0;0;0;0;0;0;0;0;0;0;0;0;0;0;2315
BU16960101;BU16960101;Rade Oranjebuurt Munniksveen en omgeving;WK169601;Wijk 01 Kortenhoef;GM1696;Wijdemeren;Noord-Holland Zuid;Noord-Holland;2674;366;2970;289566;38376;False;36;19;7;0;0;9;211;36;0;14;14;0;0;8;0;2466187;413;831;0;0;0;0;0;2674;0;0;0;0;0;0;0;0;0;0;0;0;0;0;0;373;2301;0;0;0;0;8;2;0;0;1;4;21;8;0;2;5;0;0;1;0;2466187;413;831;0;0;0;0;0;366;0;0;0;0;0;0;0;0;0;0;0;0;0;0;0;2316
BU16960102;BU16960102;Moleneind;WK169601;Wijk 01 Kortenhoef;GM1696;Wijdemeren;Noord-Holland Zuid;Noord-Holland;77;11;91;9051;1809;False;44;28;8;1;0;8;45;44;0;17;16;0;0;12;0;112872;456;1242;0;0;0;0;0;77;0;0;0;0;0;0;0;0;0;0;0;0;0;0;0;11;66;0;0;0;0;9;3;0;0;2;4;4;9;0;2;5;0;0;2;0;112872;456;1242;0;0;0;0;0;11;0;0;0;0;0;0;0;0;0;0;0;0;0;0;0;2317
BU16960103;BU16960103;Kromme Rade;WK169601;Wijk 01 Kortenhoef;GM1696;Wijdemeren;Noord-Holland Zuid;Noord-Holland;38;11;43;5079;592;False;50;32;8;1;0;9;7;50;0;18;17;0;0;14;0;63120;483;1483;0;0;0;0;0;38;0;0;0;0;0;0;0;0;0;0;0;0;0;0;0;2;36;0;0;0;0;9;3;0;0;3;2;1;9;0;3;3;0;0;3;0;63120;483;1483;0;0;0;0;0;11;0;0;0;0;0;0;0;0;0;0;0;0;0;0;0;2318
BU16960200;BU16960200;Ankeveen;WK169602;Wijk 02 Ankeveen;GM1696;Wijdemeren;Noord-Holland Zuid;Noord-Holland;119;5;127;14312;991;False;47;28;8;1;0;9;20;47;0;18;17;0;0;12;0;158351;443;1251;0;0;0;0;0;119;0;0;0;0;0;0;0;0;0;0;0;0;0;0;0;9;110;0;0;0;0;6;2;0;0;2;2;1;6;0;2;3;0;0;2;0;158351;443;1251;0;0;0;0;0;5;0;0;0;0;0;0;0;0;0;0;0;0;0;0;0;2319
BU16960201;BU16960201;Ankeveense Rade;WK169602;Wijk 02 Ankeveen;GM1696;Wijdemeren;Noord-Holland Zuid;Noord-Holland;491;81;568;51564;9933;False;36;20;7;1;0;8;66;36;0;14;14;0;0;8;0;553911;457;976;0;0;0;0;0;491;0;0;0;0;0;0;0;0;0;0;0;0;0;0;0;81;410;0;0;0;0;8;2;0;0;2;4;6;8;0;2;5;0;0;2;0;553911;457;976;0;0;0;0;0;81;0;0;0;0;0;0;0;0;0;0;0;0;0;0;0;2320
BU16960202;BU16960202;Hollandsch Ankeveen;WK169602;Wijk 02 Ankeveen;GM1696;Wijdemeren;Noord-Holland Zuid;Noord-Holland;56;5;72;8014;1982;False;43;27;7;1;0;8;17;43;0;16;15;0;0;12;0;83204;410;1168;0;0;0;0;0;56;0;0;0;0;0;0;0;0;0;0;0;0;0;0;0;9;47;0;0;0;0;17;3;0;0;2;12;2;17;0;2;13;0;0;2;0;83204;410;1168;0;0;0;0;0;5;0;0;0;0;0;0;0;0;0;0;0;0;0;0;0;2321
BU16960300;BU16960300;Oud-Loosdrecht;WK169603;Wijk 03 Loosdrecht;GM1696;Wijdemeren;Noord-Holland Zuid;Noord-Holland;1101;526;1600;123082;64787;False;31;18;6;0;0;6;54;31;0;12;11;0;0;7;0;1687557;478;1055;0;0;0;0;0;1101;0;0;0;0;0;0;0;0;0;0;0;0;0;0;0;164;937;0;0;0;0;24;7;1;0;7;9;17;24;0;6;12;0;0;6;0;1687557;478;1055;0;0;0;0;0;526;0;0;0;0;0;0;0;0;0;0;0;0;0;0;0;2322
BU16960400;BU16960400;Nieuw-Loosdrechtsedijk;WK169604;Wijk 04 Nieuw-Loosdrecht;GM1696;Wijdemeren;Noord-Holland Zuid;Noord-Holland;2735;450;3422;299314;89227;False;33;18;6;1;0;8;168;33;0;13;13;0;0;7;0;3354861;452;981;0;0;0;0;0;2735;0;0;0;0;0;0;0;0;0;0;0;0;0;0;0;370;2365;0;0;0;0;17;4;0;0;3;8;32;17;0;4;10;0;0;3;0;3354861;452;981;0;0;0;0;0;450;0;0;0;0;0;0;0;0;0;0;0;0;0;0;0;2323
BU16960401;BU16960401;Muijeveld;WK169604;Wijk 04 Nieuw-Loosdrecht;GM1696;Wijdemeren;Noord-Holland Zuid;Noord-Holland;65;4;67;10712;230;False;57;38;9;1;0;9;223;57;0;21;19;0;0;17;0;80866;385;1211;0;0;0;0;0;65;0;0;0;0;0;0;0;0;0;0;0;0;0;0;0;9;56;0;0;0;0;3;1;0;0;0;2;4;3;0;1;2;0;0;0;0;80866;385;1211;0;0;0;0;0;4;0;0;0;0;0;0;0;0;0;0;0;0;0;0;0;2324
BU16960402;BU16960402;Boomhoek;WK169604;Wijk 04 Nieuw-Loosdrecht;GM1696;Wijdemeren;Noord-Holland Zuid;Noord-Holland;73;589;335;11035;33977;False;12;8;2;0;0;2;24;12;0;4;4;0;0;4;0;669745;1003;2003;0;0;0;0;0;73;0;0;0;0;0;0;0;0;0;0;0;0;0;0;0;9;64;0;0;0;0;56;18;4;0;24;11;50;56;0;18;19;0;0;20;0;669745;1003;2003;0;0;0;0;0;589;0;0;0;0;0;0;0;0;0;0;0;0;0;0;0;2325
BU16960500;BU16960500;Breukeleveen;WK169605;Wijk 05 Breukeleveen;GM1696;Wijdemeren;Noord-Holland Zuid;Noord-Holland;137;7;143;19814;703;False;49;31;9;1;0;9;43;49;0;18;17;0;0;13;0;151671;381;1065;0;0;0;0;0;137;0;0;0;0;0;0;0;0;0;0;0;0;0;0;0;24;113;0;0;0;0;3;1;0;0;1;1;1;3;0;1;2;0;0;1;0;151671;381;1065;0;0;0;0;0;7;0;0;0;0;0;0;0;0;0;0;0;0;0;0;0;2326
BU16960601;BU16960601;Horn- en Kuijerpolder;WK169606;Wijk 06 Nederhorst den Berg;GM1696;Wijdemeren;Noord-Holland Zuid;Noord-Holland;540;189;677;64293;17684;False;36;21;7;1;0;8;71;36;0;13;14;0;0;9;0;723767;454;1071;0;0;0;0;0;540;0;0;0;0;0;0;0;0;0;0;0;0;0;0;0;25;515;0;0;0;0;19;7;1;0;6;5;20;19;0;6;7;0;0;6;0;723767;454;1071;0;0;0;0;0;189;0;0;0;0;0;0;0;0;0;0;0;0;0;0;0;2327
BU16960602;BU16960602;Blijkpolder;WK169606;Wijk 06 Nederhorst den Berg;GM1696;Wijdemeren;Noord-Holland Zuid;Noord-Holland;573;34;613;68643;5101;False;37;20;7;0;0;9;228;37;0;15;14;0;0;8;0;485430;413;793;0;0;0;0;0;573;0;0;0;0;0;0;0;0;0;0;0;0;0;0;0;152;421;0;0;0;0;5;1;0;0;1;3;10;5;0;1;4;0;0;1;0;485430;413;793;0;0;0;0;0;34;0;0;0;0;0;0;0;0;0;0;0;0;0;0;0;2328
BU16960603;BU16960603;Horstermeer;WK169606;Wijk 06 Nederhorst den Berg;GM1696;Wijdemeren;Noord-Holland Zuid;Noord-Holland;286;41;418;43050;17071;False;39;25;6;1;0;7;22;39;0;14;13;0;0;11;0;480824;375;1152;0;0;0;0;0;286;0;0;0;0;0;0;0;0;0;0;0;0;0;0;0;21;265;0;0;0;0;23;6;0;0;5;12;4;23;0;5;14;0;0;5;0;480824;375;1152;0;0;0;0;0;41;0;0;0;0;0;0;0;0;0;0;0;0;0;0;0;2329
BU16960604;BU16960604;Splegelpolder;WK169606;Wijk 06 Nederhorst den Berg;GM1696;Wijdemeren;Noord-Holland Zuid;Noord-Holland;837;95;925;97362;11339;False;37;21;7;1;0;9;115;37;0;15;14;0;0;8;0;795008;407;860;0;0;0;0;0;837;0;0;0;0;0;0;0;0;0;0;0;0;0;0;0;282;555;0;0;0;0;8;2;0;0;2;4;10;8;0;2;4;0;0;2;0;795008;407;860;0;0;0;0;0;95;0;0;0;0;0;0;0;0;0;0;0;0;0;0;0;2330
BU19420000;BU19420000;Brinklaan;WK194200;Bussum Centrum;GM1942;Gooise Meren;Noord-Holland Zuid;Noord-Holland;944;382;1559;88203;79855;False;20;11;4;0;0;5;1059;20;0;8;8;0;0;4;0;1423078;454;913;0;0;0;0;0;944;0;0;0;0;0;0;0;0;0;0;0;0;0;0;0;140;804;0;0;0;0;36;7;0;0;5;23;552;36;0;6;25;0;0;5;0;1423078;454;913;0;0;0;0;0;382;0;0;0;0;0;0;0;0;0;0;0;0;0;0;0;2589
BU19420001;BU19420001;Raadhuisplein;WK194200;Bussum Centrum;GM1942;Gooise Meren;Noord-Holland Zuid;Noord-Holland;834;150;1164;86411;42804;False;25;14;5;0;0;6;1085;25;0;10;10;0;0;5;0;989502;403;851;0;0;0;0;0;834;0;0;0;0;0;0;0;0;0;0;0;0;0;0;0;131;703;0;0;0;0;26;6;0;0;4;16;359;26;0;5;17;0;0;4;0;989502;403;851;0;0;0;0;0;150;0;0;0;0;0;0;0;0;0;0;0;0;0;0;0;2590
BU19420002;BU19420002;Verbindingslaan;WK194200;Bussum Centrum;GM1942;Gooise Meren;Noord-Holland Zuid;Noord-Holland;635;86;793;62631;20503;False;31;17;6;0;0;7;1387;31;0;12;12;0;0;7;0;779256;452;983;0;0;0;0;0;635;0;0;0;0;0;0;0;0;0;0;0;0;0;0;0;31;604;0;0;0;0;16;3;0;0;2;10;225;16;0;3;11;0;0;2;0;779256;452;983;0;0;0;0;0;86;0;0;0;0;0;0;0;0;0;0;0;0;0;0;0;2591
BU19420003;BU19420003;Batterijlaan;WK194200;Bussum Centrum;GM1942;Gooise Meren;Noord-Holland Zuid;Noord-Holland;499;37;568;55923;8862;False;38;21;7;1;0;9;1414;38;0;14;15;0;0;9;0;626321;449;1104;0;0;0;0;0;499;0;0;0;0;0;0;0;0;0;0;0;0;0;0;0;3;496;0;0;0;0;9;2;0;0;2;5;123;9;0;2;6;0;0;2;0;626321;449;1104;0;0;0;0;0;37;0;0;0;0;0;0;0;0;0;0;0;0;0;0;0;2592
BU19420004;BU19420004;Cereslaan;WK194200;Bussum Centrum;GM1942;Gooise Meren;Noord-Holland Zuid;Noord-Holland;567;51;656;53571;11516;False;33;18;7;0;0;8;1606;33;0;13;13;0;0;7;0;616493;478;940;0;0;0;0;0;567;0;0;0;0;0;0;0;0;0;0;0;0;0;0;0;66;501;0;0;0;0;11;2;0;0;2;7;104;11;0;1;8;0;0;1;0;616493;478;940;0;0;0;0;0;51;0;0;0;0;0;0;0;0;0;0;0;0;0;0;0;2593
BU19420005;BU19420005;Bijlstraat;WK194200;Bussum Centrum;GM1942;Gooise Meren;Noord-Holland Zuid;Noord-Holland;503;26;545;51237;5398;False;39;22;8;1;0;9;1376;39;0;15;15;0;0;9;0;564895;443;1037;0;0;0;0;0;503;0;0;0;0;0;0;0;0;0;0;0;0;0;0;0;132;371;0;0;0;0;5;2;0;0;2;2;84;5;0;1;2;0;0;2;0;564895;443;1037;0;0;0;0;0;26;0;0;0;0;0;0;0;0;0;0;0;0;0;0;0;2594
BU19420006;BU19420006;Nijverheidswerf;WK194200;Bussum Centrum;GM1942;Gooise Meren;Noord-Holland Zuid;Noord-Holland;420;52;511;36976;11727;False;30;16;6;0;0;8;1046;30;0;12;12;0;0;6;0;478883;419;939;0;0;0;0;0;420;0;0;0;0;0;0;0;0;0;0;0;0;0;0;0;15;405;0;0;0;0;12;4;0;0;3;5;206;12;0;3;6;0;0;3;0;478883;419;939;0;0;0;0;0;52;0;0;0;0;0;0;0;0;0;0;0;0;0;0;0;2595
BU19420007;BU19420007;Laarderwegkwartier;WK194200;Bussum Centrum;GM1942;Gooise Meren;Noord-Holland Zuid;Noord-Holland;633;141;718;58937;11027;False;32;17;6;0;0;8;919;32;0;13;13;0;0;7;0;636150;451;886;0;0;0;0;0;633;0;0;0;0;0;0;0;0;0;0;0;0;0;0;0;59;574;0;0;0;0;9;2;0;0;1;6;81;9;0;2;6;0;0;1;0;636150;451;886;0;0;0;0;0;141;0;0;0;0;0;0;0;0;0;0;0;0;0;0;0;2596
BU19420008;BU19420008;Spiegelzicht;WK194200;Bussum Centrum;GM1942;Gooise Meren;Noord-Holland Zuid;Noord-Holland;501;127;620;59095;15418;False;34;20;7;1;0;7;1077;34;0;13;13;0;0;8;0;677504;455;1093;0;0;0;0;0;501;0;0;0;0;0;0;0;0;0;0;0;0;0;0;0;63;438;0;0;0;0;15;3;0;0;2;10;118;15;0;2;11;0;0;2;0;677504;455;1093;0;0;0;0;0;127;0;0;0;0;0;0;0;0;0;0;0;0;0;0;0;2597
BU19420100;BU19420100;Prins Hendrikkwartier;WK194201;Brediuskwartier;GM1942;Gooise Meren;Noord-Holland Zuid;Noord-Holland;312;72;451;45974;17967;False;35;22;6;1;0;7;889;35;0;13;13;0;0;9;0;546598;410;1214;0;0;0;0;0;312;0;0;0;0;0;0;0;0;0;0;0;0;0;0;0;2;310;0;0;0;0;28;6;0;0;6;15;199;28;0;5;17;0;0;5;0;546598;410;1214;0;0;0;0;0;72;0;0;0;0;0;0;0;0;0;0;0;0;0;0;0;2598
BU19420101;BU19420101;Hooftlaan;WK194201;Brediuskwartier;GM1942;Gooise Meren;Noord-Holland Zuid;Noord-Holland;249;55;389;29961;18151;False;26;14;5;0;0;6;664;26;0;10;10;0;0;6;0;344886;416;887;0;0;0;0;0;249;0;0;0;0;0;0;0;0;0;0;0;0;0;0;0;114;135;0;0;0;0;30;9;0;0;4;16;331;30;0;7;18;0;0;5;0;344886;416;887;0;0;0;0;0;55;0;0;0;0;0;0;0;0;0;0;0;0;0;0;0;2599
BU19420102;BU19420102;Vondellaan;WK194201;Brediuskwartier;GM1942;Gooise Meren;Noord-Holland Zuid;Noord-Holland;442;48;545;58152;13292;False;39;23;7;1;0;8;847;39;0;15;14;0;0;10;0;669444;497;1230;0;0;0;0;0;442;0;0;0;0;0;0;0;0;0;0;0;0;0;0;0;0;442;0;0;0;0;10;3;0;0;1;6;79;10;0;2;7;0;0;1;0;669444;497;1230;0;0;0;0;0;48;0;0;0;0;0;0;0;0;0;0;0;0;0;0;0;2600
BU19420103;BU19420103;Bredius-West;WK194201;Brediuskwartier;GM1942;Gooise Meren;Noord-Holland Zuid;Noord-Holland;191;8;211;36809;2494;False;57;38;9;1;0;9;503;57;0;20;20;0;0;17;0;318214;423;1514;0;0;0;0;0;191;0;0;0;0;0;0;0;0;0;0;0;0;0;0;0;0;191;0;0;0;0;8;2;0;0;1;5;22;8;0;2;6;0;0;1;0;318214;423;1514;0;0;0;0;0;8;0;0;0;0;0;0;0;0;0;0;0;0;0;0;0;2601
BU19420104;BU19420104;Bredius-Oost;WK194201;Brediuskwartier;GM1942;Gooise Meren;Noord-Holland Zuid;Noord-Holland;431;24;618;57649;24235;False;34;21;6;1;0;6;440;34;0;12;12;0;0;9;0;700691;441;1135;0;0;0;0;0;431;0;0;0;0;0;0;0;0;0;0;0;0;0;0;0;4;427;0;0;0;0;19;7;1;0;4;7;128;19;0;6;9;0;0;4;0;700691;441;1135;0;0;0;0;0;24;0;0;0;0;0;0;0;0;0;0;0;0;0;0;0;2602
BU19420200;BU19420200;Sportpark-Zuid;WK194202;Eng;GM1942;Gooise Meren;Noord-Holland Zuid;Noord-Holland;1;16;87;100;11154;False;1;0;0;0;0;0;2;1;0;0;0;0;0;0;0;164762;643;1898;0;0;0;0;0;1;0;0;0;0;0;0;0;0;0;0;0;0;0;0;0;1;0;0;0;0;0;94;37;4;0;34;19;220;94;0;32;30;0;0;31;0;164762;643;1898;0;0;0;0;0;16;0;0;0;0;0;0;0;0;0;0;0;0;0;0;0;2603
BU19420201;BU19420201;Donderstraat;WK194202;Eng;GM1942;Gooise Meren;Noord-Holland Zuid;Noord-Holland;444;16;461;63178;2172;False;47;28;8;1;0;10;1068;47;0;17;18;0;0;12;0;537979;430;1168;0;0;0;0;0;444;0;0;0;0;0;0;0;0;0;0;0;0;0;0;0;1;443;0;0;0;0;3;0;0;0;0;3;15;3;0;0;3;0;0;0;0;537979;430;1168;0;0;0;0;0;16;0;0;0;0;0;0;0;0;0;0;0;0;0;0;0;2604
BU19420202;BU19420202;Godelindebuurt;WK194202;Eng;GM1942;Gooise Meren;Noord-Holland Zuid;Noord-Holland;410;12;424;40363;1701;False;38;21;7;1;0;9;1304;38;0;15;15;0;0;8;0;372039;429;879;0;0;0;0;0;410;0;0;0;0;0;0;0;0;0;0;0;0;0;0;0;66;344;0;0;0;0;3;0;0;0;0;2;24;3;0;0;2;0;0;0;0;372039;429;879;0;0;0;0;0;12;0;0;0;0;0;0;0;0;0;0;0;0;0;0;0;2605
BU19420203;BU19420203;Waltherlaan;WK194202;Eng;GM1942;Gooise Meren;Noord-Holland Zuid;Noord-Holland;260;24;274;40203;1732;False;49;31;8;1;0;9;936;49;0;18;18;0;0;13;0;361569;482;1323;0;0;0;0;0;260;0;0;0;0;0;0;0;0;0;0;0;0;0;0;0;0;260;0;0;0;0;2;0;0;0;0;1;11;2;0;0;1;0;0;0;0;361569;482;1323;0;0;0;0;0;24;0;0;0;0;0;0;0;0;0;0;0;0;0;0;0;2606
BU19420204;BU19420204;Bloemenbuurt;WK194202;Eng;GM1942;Gooise Meren;Noord-Holland Zuid;Noord-Holland;532;28;604;68692;9307;False;38;22;7;1;0;8;731;38;0;14;15;0;0;9;0;586783;382;972;0;0;0;0;0;532;0;0;0;0;0;0;0;0;0;0;0;0;0;0;0;28;504;0;0;0;0;8;3;0;0;1;4;83;8;0;3;5;0;0;1;0;586783;382;972;0;0;0;0;0;28;0;0;0;0;0;0;0;0;0;0;0;0;0;0;0;2607
BU19420205;BU19420205;Ooster Eng-Noord;WK194202;Eng;GM1942;Gooise Meren;Noord-Holland Zuid;Noord-Holland;920;252;1026;96513;13707;False;33;18;6;1;0;8;883;33;0;13;13;0;0;7;0;972759;490;949;0;0;0;0;0;920;0;0;0;0;0;0;0;0;0;0;0;0;0;0;0;68;852;0;0;0;0;7;1;0;0;2;4;55;7;0;1;5;0;0;1;0;972759;490;949;0;0;0;0;0;252;0;0;0;0;0;0;0;0;0;0;0;0;0;0;0;2608
BU19420206;BU19420206;Ooster Eng-Zuid;WK194202;Eng;GM1942;Gooise Meren;Noord-Holland Zuid;Noord-Holland;1277;437;1573;121834;38377;False;29;15;6;0;0;7;711;29;0;11;12;0;0;6;0;1516490;468;965;0;0;0;0;0;1277;0;0;0;0;0;0;0;0;0;0;0;0;0;0;0;6;1271;0;0;0;0;14;4;1;0;3;7;146;14;0;3;8;0;0;2;0;1516490;468;965;0;0;0;0;0;437;0;0;0;0;0;0;0;0;0;0;0;0;0;0;0;2609
BU19420207;BU19420207;Midden Eng-Oost;WK194202;Eng;GM1942;Gooise Meren;Noord-Holland Zuid;Noord-Holland;802;82;851;67474;6264;False;35;18;7;1;0;9;718;35;0;13;14;0;0;7;0;709412;443;834;0;0;0;0;0;802;0;0;0;0;0;0;0;0;0;0;0;0;0;0;0;127;675;0;0;0;0;4;1;0;0;0;2;30;4;0;1;3;0;0;1;0;709412;443;834;0;0;0;0;0;82;0;0;0;0;0;0;0;0;0;0;0;0;0;0;0;2610
BU19420208;BU19420208;Midden Eng-West;WK194202;Eng;GM1942;Gooise Meren;Noord-Holland Zuid;Noord-Holland;701;37;714;63344;1622;False;38;20;7;1;0;10;1114;38;0;15;15;0;0;8;0;639035;445;896;0;0;0;0;0;701;0;0;0;0;0;0;0;0;0;0;0;0;0;0;0;34;667;0;0;0;0;1;0;0;0;0;1;16;1;0;0;1;0;0;0;0;639035;445;896;0;0;0;0;0;37;0;0;0;0;0;0;0;0;0;0;0;0;0;0;0;2611
BU19420209;BU19420209;Wester Eng;WK194202;Eng;GM1942;Gooise Meren;Noord-Holland Zuid;Noord-Holland;1070;261;1289;83209;28385;False;27;13;6;0;0;7;566;27;0;11;11;0;0;5;0;1076608;488;836;0;0;0;0;0;1070;0;0;0;0;0;0;0;0;0;0;0;0;0;0;0;71;999;0;0;0;0;16;5;0;0;2;8;158;16;0;4;9;0;0;3;0;1076608;488;836;0;0;0;0;0;261;0;0;0;0;0;0;0;0;0;0;0;0;0;0;0;2612
BU19420300;BU19420300;Lomanplein;WK194203;Spiegel;GM1942;Gooise Meren;Noord-Holland Zuid;Noord-Holland;392;64;523;60011;17017;False;39;25;6;1;0;7;654;39;0;14;14;0;0;11;0;658697;417;1260;0;0;0;0;0;392;0;0;0;0;0;0;0;0;0;0;0;0;0;0;0;14;378;0;0;0;0;19;5;0;0;4;9;113;19;0;4;11;0;0;4;0;658697;417;1260;0;0;0;0;0;64;0;0;0;0;0;0;0;0;0;0;0;0;0;0;0;2613
BU19420301;BU19420301;Schimmellaan;WK194203;Spiegel;GM1942;Gooise Meren;Noord-Holland Zuid;Noord-Holland;156;46;206;19868;6488;False;34;21;6;1;0;7;463;34;0;12;13;0;0;9;0;211068;351;1025;0;0;0;0;0;156;0;0;0;0;0;0;0;0;0;0;0;0;0;0;0;0;156;0;0;0;0;21;5;0;0;3;12;92;21;0;4;13;0;0;4;0;211068;351;1025;0;0;0;0;0;46;0;0;0;0;0;0;0;0;0;0;0;0;0;0;0;2614
BU19420302;BU19420302;Boslaan;WK194203;Spiegel;GM1942;Gooise Meren;Noord-Holland Zuid;Noord-Holland;518;33;676;86202;20518;False;44;29;7;1;0;7;521;44;0;16;15;0;0;13;0;908834;415;1345;0;0;0;0;0;518;0;0;0;0;0;0;0;0;0;0;0;0;0;0;0;7;511;0;0;0;0;12;4;0;0;2;6;65;12;0;3;7;0;0;2;0;908834;415;1345;0;0;0;0;0;33;0;0;0;0;0;0;0;0;0;0;0;0;0;0;0;2615
BU19420303;BU19420303;Koedijk;WK194203;Spiegel;GM1942;Gooise Meren;Noord-Holland Zuid;Noord-Holland;269;15;273;48318;485;False;59;39;9;1;0;9;572;59;0;21;20;0;0;18;0;434372;494;1593;0;0;0;0;0;269;0;0;0;0;0;0;0;0;0;0;0;0;0;0;0;6;263;0;0;0;0;1;0;0;0;0;1;2;1;0;0;1;0;0;0;0;434372;494;1593;0;0;0;0;0;15;0;0;0;0;0;0;0;0;0;0;0;0;0;0;0;2616
BU19420304;BU19420304;Kom van Bieghel;WK194203;Spiegel;GM1942;Gooise Meren;Noord-Holland Zuid;Noord-Holland;697;123;935;69184;30930;False;27;15;5;0;0;7;619;27;0;10;11;0;0;6;0;794980;445;850;0;0;0;0;0;697;0;0;0;0;0;0;0;0;0;0;0;0;0;0;0;6;691;0;0;0;0;19;6;0;0;3;10;181;19;0;5;11;0;0;3;0;794980;445;850;0;0;0;0;0;123;0;0;0;0;0;0;0;0;0;0;0;0;0;0;0;2617
BU19420305;BU19420305;Meijerkamp;WK194203;Spiegel;GM1942;Gooise Meren;Noord-Holland Zuid;Noord-Holland;213;20;239;32701;3356;False;48;30;8;1;0;9;388;48;0;18;17;0;0;13;0;317158;470;1328;0;0;0;0;0;213;0;0;0;0;0;0;0;0;0;0;0;0;0;0;0;2;211;0;0;0;0;9;3;0;0;3;2;39;9;0;3;3;0;0;3;0;317158;470;1328;0;0;0;0;0;20;0;0;0;0;0;0;0;0;0;0;0;0;0;0;0;2618
BU19420306;BU19420306;Fransekamp;WK194203;Spiegel;GM1942;Gooise Meren;Noord-Holland Zuid;Noord-Holland;108;24;351;18553;31534;False;15;10;3;0;0;3;24;15;0;6;5;0;0;4;0;230494;406;657;0;0;0;0;0;108;0;0;0;0;0;0;0;0;0;0;0;0;0;0;0;59;49;0;0;0;0;68;13;0;0;6;49;26;68;0;10;52;0;0;7;0;230494;406;657;0;0;0;0;0;24;0;0;0;0;0;0;0;0;0;0;0;0;0;0;0;2619
BU19420400;BU19420400;Vesting Muiden;WK194204;Muiden;GM1942;Gooise Meren;Noord-Holland Zuid;Noord-Holland;645;74;757;70079;14462;False;35;20;7;1;0;8;674;35;0;13;14;0;0;8;0;792059;453;1047;0;0;0;0;0;645;0;0;0;0;0;0;0;0;0;0;0;0;0;0;0;13;632;0;0;0;0;12;3;0;0;3;6;78;12;0;2;7;0;0;3;0;792059;453;1047;0;0;0;0;0;74;0;0;0;0;0;0;0;0;0;0;0;0;0;0;0;2620
BU19420401;BU19420401;Krijgsman;WK194204;Muiden;GM1942;Gooise Meren;Noord-Holland Zuid;Noord-Holland;595;45;628;72151;4245;False;39;22;8;1;0;9;156;39;0;15;15;0;0;9;0;522435;406;832;0;0;0;0;0;595;0;0;0;0;0;0;0;0;0;0;0;0;0;0;0;141;454;0;0;0;0;4;1;0;0;1;2;5;4;0;1;3;0;0;1;0;522435;406;832;0;0;0;0;0;45;0;0;0;0;0;0;0;0;0;0;0;0;0;0;0;2621
BU19420402;BU19420402;Muiderberg;WK194204;Muiden;GM1942;Gooise Meren;Noord-Holland Zuid;Noord-Holland;774;228;861;98994;11217;False;41;24;7;1;0;9;184;41;0;15;16;0;0;10;0;1030849;500;1198;0;0;0;0;0;774;0;0;0;0;0;0;0;0;0;0;0;0;0;0;0;81;693;0;0;0;0;8;2;0;0;2;4;14;8;0;2;4;0;0;2;0;1030849;500;1198;0;0;0;0;0;228;0;0;0;0;0;0;0;0;0;0;0;0;0;0;0;2622
BU19420403;BU19420403;Mariahoeve Muiden;WK194204;Muiden;GM1942;Gooise Meren;Noord-Holland Zuid;Noord-Holland;324;28;341;41731;2176;False;41;24;8;1;0;9;596;41;0;16;16;0;0;10;0;331281;452;972;0;0;0;0;0;324;0;0;0;0;0;0;0;0;0;0;0;0;0;0;0;2;322;0;0;0;0;5;1;0;0;1;3;25;5;0;1;3;0;0;1;0;331281;452;972;0;0;0;0;0;28;0;0;0;0;0;0;0;0;0;0;0;0;0;0;0;2623
BU19420404;BU19420404;Buitendijken Muiderberg;WK194204;Muiden;GM1942;Gooise Meren;Noord-Holland Zuid;Noord-Holland;527;34;538;61676;1424;False;39;21;8;0;0;10;836;39;0;15;15;0;0;8;0;410961;409;764;0;0;0;0;0;527;0;0;0;0;0;0;0;0;0;0;0;0;0;0;0;13;514;0;0;0;0;1;0;0;0;0;1;7;1;0;0;1;0;0;0;0;410961;409;764;0;0;0;0;0;34;0;0;0;0;0;0;0;0;0;0;0;0;0;0;0;2624
BU19420408;BU19420408;Pampusweg;WK194204;Muiden;GM1942;Gooise Meren;Noord-Holland Zuid;Noord-Holland;4;31;158;739;20014;False;2;1;0;0;0;0;1;2;0;1;1;0;0;1;0;87031;501;551;0;0;0;0;0;4;0;0;0;0;0;0;0;0;0;0;0;0;0;0;0;0;4;0;0;0;0;95;17;1;0;8;70;14;95;0;13;74;0;0;9;0;87031;501;551;0;0;0;0;0;31;0;0;0;0;0;0;0;0;0;0;0;0;0;0;0;2625
BU19420409;BU19420409;IJmeer;WK194204;Muiden;GM1942;Gooise Meren;Noord-Holland Zuid;Noord-Holland;1;0;1;123;0;False;53;32;10;1;0;9;5;53;0;20;19;0;0;14;0;1500;496;1500;0;0;0;0;0;1;0;0;0;0;0;0;0;0;0;0;0;0;0;0;0;0;1;0;0;0;0;0;0;0;0;0;0;0;0;0;0;0;0;0;0;0;1500;496;1500;0;0;0;0;0;0;0;0;0;0;0;0;0;0;0;0;0;0;0;0;0;2626
BU19420410;BU19420410;Noordpolder;WK194204;Muiden;GM1942;Gooise Meren;Noord-Holland Zuid;Noord-Holland;74;17;139;11238;8354;False;29;19;5;1;0;5;5;29;0;10;10;0;0;8;0;148278;404;1072;0;0;0;0;0;74;0;0;0;0;0;0;0;0;0;0;0;0;0;0;0;6;68;0;0;0;0;45;10;1;0;7;27;2;45;0;8;29;0;0;7;0;148278;404;1072;0;0;0;0;0;17;0;0;0;0;0;0;0;0;0;0;0;0;0;0;0;2627
BU19420501;BU19420501;Naarden Vesting;WK194205;Naarden;GM1942;Gooise Meren;Noord-Holland Zuid;Noord-Holland;840;232;1148;96672;39946;False;31;18;6;1;0;7;474;31;0;12;12;0;0;7;0;1180599;410;1029;0;0;0;0;0;840;0;0;0;0;0;0;0;0;0;0;0;0;0;0;0;51;789;0;0;0;0;23;4;0;0;5;13;91;23;0;3;15;0;0;4;0;1180599;410;1029;0;0;0;0;0;232;0;0;0;0;0;0;0;0;0;0;0;0;0;0;0;2628
BU19420502;BU19420502;Tuindorp Keverdijk;WK194205;Naarden;GM1942;Gooise Meren;Noord-Holland Zuid;Noord-Holland;1693;246;1854;161347;20924;False;35;19;7;1;0;9;597;35;0;14;14;0;0;7;0;1733245;460;935;0;0;0;0;0;1693;0;0;0;0;0;0;0;0;0;0;0;0;0;0;0;102;1591;0;0;0;0;7;2;0;0;1;4;40;7;0;1;4;0;0;1;0;1733245;460;935;0;0;0;0;0;246;0;0;0;0;0;0;0;0;0;0;0;0;0;0;0;2629
BU19420503;BU19420503;Naarderwoonbos;WK194205;Naarden;GM1942;Gooise Meren;Noord-Holland Zuid;Noord-Holland;182;16;203;33818;2649;False;47;30;7;1;0;9;136;47;0;16;17;0;0;13;0;206854;419;1022;0;0;0;0;0;182;0;0;0;0;0;0;0;0;0;0;0;0;0;0;0;5;177;0;0;0;0;6;2;0;0;1;2;9;6;0;2;3;0;0;1;0;206854;419;1022;0;0;0;0;0;16;0;0;0;0;0;0;0;0;0;0;0;0;0;0;0;2630
BU19420504;BU19420504;Bedrijvenpark Gooimeer-Zuid;WK194205;Naarden;GM1942;Gooise Meren;Noord-Holland Zuid;Noord-Holland;10;148;547;1254;69783;False;1;1;0;0;0;0;8;1;0;0;0;0;0;0;0;491596;475;899;0;0;0;0;0;10;0;0;0;0;0;0;0;0;0;0;0;0;0;0;0;0;10;0;0;0;0;66;17;0;0;9;40;220;66;0;13;44;0;0;10;0;491596;475;899;0;0;0;0;0;148;0;0;0;0;0;0;0;0;0;0;0;0;0;0;0;2631
BU19420506;BU19420506;Oranje Nassaupark-Noord;WK194205;Naarden;GM1942;Gooise Meren;Noord-Holland Zuid;Noord-Holland;253;65;279;41097;3333;False;46;28;8;1;0;9;473;46;0;17;17;0;0;12;0;341114;450;1224;0;0;0;0;0;253;0;0;0;0;0;0;0;0;0;0;0;0;0;0;0;7;246;0;0;0;0;6;2;0;0;1;3;23;6;0;1;3;0;0;1;0;341114;450;1224;0;0;0;0;0;65;0;0;0;0;0;0;0;0;0;0;0;0;0;0;0;2632
BU19420507;BU19420507;Oranje Nassaupark-Zuid;WK194205;Naarden;GM1942;Gooise Meren;Noord-Holland Zuid;Noord-Holland;547;70;583;74204;4660;False;44;27;8;1;0;9;675;44;0;16;16;0;0;11;0;699801;455;1201;0;0;0;0;0;547;0;0;0;0;0;0;0;0;0;0;0;0;0;0;0;2;545;0;0;0;0;6;1;0;0;1;3;29;6;0;1;4;0;0;1;0;699801;455;1201;0;0;0;0;0;70;0;0;0;0;0;0;0;0;0;0;0;0;0;0;0;2633
BU19420508;BU19420508;Ministerpark;WK194205;Naarden;GM1942;Gooise Meren;Noord-Holland Zuid;Noord-Holland;1054;115;1129;126922;9723;False;41;24;8;1;0;9;804;41;0;15;16;0;0;10;0;1221704;464;1082;0;0;0;0;0;1054;0;0;0;0;0;0;0;0;0;0;0;0;0;0;0;26;1028;0;0;0;0;6;2;0;0;1;3;42;6;0;1;3;0;0;1;0;1221704;464;1082;0;0;0;0;0;115;0;0;0;0;0;0;0;0;0;0;0;0;0;0;0;2634
BU19420509;BU19420509;Componistenkwartier;WK194205;Naarden;GM1942;Gooise Meren;Noord-Holland Zuid;Noord-Holland;716;112;1099;91767;49673;False;28;16;5;0;0;6;213;28;0;11;11;0;0;7;0;1319802;565;1202;0;0;0;0;0;716;0;0;0;0;0;0;0;0;0;0;0;0;0;0;0;51;665;0;0;0;0;27;10;1;0;4;12;111;27;0;9;14;0;0;4;0;1319802;565;1202;0;0;0;0;0;112;0;0;0;0;0;0;0;0;0;0;0;0;0;0;0;2635
BU19420510;BU19420510;Rembrandtpark;WK194205;Naarden;GM1942;Gooise Meren;Noord-Holland Zuid;Noord-Holland;912;79;1034;133591;15858;False;42;26;7;1;0;8;652;42;0;15;16;0;0;11;0;1108248;425;1072;0;0;0;0;0;912;0;0;0;0;0;0;0;0;0;0;0;0;0;0;0;114;798;0;0;0;0;7;2;0;0;1;4;39;7;0;1;4;0;0;1;0;1108248;425;1072;0;0;0;0;0;79;0;0;0;0;0;0;0;0;0;0;0;0;0;0;0;2636
BU19420511;BU19420511;Bos van Bredius-Noord;WK194205;Naarden;GM1942;Gooise Meren;Noord-Holland Zuid;Noord-Holland;95;3;132;17911;4806;False;47;32;7;1;0;7;276;47;0;16;16;0;0;15;0;167831;292;1272;0;0;0;0;0;95;0;0;0;0;0;0;0;0;0;0;0;0;0;0;0;6;89;0;0;0;0;28;7;0;0;5;17;47;28;0;5;18;0;0;5;0;167831;292;1272;0;0;0;0;0;3;0;0;0;0;0;0;0;0;0;0;0;0;0;0;0;2637
BU19420512;BU19420512;Valkeveen;WK194205;Naarden;GM1942;Gooise Meren;Noord-Holland Zuid;Noord-Holland;261;108;521;44010;33706;False;25;16;4;0;0;5;12;25;0;10;9;0;0;7;0;536578;400;1031;0;0;0;0;0;261;0;0;0;0;0;0;0;0;0;0;0;0;0;0;0;80;181;0;0;0;0;51;15;1;0;10;26;9;51;0;11;29;0;0;10;0;536578;400;1031;0;0;0;0;0;108;0;0;0;0;0;0;0;0;0;0;0;0;0;0;0;2638
BU19420513;BU19420513;Naardermeer;WK194205;Naarden;GM1942;Gooise Meren;Noord-Holland Zuid;Noord-Holland;25;20;41;3686;1980;False;34;22;5;1;0;6;2;34;0;12;12;0;0;10;0;53095;543;1320;0;0;0;0;0;25;0;0;0;0;0;0;0;0;0;0;0;0;0;0;0;2;23;0;0;0;0;30;5;1;0;9;16;0;30;0;4;19;0;0;7;0;53095;543;1320;0;0;0;0;0;20;0;0;0;0;0;0;0;0;0;0;0;0;0;0;0;2639
BU19420515;BU19420515;Bos van Bredius-Zuid;WK194205;Naarden;GM1942;Gooise Meren;Noord-Holland Zuid;Noord-Holland;46;0;46;8711;0;False;61;41;10;1;0;10;47;61;0;22;21;0;0;18;0;69131;469;1503;0;0;0;0;0;46;0;0;0;0;0;0;0;0;0;0;0;0;0;0;0;1;45;0;0;0;0;0;0;0;0;0;0;0;0;0;0;0;0;0;0;0;69131;469;1503;0;0;0;0;0;0;0;0;0;0;0;0;0;0;0;0;0;0;0;0;0;2640
BU19420555;BU19420555;Bedrijvenpark Gooimeer-Noord;WK194205;Naarden;GM1942;Gooise Meren;Noord-Holland Zuid;Noord-Holland;0;89;457;0;59326;False;0;0;0;0;0;0;0;0;0;0;0;0;0;0;0;358713;408;786;0;0;0;0;0;0;0;0;0;0;0;0;0;0;0;0;0;0;0;0;0;0;0;0;0;0;0;101;33;1;0;18;50;815;101;0;25;57;0;0;19;0;358713;408;786;0;0;0;0;0;89;0;0;0;0;0;0;0;0;0;0;0;0;0;0;0;2641
BU19420565;BU19420565;Vierhoven;WK194205;Naarden;GM1942;Gooise Meren;Noord-Holland Zuid;Noord-Holland;511;106;582;44907;9175;False;30;15;6;0;0;8;923;30;0;12;12;0;0;6;0;475876;427;818;0;0;0;0;0;511;0;0;0;0;0;0;0;0;0;0;0;0;0;0;0;93;418;0;0;0;0;11;3;0;0;2;6;157;11;0;3;6;0;0;2;0;475876;427;818;0;0;0;0;0;106;0;0;0;0;0;0;0;0;0;0;0;0;0;0;0;2642
BU19420575;BU19420575;Naardermeerkwartier;WK194205;Naarden;GM1942;Gooise Meren;Noord-Holland Zuid;Noord-Holland;183;78;210;21070;3468;False;36;20;7;1;0;8;507;36;0;14;14;0;0;8;0;217987;509;1040;0;0;0;0;0;183;0;0;0;0;0;0;0;0;0;0;0;0;0;0;0;26;157;0;0;0;0;7;1;0;0;1;4;24;7;0;1;5;0;0;1;0;217987;509;1040;0;0;0;0;0;78;0;0;0;0;0;0;0;0;0;0;0;0;0;0;0;2643
BU19420585;BU19420585;De Fortlanden;WK194205;Naarden;GM1942;Gooise Meren;Noord-Holland Zuid;Noord-Holland;405;7;462;43290;7310;False;33;18;7;0;0;8;612;33;0;13;13;0;0;7;0;332626;389;721;0;0;0;0;0;405;0;0;0;0;0;0;0;0;0;0;0;0;0;0;0;11;394;0;0;0;0;5;2;0;0;0;3;43;5;0;1;3;0;0;0;0;332626;389;721;0;0;0;0;0;7;0;0;0;0;0;0;0;0;0;0;0;0;0;0;0;2644
BU03769997;BU03769997;UITGESLOTEN;WK037699;UITGESLOTEN;GM0376;UITGESLOTEN;UITGESLOTEN;UITGESLOTEN;0;0;0;0;0;True;0;0;0;0;0;0;0;0;0;0;0;0;0;0;0;0;0;0;0;0;0;0;0;0;0;0;0;0;0;0;0;0;0;0;0;0;0;0;0;0;0;0;0;0;0;0;0;0;0;0;0;0;0;0;0;0;0;0;0;0;0;0;0;0;0;0;0;0;0;0;0;0;0;0;0;0;0;0;0;0;0;0;0;0;2698
BU04069997;BU04069997;UITGESLOTEN;WK040699;UITGESLOTEN;GM0406;UITGESLOTEN;UITGESLOTEN;UITGESLOTEN;0;0;0;8841;0;True;0;0;0;0;0;0;0;0;0;0;0;0;0;0;0;0;0;0;0;0;0;0;0;0;0;0;0;0;0;0;0;0;0;0;0;0;0;0;0;10;60;0;0;0;0;0;0;0;0;0;0;0;0;0;0;0;0;0;0;0;0;0;0;0;0;0;0;0;0;0;0;0;0;0;0;0;0;0;0;0;0;0;0;0;2703
BU19429997;BU19429997;UITGESLOTEN;WK194299;UITGESLOTEN;GM1942;UITGESLOTEN;UITGESLOTEN;UITGESLOTEN;0;0;0;0;71;True;0;0;0;0;0;0;0;0;0;0;0;0;0;0;0;0;0;0;0;0;0;0;0;0;0;0;0;0;0;0;0;0;0;0;0;0;0;0;0;0;0;0;0;0;0;0;0;0;0;0;0;0;0;0;0;0;0;0;0;0;0;0;0;0;0;0;0;0;0;0;0;0;0;0;0;0;0;0;0;0;0;0;0;0;2707
