BU_CODE,I01_buurtcode,I02_buurtnaam,I03_wijkcode,I04_wijknaam,I05_gemeentecode,I06_gemeentenaam,I07_energieregionaam,I08_provincienaam,I09_aantal_woningen,I10_aantal_utiliteit,I11_woningequivalenten,I12_opp_woningen,I13_opp_utiliteit,Uitgesloten,Woning_H01_Vraag_Warmte_Totaal,Woning_H02_Vraag_Ruimteverwarming,Woning_H03_Vraag_Tapwater,Woning_H04_Vraag_Ventilatie,Woning_H05_Vraag_Koude,Woning_H06_Vraag_Apparaten,Woning_H07_Vraag_perhectare,Woning_H08_Input_Totaal,Woning_H09_Input_Aardgas,Woning_H10_Input_Duurzaamgas,Woning_H11_Input_Elektriciteit,Woning_H12_Input_MTwarmte,Woning_H13_Input_LTwarmte,Woning_H14_Saldo_Omgevingswarmte,Woning_H19_Waarde_hernieuwbaar_gas,Woning_H21_CapaciteitsvraagE,Woning_H22_AantalNieuweMSR,Woning_A01_Aansl_aardgas,Woning_A02_Aansl_groengas,Woning_A03_Aansl_waterstof,Woning_A04_Aansl_Gasketel,Woning_A05_Aansl_eWP_lucht,Woning_A05_Aansl_eWP_bodem,Woning_A06_Aansl_Rest70_collGGheater,Woning_A07_Aansl_Geo70_collGGheater,Woning_A08_Aansl_Rest30_eWPlucht,Woning_A09_Aansl_Rest30_colleWP70,Woning_A10_Aansl_WKO15_colleWP70,Woning_A11_Aansl_WKO15_colleWP50_beWP,Woning_A12_Aansl_WKO15_TEO15_colleWP70,Woning_A13_Aansl_hWP,Woning_A14_Aansl_h2WP,Woning_A15_Aansl_h2R,Woning_A16_Aansl_naarA,Woning_A17_Aansl_naarB,Woning_A18_Aansl_naarC,Woning_A19_Aansl_naarD,Woning_G01_Aansl_LT15_50,Woning_G02_Aansl_LT15_70,Woning_G03_Aansl_LT30_30,Woning_G04_Aansl_LT30_70,Woning_G05_Aansl_TEO,Woning_G06_Aansl_WKO,Woning_G07_Aansl_WijkWKK,Woning_G08_Aansl_BioWKK,Woning_G09_Aansl_BuurtWKO,Woning_G10_Aansl_Restwarmte,Woning_G11_Aansl_Geothermie,Woning_G12_Aansl_WaterstofHR,Woning_G13_Aansl_WaterstofWP,Woning_L01_Aansl_LabelAppp,Woning_L02_Aansl_LabelA,Woning_L03_Aansl_LabelB,Woning_L04_Aansl_LabelC,Woning_L05_Aansl_LabelD,Woning_L06_Aansl_LabelE,Woning_L07_Aansl_LabelF,Util_H01_Vraag_Warmte_Totaal,Util_H02_Vraag_Ruimteverwarming,Util_H03_Vraag_Tapwater,Util_H04_Vraag_Ventilatie,Util_H05_Vraag_Koude,Util_H06_Vraag_Apparaten,Util_H07_Vraag_perhectare,Util_H08_Input_Totaal,Util_H09_Input_Aardgas,Util_H10_Input_Duurzaamgas,Util_H11_Input_Elektriciteit,Util_H12_Input_MTwarmte,Util_H13_Input_LTwarmte,Util_H14_Saldo_Omgevingswarmte,Util_H19_Waarde_hernieuwbaar_gas,Util_H21_CapaciteitsvraagE,Util_H22_AantalNieuweMSR,Util_A01_Aansl_aardgas,Util_A02_Aansl_groengas,Util_A03_Aansl_waterstof,Util_A04_Aansl_gasketel,Util_A05_Aansl_eWP_lucht,Util_A05_Aansl_eWP_bodem,Util_A06_Aansl_Rest70_collGGheater,Util_A07_Aansl_Geo70_collGGheater,Util_A08_Aansl_Rest30_eWPlucht,Util_A09_Aansl_Rest30_colleWP70,Util_A10_Aansl_WKO15_colleWP70,Util_A11_Aansl_WKO15_colleWP50_beWP,Util_A12_Aansl_WKO15_TEO15_colleWP70,Util_A13_Aansl_hWP,Util_A14_Aansl_h2WP,Util_A15_Aansl_h2R,Util_A17_Aansl_naarB,Util_A18_Aansl_naarC,Util_A19_Aansl_naarD,Util_G01_Aansl_LT15_50,Util_G02_Aansl_LT15_70,Util_G03_Aansl_LT30_30,Util_G04_Aansl_LT30_70,Util_G05_Aansl_TEO,Util_G06_Aansl_WKO,Util_G07_Aansl_WijkWKK,Util_G08_Aansl_BioWKK,Util_G09_Aansl_BuurtWKO,Util_G10_Aansl_Restwarmte,Util_G11_Aansl_Geothermie,Util_G12_Aansl_WaterstofHR,Util_G13_Aansl_WaterstofWP,Util_L01_Aansl_LabelAppp,Util_L02_Aansl_LabelA,Util_L03_Aansl_LabelB,Util_L04_Aansl_LabelC,Util_L05_Aansl_LabelD,Util_L06_Aansl_LabelE,Util_L07_Aansl_LabelF,H15_CO2_uitstoot,H16_Nat_meerkost,H17_Nat_meerkost_CO2,H18_Nat_meerkost_WEQ,H23_Capaciteit_huidig,nr_OrgEntity
BU03760101,BU03760101,Bijvanck,WK037601,Blaricum,GM0376,Blaricum,Noord-Holland Zuid,Noord-Holland,1814,98,1893,219392,10188,FALSE,53945.9678,39669.3678,14276.6,910.57069,0,17406.65,530,72263.1885,0,57972.234,19120.0921,0,0,-4829.13763,0,2721,0,0,1814,0,1814,0,0,0,0,0,0,0,0,0,0,0,0,0,0,0,0,0,0,0,0,0,0,0,0,0,0,0,0,0,0,292,1473,0,0,0,0,1802.94198,1674.06383,128.878158,0,881.154164,3008.334,18,5692.43015,0,1788.6742,3300.06625,0,0,603.689698,0,290.358,0,0,98,0,98,0,0,0,0,0,0,0,0,0,0,0,0,0,0,0,0,0,0,0,0,0,0,0,0,0,0,0,0,0,0,98,0,0,0,0,0,1830079,487,967,3590,581
BU03760103,BU03760103,Blaricummer Heide,WK037601,Blaricum,GM0376,Blaricum,Noord-Holland Zuid,Noord-Holland,1,3,9,200,996,FALSE,53.4331766,44.9331766,8.5,1.3242554,0,9.7,1,64.457432,0,55.0105331,11.6433354,0,0,-2.19643646,0,1.5,0,0,1,0,1,0,0,0,0,0,0,0,0,0,0,0,0,0,0,0,0,0,0,0,0,0,0,0,0,0,0,0,0,0,0,0,1,0,0,0,0,233.73772,205.019129,28.7185911,0,248.453439,179.184,3,661.375159,0,237.02071,256.164937,0,0,168.189512,0,28.386,0,0,3,0,3,0,0,0,0,0,0,0,0,0,0,0,0,0,0,0,0,0,0,0,0,0,0,0,0,0,0,0,0,0,0,3,0,0,0,0,0,10576,262,1175,29.886,582
BU03760105,BU03760105,Crailo,WK037601,Blaricum,GM0376,Blaricum,Noord-Holland Zuid,Noord-Holland,56,5,355,11012,38814,FALSE,2643.7445,2152.2445,491.5,70.7752945,0,527.3,73,3241.8198,0,2752.10476,631.542014,0,0,-141.826974,0,84,0,0,56,0,56,0,0,0,0,0,0,0,0,0,0,0,0,0,0,0,0,0,0,0,0,0,0,0,0,0,0,0,0,0,0,2,54,0,0,0,0,16363.8843,14886.311,1477.5732,0,1957.26744,9071.226,454,27392.3777,0,16365.9456,9868.36743,0,0,1158.06463,0,1106.199,0,0,5,0,5,0,0,0,0,0,0,0,0,0,0,0,0,0,0,0,0,0,0,0,0,0,0,0,0,0,0,0,0,0,0,5,0,0,0,0,0,349419,301,984,1190.199,583
BU04020101,BU04020101,Centrum,WK040201,Centrum,GM0402,Hilversum,Noord-Holland Zuid,Noord-Holland,1922,545,3836,174700,248751,FALSE,44130.0201,30566.9701,13563.05,592.93954,0,16682.8,1111,61405.7597,0,48228.8869,17902.4215,0,0,-4725.54875,0,2883,0,0,1922,0,1922,0,0,0,0,0,0,0,0,0,0,0,0,0,0,0,0,0,0,0,0,0,0,0,0,0,0,0,0,0,0,387,1529,0,0,0,0,36672.0226,34622.6,2049.42267,0,28180.822,112335.348,923,177188.193,0,36137.3819,121353.082,0,0,19697.729,0,7089.4035,0,0,545,0,545,0,0,0,0,0,0,0,0,0,0,0,0,0,0,0,0,0,0,0,0,0,0,0,0,0,0,0,0,0,0,545,0,0,0,0,0,3245597,417,846,9972.4035,929
BU04020102,BU04020102,Havenstraatbuurt,WK040201,Centrum,GM0402,Hilversum,Noord-Holland Zuid,Noord-Holland,1532,196,1744,128565,27500,FALSE,37854.4302,26259.4802,11594.95,676.64945,0,13906.24,1728,52437.3196,0,41353.5974,15096.8314,0,0,-4013.10918,0,2298,0,0,1532,0,1532,0,0,0,0,0,0,0,0,0,0,0,0,0,0,0,0,0,0,0,0,0,0,0,0,0,0,0,0,0,0,197,1335,0,0,0,0,3450.88795,3206.4297,244.458252,0,3166.23472,12277.182,158,18894.3047,0,3422.63083,13287.0621,0,0,2184.61171,0,783.75,0,0,196,0,196,0,0,0,0,0,0,0,0,0,0,0,0,0,0,0,0,0,0,0,0,0,0,0,0,0,0,0,0,0,0,196,0,0,0,0,0,1619679,472,929,3081.75,930
BU04020103,BU04020103,Sint Vitusbuurt,WK040201,Centrum,GM0402,Hilversum,Noord-Holland Zuid,Noord-Holland,837,57,1022,72019,24048,FALSE,22555.922,16137.922,6418,457.222599,0,7816.59,1112,30829.7346,0,24431.1216,8571.80876,0,0,-2173.19574,0,1255.5,0,0,837,0,837,0,0,0,0,0,0,0,0,0,0,0,0,0,0,0,0,0,0,0,0,0,0,0,0,0,0,0,0,0,0,49,788,0,0,0,0,3405.92318,3173.32024,232.602936,0,2113.11687,5667.97,168,11187.01,0,3374.32909,6367.26404,0,0,1445.41691,0,685.368,0,0,57,0,57,0,0,0,0,0,0,0,0,0,0,0,0,0,0,0,0,0,0,0,0,0,0,0,0,0,0,0,0,0,0,57,0,0,0,0,0,1025202,450,1003,1940.868,931
BU04020104,BU04020104,Langgewenstbuurt,WK040201,Centrum,GM0402,Hilversum,Noord-Holland Zuid,Noord-Holland,994,261,1798,78864,104436,FALSE,22701.8485,15780.3485,6921.5,346.330652,0,8727.03,1104,31775.2091,0,24786.6065,9380.32297,0,0,-2391.72028,0,1491,0,0,994,0,994,0,0,0,0,0,0,0,0,0,0,0,0,0,0,0,0,0,0,0,0,0,0,0,0,0,0,0,0,0,0,153,841,0,0,0,0,13247.3916,12482.6552,764.73637,0,11488.5933,44537.456,644,69273.4408,0,13064.6869,48205.6896,0,0,8003.06429,0,2976.426,0,0,261,0,261,0,0,0,0,0,0,0,0,0,0,0,0,0,0,0,0,0,0,0,0,0,0,0,0,0,0,0,0,0,0,261,0,0,0,0,0,1749610,525,973,5210,932
BU04020201,BU04020201,Boomberg,WK040202,Noordwest,GM0402,Hilversum,Noord-Holland Zuid,Noord-Holland,1537,211,2217,194721,88380,FALSE,50823.3343,38928.3843,11894.95,1182.30438,0,13912.35,561,65917.9887,0,53951.9027,15743.8764,0,0,-3777.79034,0,2305.5,0,0,1537,0,1537,0,0,0,0,0,0,0,0,0,0,0,0,0,0,0,0,0,0,0,0,0,0,0,0,0,0,0,0,0,0,82,1453,0,0,0,0,14050.9593,13153.4728,897.486438,0,8754.0486,27642.562,155,50447.5699,0,13894.079,30544.0051,0,0,6009.48583,0,2518.83,0,0,211,0,211,0,0,0,0,0,0,0,0,0,0,0,0,0,0,0,0,0,0,0,0,0,0,0,0,0,0,0,0,0,0,211,0,0,0,0,0,2685170,449,1211,4824.33,933
BU04020202,BU04020202,Raadhuiskwartier,WK040202,Noordwest,GM0402,Hilversum,Noord-Holland Zuid,Noord-Holland,643,89,1020,100253,48889,FALSE,26106.4781,20442.0281,5664.45,680.507277,0,6161.31,578,32948.2954,0,27523.0879,7171.93056,0,0,-1746.7231,0,964.5,0,0,643,0,643,0,0,0,0,0,0,0,0,0,0,0,0,0,0,0,0,0,0,0,0,0,0,0,0,0,0,0,0,0,0,84,559,0,0,0,0,9442.29935,9029.65867,412.640687,0,6337.46789,19538.286,209,35318.0532,0,9255.47617,21600.442,0,0,4462.13505,0,1393.3365,0,0,89,0,89,0,0,0,0,0,0,0,0,0,0,0,0,0,0,0,0,0,0,0,0,0,0,0,0,0,0,0,0,0,0,89,0,0,0,0,0,1317765,392,1292,3290,934
BU04020203,BU04020203,Trompenberg-Zuid,WK040202,Noordwest,GM0402,Hilversum,Noord-Holland Zuid,Noord-Holland,471,59,1177,52807,91755,FALSE,13135.7955,9752.29552,3383.5,253.385845,0,4106.45,446,17495.6314,0,14076.5128,4535.08616,0,0,-1115.96759,0,706.5,0,0,471,0,471,0,0,0,0,0,0,0,0,0,0,0,0,0,0,0,0,0,0,0,0,0,0,0,0,0,0,0,0,0,0,19,452,0,0,0,0,19918.1851,19301.0024,617.182671,0,11749.8865,39189.505,677,70857.5766,0,19415.8543,43023.3023,0,0,8418.42,0,2615.0175,0,0,59,0,59,0,0,0,0,0,0,0,0,0,0,0,0,0,0,0,0,0,0,0,0,0,0,0,0,0,0,0,0,0,0,59,0,0,0,0,0,1108093,335,941,3321.5175,935
BU04020204,BU04020204,Villaparken,WK040202,Noordwest,GM0402,Hilversum,Noord-Holland Zuid,Noord-Holland,580,57,853,95114,35480,FALSE,22843.609,18101.709,4741.9,542.53716,0,5286.62,185,28672.7662,0,23991.4617,6122.91356,0,0,-1441.60904,0,870,0,0,580,0,580,0,0,0,0,0,0,0,0,0,0,0,0,0,0,0,0,0,0,0,0,0,0,0,0,0,0,0,0,0,0,133,447,0,0,0,0,5779.65698,5516.10876,263.548225,0,2461.49017,9782.427,47,18023.5742,0,5669.98993,10626.9259,0,0,1726.65828,0,1011.18,0,0,57,0,57,0,0,0,0,0,0,0,0,0,0,0,0,0,0,0,0,0,0,0,0,0,0,0,0,0,0,0,0,0,0,57,0,0,0,0,0,1089699,451,1277,2480,936
BU04020205,BU04020205,Trompenberg-Noord,WK040202,Noordwest,GM0402,Hilversum,Noord-Holland Zuid,Noord-Holland,287,24,366,45447,10177,FALSE,11558.401,9094.40103,2464,273.638423,0,2695.08,309,14527.1195,0,12166.8386,3116.1961,0,0,-755.915247,0,430.5,0,0,287,0,287,0,0,0,0,0,0,0,0,0,0,0,0,0,0,0,0,0,0,0,0,0,0,0,0,0,0,0,0,0,0,48,234,0,0,0,0,2344.59109,2217.58283,127.008256,0,1238.17478,3987.44,63,7570.20587,0,2308.69154,4395.79386,0,0,865.720466,0,290.0445,0,0,24,0,24,0,0,0,0,0,0,0,0,0,0,0,0,0,0,0,0,0,0,0,0,0,0,0,0,0,0,0,0,0,0,24,0,0,0,0,0,478963,415,1309,720.5445,937
BU04020206,BU04020206,Media Park,WK040202,Noordwest,GM0402,Hilversum,Noord-Holland Zuid,Noord-Holland,7,99,2427,1280,314474,FALSE,360.108348,300.608348,59.5,10.7235527,0,67.9,6,438.731901,0,371.685377,82.7219127,0,0,-15.6753893,0,10.5,0,0,7,0,7,0,0,0,0,0,0,0,0,0,0,0,0,0,0,0,0,0,0,0,0,0,0,0,0,0,0,0,0,0,0,0,7,0,0,0,0,66486.1919,63888.6323,2597.55958,0,46576.4053,119875.048,1161,232937.645,0,65039.0989,134719.422,0,0,33179.1238,0,8962.509,0,0,99,0,99,0,0,0,0,0,0,0,0,0,0,0,0,0,0,0,0,0,0,0,0,0,0,0,0,0,0,0,0,0,0,99,0,0,0,0,0,2103670,331,867,8973.009,938
BU04020301,BU04020301,Havenkwartier,WK040203,Zuidwest,GM0402,Hilversum,Noord-Holland Zuid,Noord-Holland,16,118,714,1284,90667,FALSE,398.394004,283.194004,115.2,9.61898028,0,138.85,6,546.862984,0,432.301927,153.26482,0,0,-38.7037629,0,24,0,0,16,0,16,0,0,0,0,0,0,0,0,0,0,0,0,0,0,0,0,0,0,0,0,0,0,0,0,0,0,0,0,0,0,0,16,0,0,0,0,11967.3106,11572.4805,394.830084,0,5369.66406,28902.755,193,46239.7296,0,11675.7602,30720.984,0,0,3842.98542,0,2584.0095,0,0,118,0,118,0,0,0,0,0,0,0,0,0,0,0,0,0,0,0,0,0,0,0,0,0,0,0,0,0,0,0,0,0,0,118,0,0,0,0,0,586834,652,822,4670,939
BU04020302,BU04020302,Het Rode Dorp,WK040203,Zuidwest,GM0402,Hilversum,Noord-Holland Zuid,Noord-Holland,616,9,624,65337,1007,FALSE,18798.857,14117.507,4681.35,457.623573,0,5966.88,1482,25223.3605,0,20076.4009,6681.19609,0,0,-1534.23648,0,924,0,0,616,0,616,0,0,0,0,0,0,0,0,0,0,0,0,0,0,0,0,0,0,0,0,0,0,0,0,0,0,0,0,0,0,0,616,0,0,0,0,89.3086054,85.505394,3.80321142,0,60.0686518,530.467,7,679.844257,0,87.4989631,550.605032,0,0,41.7402622,0,28.6995,0,0,9,0,9,0,0,0,0,0,0,0,0,0,0,0,0,0,0,0,0,0,0,0,0,0,0,0,0,0,0,0,0,0,0,9,0,0,0,0,0,729840,497,1170,952.6995,940
BU04020303,BU04020303,Zeverijn,WK040203,Zuidwest,GM0402,Hilversum,Noord-Holland Zuid,Noord-Holland,845,80,972,84717,16438,FALSE,22775.3526,16980.9526,5794.4,553.873376,0,7571.85,908,30901.076,0,24375.6168,8431.0505,0,0,-1905.59134,0,1267.5,0,0,845,0,845,0,0,0,0,0,0,0,0,0,0,0,0,0,0,0,0,0,0,0,0,0,0,0,0,0,0,0,0,0,0,218,627,0,0,0,0,1781.88714,1715.12468,66.7624539,0,971.469608,4185.996,71,6939.35274,0,1741.88398,4512.83651,0,0,684.63226,0,468.483,0,0,80,0,80,0,0,0,0,0,0,0,0,0,0,0,0,0,0,0,0,0,0,0,0,0,0,0,0,0,0,0,0,0,0,80,0,0,0,0,0,948567,496,976,1735.983,941
BU04020304,BU04020304,Kerkelanden,WK040203,Zuidwest,GM0402,Hilversum,Noord-Holland Zuid,Noord-Holland,3034,490,3887,289196,110806,FALSE,78458.4059,57853.9559,20604.45,1703.50802,0,27447.74,561,107609.654,0,84246.0954,30243.8142,0,0,-6880.25568,0,4551,0,0,3034,0,3034,0,0,0,0,0,0,0,0,0,0,0,0,0,0,0,0,0,0,0,0,0,0,0,0,0,0,0,0,0,0,213,2821,0,0,0,0,17375.6054,16790.6515,584.953838,0,8975.94474,33965.919,124,60317.4691,0,16957.2931,36938.4397,0,0,6421.7363,0,3157.971,0,0,490,0,490,0,0,0,0,0,0,0,0,0,0,0,0,0,0,0,0,0,0,0,0,0,0,0,0,0,0,0,0,0,0,490,0,0,0,0,0,3476303,499,894,7708.971,942
BU04020401,BU04020401,Bloemenkwartier Noord,WK040204,Zuid,GM0402,Hilversum,Noord-Holland Zuid,Noord-Holland,1310,216,1478,131885,21764,FALSE,39759.0635,29098.6635,10660.4,935.810878,0,12630.82,1455,53325.6944,0,42785.5952,14095.727,0,0,-3555.62787,0,1965,0,0,1310,0,1310,0,0,0,0,0,0,0,0,0,0,0,0,0,0,0,0,0,0,0,0,0,0,0,0,0,0,0,0,0,0,54,1256,0,0,0,0,2368.59568,2232.85542,135.74026,0,1200.39601,8302.741,87,11871.7327,0,2335.5045,8713.47969,0,0,822.748496,0,620.274,0,0,216,0,216,0,0,0,0,0,0,0,0,0,0,0,0,0,0,0,0,0,0,0,0,0,0,0,0,0,0,0,0,0,0,216,0,0,0,0,0,1738167,512,1176,2585.274,943
BU04020402,BU04020402,Bloemenkwartier Zuid,WK040204,Zuid,GM0402,Hilversum,Noord-Holland Zuid,Noord-Holland,2309,154,2497,218800,24324,FALSE,66811.4792,48651.4292,18160.05,1505.43794,0,22305.13,1138,90622.0472,0,72002.5121,24718.6424,0,0,-6099.10729,0,3463.5,0,0,2309,0,2309,0,0,0,0,0,0,0,0,0,0,0,0,0,0,0,0,0,0,0,0,0,0,0,0,0,0,0,0,0,0,263,2046,0,0,0,0,3471.25181,3222.21951,249.032303,0,2279.64425,9284.198,59,15035.0941,0,3444.16619,10028.7226,0,0,1562.20523,0,693.234,0,0,154,0,154,0,0,0,0,0,0,0,0,0,0,0,0,0,0,0,0,0,0,0,0,0,0,0,0,0,0,0,0,0,0,154,0,0,0,0,0,2699179,496,1081,4175,944
BU04020403,BU04020403,Schrijverskwartier,WK040204,Zuid,GM0402,Hilversum,Noord-Holland Zuid,Noord-Holland,810,127,853,109171,5505,FALSE,30084.3004,23036.4004,7047.9,806.861082,0,8042.92,927,38934.0815,0,31939.135,9246.85776,0,0,-2251.91128,0,1215,0,0,810,0,810,0,0,0,0,0,0,0,0,0,0,0,0,0,0,0,0,0,0,0,0,0,0,0,0,0,0,0,0,0,0,6,800,0,0,0,0,548.383998,505.686182,42.6978162,0,674.987044,2483.691,17,3707.06204,0,545.539236,2694.59744,0,0,466.925365,0,156.8925,0,0,127,0,127,0,0,0,0,0,0,0,0,0,0,0,0,0,0,0,0,0,0,0,0,0,0,0,0,0,0,0,0,0,0,127,0,0,0,0,0,1233020,528,1446,1371.8925,945
BU04020404,BU04020404,Staatsliedenkwartier,WK040204,Zuid,GM0402,Hilversum,Noord-Holland Zuid,Noord-Holland,1620,255,1745,174153,16161,FALSE,48306.5435,36046.2435,12260.3,1219.88262,0,15278.37,1146,64804.7961,0,51688.044,17149.7575,0,0,-4033.0053,0,2430,0,0,1620,0,1620,0,0,0,0,0,0,0,0,0,0,0,0,0,0,0,0,0,0,0,0,0,0,0,0,0,0,0,0,0,0,16,1592,0,0,0,0,2834.35134,2601.52653,232.824804,0,2141.94503,5942.727,67,10919.0234,0,2824.8356,6624.97925,0,0,1469.20851,0,460.5885,0,0,255,0,255,0,0,0,0,0,0,0,0,0,0,0,0,0,0,0,0,0,0,0,0,0,0,0,0,0,0,0,0,0,0,255,0,0,0,0,0,2038814,502,1168,2890.5885,946
BU04020405,BU04020405,Zeeheldenkwartier,WK040204,Zuid,GM0402,Hilversum,Noord-Holland Zuid,Noord-Holland,2226,434,2379,191672,19802,FALSE,53123.3869,37008.2869,16115.1,1133.86502,0,20045.98,970,74303.232,0,57966.9746,21923.1985,0,0,-5586.9412,0,3339,0,0,2226,0,2226,0,0,0,0,0,0,0,0,0,0,0,0,0,0,0,0,0,0,0,0,0,0,0,0,0,0,0,0,0,0,181,2045,0,0,0,0,2474.49703,2289.86842,184.62861,0,1923.46992,5521.563,45,9919.52995,0,2458.22518,6136.01948,0,0,1325.2853,0,564.357,0,0,434,0,434,0,0,0,0,0,0,0,0,0,0,0,0,0,0,0,0,0,0,0,0,0,0,0,0,0,0,0,0,0,0,434,0,0,0,0,0,2198488,502,924,3903.357,947
BU04020501,BU04020501,Schilderskwartier,WK040205,Zuidoost,GM0402,Hilversum,Noord-Holland Zuid,Noord-Holland,1521,248,2169,223860,84184,FALSE,56760.5018,43709.1018,13051.4,1447.22249,0,14476.57,655,72684.2943,0,60154.927,16670.5533,0,0,-4141.18598,0,2281.5,0,0,1521,0,1521,0,0,0,0,0,0,0,0,0,0,0,0,0,0,0,0,0,0,0,0,0,0,0,0,0,0,0,0,0,0,189,1331,0,0,0,0,14440.5414,13737.8566,702.684851,0,8682.50715,26323.528,167,49446.5766,0,14185.4286,29171.7172,0,0,6089.43075,0,2399.244,0,0,248,0,248,0,0,0,0,0,0,0,0,0,0,0,0,0,0,0,0,0,0,0,0,0,0,0,0,0,0,0,0,0,0,248,0,0,0,0,0,2718904,477,1254,4970,948
BU04020502,BU04020502,t Hoogt van t Kruis,WK040205,Zuidoost,GM0402,Hilversum,Noord-Holland Zuid,Noord-Holland,625,50,677,97086,6660,FALSE,21923.6627,17035.3627,4888.3,340.094606,0,5766.65,158,28030.4073,0,23169.462,6416.14713,0,0,-1555.20182,0,937.5,0,0,625,0,625,0,0,0,0,0,0,0,0,0,0,0,0,0,0,0,0,0,0,0,0,0,0,0,0,0,0,0,0,0,0,213,375,0,0,0,0,1513.25884,1385.65202,127.606813,0,1088.91624,1790.645,11,4392.82008,0,1509.5894,2135.88305,0,0,747.347631,0,189.81,0,0,50,0,50,0,0,0,0,0,0,0,0,0,0,0,0,0,0,0,0,0,0,0,0,0,0,0,0,0,0,0,0,0,0,50,0,0,0,0,0,773149,456,1142,1915,949
BU04020503,BU04020503,Arenaparkkwartier,WK040205,Zuidoost,GM0402,Hilversum,Noord-Holland Zuid,Noord-Holland,240,155,1623,34048,179782,FALSE,8754.60693,6802.70693,1951.9,225.679963,0,2252.92,176,11233.2069,0,9252.03658,2592.02124,0,0,-610.850928,0,360,0,0,240,0,240,0,0,0,0,0,0,0,0,0,0,0,0,0,0,0,0,0,0,0,0,0,0,0,0,0,0,0,0,0,0,3,237,0,0,0,0,40335.5878,39386.3598,949.22793,0,19868.6435,69615.974,811,129820.205,0,39189.872,76110.8406,0,0,14519.4927,0,5123.787,0,0,155,0,155,0,0,0,0,0,0,0,0,0,0,0,0,0,0,0,0,0,0,0,0,0,0,0,0,0,0,0,0,0,0,155,0,0,0,0,0,1207660,387,744,5483.787,950
BU04020504,BU04020504,West-IndiÃ«kwartier,WK040205,Zuidoost,GM0402,Hilversum,Noord-Holland Zuid,Noord-Holland,98,4,123,18143,3143,FALSE,4899.73876,4024.13876,875.6,127.668184,0,946.6,155,5974.00694,0,5085.4753,1132.0823,0,0,-243.550664,0,147,0,0,98,0,98,0,0,0,0,0,0,0,0,0,0,0,0,0,0,0,0,0,0,0,0,0,0,0,0,0,0,0,0,0,0,4,94,0,0,0,0,855.442397,735.268841,120.173556,0,158.257679,731.174,27,1744.87408,0,873.896986,795.71608,0,0,75.2610098,0,89.5755,0,0,4,0,4,0,0,0,0,0,0,0,0,0,0,0,0,0,0,0,0,0,0,0,0,0,0,0,0,0,0,0,0,0,0,4,0,0,0,0,0,222404,451,1808,720,951
BU04020505,BU04020505,Van Riebeeckkwartier,WK040205,Zuidoost,GM0402,Hilversum,Noord-Holland Zuid,Noord-Holland,1933,208,2142,149029,27112,FALSE,42883.2798,29495.9298,13387.35,844.370218,0,16877.03,1010,60604.68,0,46955.0126,18298.8067,0,0,-4649.13931,0,2899.5,0,0,1933,0,1933,0,0,0,0,0,0,0,0,0,0,0,0,0,0,0,0,0,0,0,0,0,0,0,0,0,0,0,0,0,0,108,1825,0,0,0,0,4100.46702,3887.83625,212.630765,0,1391.1321,6961.588,97,12453.1871,0,4033.62459,7451.32916,0,0,968.23337,0,772.692,0,0,208,0,208,0,0,0,0,0,0,0,0,0,0,0,0,0,0,0,0,0,0,0,0,0,0,0,0,0,0,0,0,0,0,208,0,0,0,0,0,1714960,470,801,3672.192,952
BU04020506,BU04020506,Egelshoek,WK040205,Zuidoost,GM0402,Hilversum,Noord-Holland Zuid,Noord-Holland,0,2,3,0,362,FALSE,0,0,0,0,0,0,0,0,0,0,0,0,0,0,0,0,0,0,0,0,0,0,0,0,0,0,0,0,0,0,0,0,0,0,0,0,0,0,0,0,0,0,0,0,0,0,0,0,0,0,0,0,0,0,0,0,0,31.6596219,30.2924297,1.36719219,0,49.1994687,164.348,7,245.207091,0,31.0262143,179.363711,0,0,34.8171652,0,10.317,0,0,2,0,2,0,0,0,0,0,0,0,0,0,0,0,0,0,0,0,0,0,0,0,0,0,0,0,0,0,0,0,0,0,0,2,0,0,0,0,0,1275,642,425,250,953
BU04020601,BU04020601,Geuzenbuurt,WK040206,Oost,GM0402,Hilversum,Noord-Holland Zuid,Noord-Holland,1201,113,1564,110100,47144,FALSE,33059.7395,23829.6895,9230.05,650.982812,0,11388.27,1195,45098.9923,0,35732.6768,12491.1076,0,0,-3124.79213,0,1801.5,0,0,1201,0,1201,0,0,0,0,0,0,0,0,0,0,0,0,0,0,0,0,0,0,0,0,0,0,0,0,0,0,0,0,0,0,105,1096,0,0,0,0,6026.22374,5683.57,342.653747,0,3799.18332,13697.517,218,23522.9241,0,5940.87913,14945.4892,0,0,2636.5557,0,1343.604,0,0,113,0,113,0,0,0,0,0,0,0,0,0,0,0,0,0,0,0,0,0,0,0,0,0,0,0,0,0,0,0,0,0,0,113,0,0,0,0,0,1622850,486,1038,3145.104,954
BU04020602,BU04020602,Electrobuurt,WK040206,Oost,GM0402,Hilversum,Noord-Holland Zuid,Noord-Holland,1194,49,1455,95723,33829,FALSE,30005.4067,21096.2067,8909.2,574.3092,0,11157.9,1295,41737.6159,0,32658.703,12143.9836,0,0,-3065.07077,0,1791,0,0,1194,0,1194,0,0,0,0,0,0,0,0,0,0,0,0,0,0,0,0,0,0,0,0,0,0,0,0,0,0,0,0,0,0,163,1031,0,0,0,0,4401.8427,4182.29482,219.547884,0,3589.27162,11781.967,190,19773.0813,0,4326.36494,12936.6274,0,0,2510.089,0,964.1265,0,0,49,0,49,0,0,0,0,0,0,0,0,0,0,0,0,0,0,0,0,0,0,0,0,0,0,0,0,0,0,0,0,0,0,49,0,0,0,0,0,1347783,478,926,2755.1265,955
BU04020603,BU04020603,Kleine Driftbuurt,WK040206,Oost,GM0402,Hilversum,Noord-Holland Zuid,Noord-Holland,1919,140,2272,178599,45796,FALSE,48993.472,34937.572,14055.9,794.855271,0,17878.99,1052,67667.3173,0,53115.9026,19383.0041,0,0,-4831.58936,0,2878.5,0,0,1919,0,1919,0,0,0,0,0,0,0,0,0,0,0,0,0,0,0,0,0,0,0,0,0,0,0,0,0,0,0,0,0,0,439,1471,0,0,0,0,6367.78574,6053.0189,314.766845,0,5283.87794,15998.1,137,27649.7637,0,6257.38665,17670.5658,0,0,3721.81122,0,1305.186,0,0,140,0,140,0,0,0,0,0,0,0,0,0,0,0,0,0,0,0,0,0,0,0,0,0,0,0,0,0,0,0,0,0,0,140,0,0,0,0,0,1929344,441,849,5440,956
BU04020604,BU04020604,Liebergen,WK040206,Oost,GM0402,Hilversum,Noord-Holland Zuid,Noord-Holland,2253,82,2467,206330,27719,FALSE,57580.313,40819.563,16760.75,986.083601,0,21346.15,1169,79912.5466,0,62528.3993,23177.6312,0,0,-5793.48381,0,3379.5,0,0,2253,0,2253,0,0,0,0,0,0,0,0,0,0,0,0,0,0,0,0,0,0,0,0,0,0,0,0,0,0,0,0,0,0,474,1779,0,0,0,0,5217.89349,4922.41202,295.481464,0,3281.08058,8632.958,106,17131.9321,0,5143.47941,9698.67788,0,0,2289.77479,0,789.9915,0,0,82,0,82,0,0,0,0,0,0,0,0,0,0,0,0,0,0,0,0,0,0,0,0,0,0,0,0,0,0,0,0,0,0,82,0,0,0,0,0,2026304,413,821,4169.4915,957
BU04020605,BU04020605,Astronomische Buurt,WK040206,Oost,GM0402,Hilversum,Noord-Holland Zuid,Noord-Holland,2402,226,2864,255938,60008,FALSE,71422.5361,53040.0361,18382.5,1675.16088,0,23360.36,939,96458.0569,0,71543.8343,28899.4419,9863.00901,0,-13848.2283,0,3603,0,0,2402,0,2402,0,0,0,0,0,0,0,0,0,0,0,0,0,0,0,0,0,0,0,0,0,0,0,0,0,0,0,0,0,0,136,2266,0,0,0,0,9092.94083,8776.91437,316.026458,0,6952.53551,25239.017,120,41284.4933,0,10656.1179,30192.1298,9863.00901,0,-9426.76329,0,1710.228,0,0,226,0,226,0,0,0,0,0,0,0,0,0,0,0,0,0,0,0,0,0,0,0,0,0,0,0,0,0,0,0,0,0,0,226,0,0,0,0,0,2963224,431,1035,5313.228,958
BU04020606,BU04020606,Annas Hoeve,WK040206,Oost,GM0402,Hilversum,Noord-Holland Zuid,Noord-Holland,234,4,247,33282,1641,FALSE,5979.71573,4116.21573,1863.5,12.7791366,0,2258.27,330,8250.76487,0,6546.09418,2387.64786,0,0,-682.977175,0,351,0,0,234,0,234,0,0,0,0,0,0,0,0,0,0,0,0,0,0,0,0,0,0,0,0,0,0,0,0,0,0,0,0,0,0,209,19,0,0,0,0,224.933923,217.38667,7.5472532,0,14.7222147,257.79,12,497.446138,0,219.50794,266.572667,0,0,11.3655305,0,46.7685,0,0,4,0,4,0,0,0,0,0,0,0,0,0,0,0,0,0,0,0,0,0,0,0,0,0,0,0,0,0,0,0,0,0,0,4,0,0,0,0,0,134721,337,545,1260,959
BU04020701,BU04020701,Johannes Geradtswegbuurt,WK040207,Noordoost,GM0402,Hilversum,Noord-Holland Zuid,Noord-Holland,901,38,1053,112987,19726,FALSE,30115.7569,22744.7569,7371,754.87447,0,8589.23,911,39459.8614,0,32107.4586,9746.20127,0,0,-2393.79846,0,1351.5,0,0,901,0,901,0,0,0,0,0,0,0,0,0,0,0,0,0,0,0,0,0,0,0,0,0,0,0,0,0,0,0,0,0,0,11,890,0,0,0,0,2492.22479,2315.83781,176.386975,0,1918.77902,5803.016,75,10214.0198,0,2471.74903,6422.48542,0,0,1319.78535,0,562.191,0,0,38,0,38,0,0,0,0,0,0,0,0,0,0,0,0,0,0,0,0,0,0,0,0,0,0,0,0,0,0,0,0,0,0,38,0,0,0,0,0,1265616,488,1202,1913.691,960
BU04020702,BU04020702,Erfgooiersbuurt,WK040207,Noordoost,GM0402,Hilversum,Noord-Holland Zuid,Noord-Holland,767,82,812,71449,5849,FALSE,22820.0273,16683.3273,6136.7,528.895529,0,7573,997,30921.9228,0,24564.8553,8411.31457,0,0,-2054.24705,0,1150.5,0,0,767,0,767,0,0,0,0,0,0,0,0,0,0,0,0,0,0,0,0,0,0,0,0,0,0,0,0,0,0,0,0,0,0,73,694,0,0,0,0,853.196652,798.785044,54.4116073,0,785.338039,2235.055,37,3873.58969,0,843.634219,2484.3783,0,0,545.577174,0,166.6965,0,0,82,0,82,0,0,0,0,0,0,0,0,0,0,0,0,0,0,0,0,0,0,0,0,0,0,0,0,0,0,0,0,0,0,82,0,0,0,0,0,900602,485,1109,1430,961
BU04020703,BU04020703,Noord,WK040207,Noordoost,GM0402,Hilversum,Noord-Holland Zuid,Noord-Holland,3694,276,3937,302988,31571,FALSE,86462.94,60454.34,26008.6,1794.54879,0,33173.92,927,121431.409,0,94252.2286,36160.3409,0,0,-8981.16071,0,5541,0,0,3694,0,3694,0,0,0,0,0,0,0,0,0,0,0,0,0,0,0,0,0,0,0,0,0,0,0,0,0,0,0,0,0,0,551,3133,0,0,0,0,3980.24389,3737.29512,242.948778,0,2811.55231,10455.989,43,17247.7852,0,3930.98185,11363.5082,0,0,1953.29517,0,899.7735,0,0,276,0,276,0,0,0,0,0,0,0,0,0,0,0,0,0,0,0,0,0,0,0,0,0,0,0,0,0,0,0,0,0,0,276,0,0,0,0,0,3272639,478,831,6440.7735,962
BU04020704,BU04020704,AZC Crailo,WK040207,Noordoost,GM0402,Hilversum,Noord-Holland Zuid,Noord-Holland,8,2,20,1304,1447,FALSE,366.52366,294.52366,72,9.77813303,0,76.8,15,453.101793,0,383.195827,90.950613,0,0,-21.0446469,0,12,0,0,8,0,8,0,0,0,0,0,0,0,0,0,0,0,0,0,0,0,0,0,0,0,0,0,0,0,0,0,0,0,0,0,0,1,7,0,0,0,0,268.901091,263.436099,5.46499198,0,194.042745,656.938,11,1119.88184,0,260.894208,718.838944,0,0,140.148684,0,41.2395,0,0,2,0,2,0,0,0,0,0,0,0,0,0,0,0,0,0,0,0,0,0,0,0,0,0,0,0,0,0,0,0,0,0,0,2,0,0,0,0,0,35631,803,1782,53.2395,963
BU04020801,BU04020801,Hilversumse Meent,WK040208,Hilversumse Meent,GM0402,Hilversum,Noord-Holland Zuid,Noord-Holland,1829,86,1897,221485,8718,FALSE,55621.2756,41123.4756,14497.8,1150.40061,0,17969.48,539,74741.1562,0,59677.6368,19958.2796,0,0,-4894.76016,0,2743.5,0,0,1829,0,1829,0,0,0,0,0,0,0,0,0,0,0,0,0,0,0,0,0,0,0,0,0,0,0,0,0,0,0,0,0,0,207,1610,0,0,0,0,1408.2712,1323.41182,84.8593727,0,888.637296,3198.953,14,5495.86149,0,1390.37161,3485.91933,0,0,619.570554,0,248.463,0,0,86,0,86,0,0,0,0,0,0,0,0,0,0,0,0,0,0,0,0,0,0,0,0,0,0,0,0,0,0,0,0,0,0,86,0,0,0,0,0,2039151,505,1075,3400,964
BU04020901,BU04020901,Landelijk Gebied 91,WK040209,Landelijk Gebied,GM0402,Hilversum,Noord-Holland Zuid,Noord-Holland,12,23,99,1633,11289,FALSE,508.391612,394.691612,113.7,7.8352725,0,115.3,1,631.526884,0,537.427832,129.060912,0,0,-34.9618601,0,18,0,0,12,0,12,0,0,0,0,0,0,0,0,0,0,0,0,0,0,0,0,0,0,0,0,0,0,0,0,0,0,0,0,0,0,2,10,0,0,0,0,2120.6973,1997.63464,123.062661,0,1597.69105,3301.702,3,7020.09035,0,2091.7229,3801.516,0,0,1126.85146,0,321.7365,0,0,23,0,23,0,0,0,0,0,0,0,0,0,0,0,0,0,0,0,0,0,0,0,0,0,0,0,0,0,0,0,0,0,0,23,0,0,0,0,0,80255,377,811,980,965
BU04020902,BU04020902,Landelijk Gebied 92,WK040209,Landelijk Gebied,GM0402,Hilversum,Noord-Holland Zuid,Noord-Holland,0,5,16,0,2025,FALSE,0,0,0,0,0,0,0,0,0,0,0,0,0,0,0,0,0,0,0,0,0,0,0,0,0,0,0,0,0,0,0,0,0,0,0,0,0,0,0,0,0,0,0,0,0,0,0,0,0,0,0,0,0,0,0,0,0,409.445093,395.676737,13.7683559,0,226.393573,615.776,6,1251.61467,0,399.581118,688.250598,0,0,163.782951,0,57.7125,0,0,5,0,5,0,0,0,0,0,0,0,0,0,0,0,0,0,0,0,0,0,0,0,0,0,0,0,0,0,0,0,0,0,0,5,0,0,0,0,0,8773,362,548,400,966
BU04020903,BU04020903,Landelijk Gebied 93,WK040209,Landelijk Gebied,GM0402,Hilversum,Noord-Holland Zuid,Noord-Holland,96,44,651,10749,72025,FALSE,2241.59881,1654.54881,587.05,17.7518051,0,814.75,4,3074.10061,0,2406.25954,867.140885,0,0,-199.29981,0,144,0,0,96,0,96,0,0,0,0,0,0,0,0,0,0,0,0,0,0,0,0,0,0,0,0,0,0,0,0,0,0,0,0,0,0,78,18,0,0,0,0,18574.4907,16387.1692,2187.32152,0,4591.49275,18593.708,30,41759.6914,0,18794.84,20312.2505,0,0,2652.60098,0,2052.7125,0,0,44,0,44,0,0,0,0,0,0,0,0,0,0,0,0,0,0,0,0,0,0,0,0,0,0,0,0,0,0,0,0,0,0,44,0,0,0,0,0,581632,216,893,2196.7125,967
BU04020904,BU04020904,Landelijk Gebied 94,WK040209,Landelijk Gebied,GM0402,Hilversum,Noord-Holland Zuid,Noord-Holland,37,13,86,6489,6332,FALSE,1737.02922,1405.22922,331.8,46.4065654,0,352.54,12,2135.97579,0,1812.01528,419.650325,0,0,-95.6898155,0,55.5,0,0,37,0,37,0,0,0,0,0,0,0,0,0,0,0,0,0,0,0,0,0,0,0,0,0,0,0,0,0,0,0,0,0,0,1,36,0,0,0,0,951.777283,927.86275,23.914533,0,804.035607,2706.92,7,4462.73289,0,925.390351,2965.42118,0,0,571.921361,0,180.462,0,0,13,0,13,0,0,0,0,0,0,0,0,0,0,0,0,0,0,0,0,0,0,0,0,0,0,0,0,0,0,0,0,0,0,13,0,0,0,0,0,121310,453,1411,450,968
BU04020905,BU04020905,Landelijk Gebied 95,WK040209,Landelijk Gebied,GM0402,Hilversum,Noord-Holland Zuid,Noord-Holland,135,88,583,19003,58165,FALSE,4629.20706,3572.70706,1056.5,82.3496988,0,1234.3,6,5945.85676,0,4902.65636,1378.71842,0,0,-335.518021,0,202.5,0,0,135,0,135,0,0,0,0,0,0,0,0,0,0,0,0,0,0,0,0,0,0,0,0,0,0,0,0,0,0,0,0,0,0,18,117,0,0,0,0,13030.1255,11586.1311,1443.99437,0,8038.40772,11063.006,17,32131.5392,0,13146.0584,13634.491,0,0,5350.98982,0,1657.7025,0,0,88,0,88,0,0,0,0,0,0,0,0,0,0,0,0,0,0,0,0,0,0,0,0,0,0,0,0,0,0,0,0,0,0,88,0,0,0,0,0,617565,377,1059,1860.2025,969
BU04020906,BU04020906,Landelijk Gebied 96,WK040209,Landelijk Gebied,GM0402,Hilversum,Noord-Holland Zuid,Noord-Holland,6,2,10,1087,452,FALSE,308.229795,257.229795,51,7.1973281,0,58.2,3,373.627123,0,318.169674,68.8903281,0,0,-13.4328797,0,9,0,0,6,0,6,0,0,0,0,0,0,0,0,0,0,0,0,0,0,0,0,0,0,0,0,0,0,0,0,0,0,0,0,0,0,1,5,0,0,0,0,155.466431,140.330127,15.1363039,0,124.357849,58.308,2,338.13228,0,155.955459,96.876254,0,0,85.3005671,0,12.882,0,0,2,0,2,0,0,0,0,0,0,0,0,0,0,0,0,0,0,0,0,0,0,0,0,0,0,0,0,0,0,0,0,0,0,2,0,0,0,0,0,17813,572,1781,21.882,970
BU04020907,BU04020907,Landelijk Gebied 97,WK040209,Landelijk Gebied,GM0402,Hilversum,Noord-Holland Zuid,Noord-Holland,5,7,25,763,2584,FALSE,206.781911,158.281911,48.5,2.09583972,0,47.17,1,256.047751,0,219.555256,51.8967197,0,0,-15.4042253,0,7.5,0,0,5,0,5,0,0,0,0,0,0,0,0,0,0,0,0,0,0,0,0,0,0,0,0,0,0,0,0,0,0,0,0,0,0,1,4,0,0,0,0,500.981664,466.978611,34.0030532,0,462.470855,907.936,2,1871.38852,0,496.244358,1051.32429,0,0,323.819871,0,73.644,0,0,7,0,7,0,0,0,0,0,0,0,0,0,0,0,0,0,0,0,0,0,0,0,0,0,0,0,0,0,0,0,0,0,0,7,0,0,0,0,0,25330,489,1013,210,971
BU04060001,BU04060001,De Noord,WK040600,Wijk 00 Oude Dorp,GM0406,Huizen,Noord-Holland Zuid,Noord-Holland,1673,241,2166,187081,64013,FALSE,52517.1991,38833.6991,13683.5,1184.9412,0,15974.69,890,69676.8303,0,56344.9564,17863.6134,0,0,-4531.73946,0,2509.5,0,0,1673,0,1673,0,0,0,0,0,0,0,0,0,0,0,0,0,0,0,0,0,0,0,0,0,0,0,0,0,0,0,0,0,0,181,1490,0,0,0,0,9283.11832,8700.29851,582.819803,0,6660.65922,28291.642,157,44235.4195,0,9175.1436,30437.3338,0,0,4622.94213,0,1824.3705,0,0,241,0,241,0,0,0,0,0,0,0,0,0,0,0,0,0,0,0,0,0,0,0,0,0,0,0,0,0,0,0,0,0,0,241,0,0,0,0,0,2442034,470,1127,5150,972
BU04060328,BU04060328,Tafelberger Heide,WK040603,Wijk 03 Erica en Tafelberg,GM0406,Huizen,Noord-Holland Zuid,Noord-Holland,1,1,2,200,36,FALSE,53.4016453,44.9016453,8.5,1.3242554,0,9.7,1,64.4259007,0,54.9802145,11.6433354,0,0,-2.1976492,0,1.5,0,0,1,0,1,0,0,0,0,0,0,0,0,0,0,0,0,0,0,0,0,0,0,0,0,0,0,0,0,0,0,0,0,0,0,0,1,0,0,0,0,1.63426509,1.49830123,0.135963864,0,4.81058042,16.344,0,22.7888455,0,1.62951296,17.7990915,0,0,3.36024101,0,1.026,0,0,1,0,1,0,0,0,0,0,0,0,0,0,0,0,0,0,0,0,0,0,0,0,0,0,0,0,0,0,0,0,0,0,0,1,0,0,0,0,0,2165,494,1083,2.526,973
BU04060329,BU04060329,Rijsbergen,WK040603,Wijk 03 Erica en Tafelberg,GM0406,Huizen,Noord-Holland Zuid,Noord-Holland,4,3,36,533,4086,FALSE,157.757918,120.557918,37.2,4.95658622,0,39.27,5,201.984504,0,167.587741,46.1795862,0,0,-11.7828237,0,6,0,0,4,0,4,0,0,0,0,0,0,0,0,0,0,0,0,0,0,0,0,0,0,0,0,0,0,0,0,0,0,0,0,0,0,0,4,0,0,0,0,326.347024,310.915126,15.4318986,0,210.996558,781.588,10,1318.93158,0,320.390044,851.117771,0,0,147.423767,0,116.451,0,0,3,0,3,0,0,0,0,0,0,0,0,0,0,0,0,0,0,0,0,0,0,0,0,0,0,0,0,0,0,0,0,0,0,3,0,0,0,0,0,33535,508,932,122.451,974
BU04060512,BU04060512,Wolfskamer,WK040605,Wijk 05 Havengebied,GM0406,Huizen,Noord-Holland Zuid,Noord-Holland,34,31,210,2917,22819,FALSE,671.269787,470.069787,201.2,1.77930693,0,284.4,12,957.449094,0,731.434624,296.492547,0,0,-70.4780772,0,51,0,0,34,0,34,0,0,0,0,0,0,0,0,0,0,0,0,0,0,0,0,0,0,0,0,0,0,0,0,0,0,0,0,0,0,32,2,0,0,0,0,6494.60454,6144.81004,349.794501,0,4031.46299,7104.708,112,17630.7755,0,6394.29689,8375.23929,0,0,2861.23936,0,650.3415,0,0,31,0,31,0,0,0,0,0,0,0,0,0,0,0,0,0,0,0,0,0,0,0,0,0,0,0,0,0,0,0,0,0,0,31,0,0,0,0,0,168662,367,803,2520,975
BU04060513,BU04060513,Industriewijk t Plaveen,WK040605,Wijk 05 Havengebied,GM0406,Huizen,Noord-Holland Zuid,Noord-Holland,232,127,1130,24620,116613,FALSE,5802.11437,4221.11437,1581,73.8773645,0,2154.5,93,8030.49174,0,6254.59715,2319.2116,0,0,-543.317021,0,348,0,0,232,0,232,0,0,0,0,0,0,0,0,0,0,0,0,0,0,0,0,0,0,0,0,0,0,0,0,0,0,0,0,0,0,126,106,0,0,0,0,19035.0819,18520.8698,514.212126,0,10914.0147,42406.16,304,72355.2566,0,18522.7121,45994.9412,0,0,7837.6033,0,3323.4705,0,0,127,0,127,0,0,0,0,0,0,0,0,0,0,0,0,0,0,0,0,0,0,0,0,0,0,0,0,0,0,0,0,0,0,127,0,0,0,0,0,1081792,635,957,5780,976
BU04060615,BU04060615,Zenderwijk,WK040606,Wijk 06 Zenderwijk en Bovenweg,GM0406,Huizen,Noord-Holland Zuid,Noord-Holland,559,45,608,61902,6311,FALSE,15823.2216,11645.4716,4177.75,292.4175,0,5280.36,786,21395.9991,0,16999.9994,5801.66938,0,0,-1405.66968,0,838.5,0,0,559,0,559,0,0,0,0,0,0,0,0,0,0,0,0,0,0,0,0,0,0,0,0,0,0,0,0,0,0,0,0,0,0,2,536,0,0,0,0,883.990163,805.253213,78.7369496,0,697.151174,2168.226,44,3749.36734,0,883.63881,2392.43761,0,0,473.290917,0,179.8635,0,0,45,0,45,0,0,0,0,0,0,0,0,0,0,0,0,0,0,0,0,0,0,0,0,0,0,0,0,0,0,0,0,0,0,45,0,0,0,0,0,616780,462,1014,1345,977
BU04060716,BU04060716,Stad en Lande,WK040607,Wijk 07 Stad en Lande,GM0406,Huizen,Noord-Holland Zuid,Noord-Holland,1613,288,1825,192325,27440,FALSE,50382.7835,38089.1335,12293.65,1316.29399,0,15474.39,637,67173.4675,0,53698.6807,17499.5482,0,0,-4024.76146,0,2419.5,0,0,1613,0,1613,0,0,0,0,0,0,0,0,0,0,0,0,0,0,0,0,0,0,0,0,0,0,0,0,0,0,0,0,0,0,134,1479,0,0,0,0,5937.03169,5696.83937,240.192322,0,3625.53694,10707.436,75,20270.0046,0,5811.33061,11868.3103,0,0,2590.36376,0,782.04,0,0,288,0,288,0,0,0,0,0,0,0,0,0,0,0,0,0,0,0,0,0,0,0,0,0,0,0,0,0,0,0,0,0,0,288,0,0,0,0,0,1983428,495,1087,3201.54,978
BU04060817,BU04060817,Huizermaat West,WK040608,Wijk 08 Huizermaat West en Zuid,GM0406,Huizen,Noord-Holland Zuid,Noord-Holland,1453,167,1582,169442,16724,FALSE,44423.9885,32991.7885,11432.2,947.318311,0,14365.26,710,59736.5668,0,47600.9291,15969.7364,0,0,-3834.09865,0,2179.5,0,0,1453,0,1453,0,0,0,0,0,0,0,0,0,0,0,0,0,0,0,0,0,0,0,0,0,0,0,0,0,0,0,0,0,0,51,1401,0,0,0,0,2508.17153,2356.13717,152.034357,0,1537.00423,5758.951,40,9804.12675,0,2476.67534,6264.64154,0,0,1062.80987,0,476.634,0,0,167,0,167,0,0,0,0,0,0,0,0,0,0,0,0,0,0,0,0,0,0,0,0,0,0,0,0,0,0,0,0,0,0,167,0,0,0,0,0,1708994,535,1080,2890,979
BU04060818,BU04060818,Huizermaat Zuid,WK040608,Wijk 08 Huizermaat West en Zuid,GM0406,Huizen,Noord-Holland Zuid,Noord-Holland,1366,80,1583,135227,28187,FALSE,35420.2551,25415.9551,10004.3,471.65671,0,12677.54,863,48569.4518,0,38333.2795,13667.9782,0,0,-3431.80586,0,2049,0,0,1366,0,1366,0,0,0,0,0,0,0,0,0,0,0,0,0,0,0,0,0,0,0,0,0,0,0,0,0,0,0,0,0,0,147,1215,0,0,0,0,3382.56547,3213.99959,168.565882,0,2363.18368,10537.991,82,16283.7401,0,3324.5035,11298.0431,0,0,1661.19351,0,803.3295,0,0,80,0,80,0,0,0,0,0,0,0,0,0,0,0,0,0,0,0,0,0,0,0,0,0,0,0,0,0,0,0,0,0,0,80,0,0,0,0,0,1418282,523,896,2852.3295,980
BU04061226,BU04061226,Filosofenbuurt,WK040612,Wijk 12 Hogemaat,GM0406,Huizen,Noord-Holland Zuid,Noord-Holland,801,10,823,110967,2799,FALSE,23636.4406,17207.4406,6429,0.804394114,0,7555.98,635,31193.225,0,25474.7826,7938.46359,0,0,-2220.02123,0,1201.5,0,0,801,0,801,0,0,0,0,0,0,0,0,0,0,0,0,0,0,0,0,0,0,0,0,0,0,0,0,0,0,0,0,0,0,237,472,0,0,0,0,493.019775,475.450621,17.569154,0,48.5321942,498.232,13,1039.78397,0,481.565662,520.811381,0,0,37.4069266,0,79.7715,0,0,10,0,10,0,0,0,0,0,0,0,0,0,0,0,0,0,0,0,0,0,0,0,0,0,0,0,0,0,0,0,0,0,0,10,0,0,0,0,0,578499,374,703,1430,981
BU04170320,BU04170320,Laren-Centrum,WK041703,Laren,GM0417,Laren,Noord-Holland Zuid,Noord-Holland,995,376,1728,120930,95279,FALSE,34081.6008,25600.4008,8481.2,766.807695,0,9456.96,468,44305.3685,0,36395.2145,10662.1533,0,0,-2751.99928,0,1492.5,0,0,995,0,995,0,0,0,0,0,0,0,0,0,0,0,0,0,0,0,0,0,0,0,0,0,0,0,0,0,0,0,0,0,0,62,923,0,0,0,0,16051.6988,15035.1289,1016.56987,0,10991.744,35814.573,221,62858.0159,0,15868.7574,39379.8204,0,0,7609.43812,0,2715.4515,0,0,376,0,376,0,0,0,0,0,0,0,0,0,0,0,0,0,0,0,0,0,0,0,0,0,0,0,0,0,0,0,0,0,0,376,0,0,0,0,0,2002872,416,1159,6265,989
BU04170321,BU04170321,Laren-Natuurgebied,WK041703,Laren,GM0417,Laren,Noord-Holland Zuid,Noord-Holland,4,7,189,410,23922,FALSE,162.101752,126.001752,36.1,2.68829969,0,38.38,0,203.170052,0,171.29442,42.7802197,0,0,-10.9045876,0,6,0,0,4,0,4,0,0,0,0,0,0,0,0,0,0,0,0,0,0,0,0,0,0,0,0,0,0,0,0,0,0,0,0,0,0,1,3,0,0,0,0,4801.95165,4650.84543,151.106214,0,3489.56113,10195.963,8,18487.4758,0,4681.83651,11322.6896,0,0,2482.94965,0,681.777,0,0,7,0,7,0,0,0,0,0,0,0,0,0,0,0,0,0,0,0,0,0,0,0,0,0,0,0,0,0,0,0,0,0,0,7,0,0,0,0,0,185425,209,981,687.777,990
BU04170324,BU04170324,Postiljon,WK041703,Laren,GM0417,Laren,Noord-Holland Zuid,Noord-Holland,168,5,188,23784,2499,FALSE,4593.10887,3267.20887,1325.9,1.0660256,0,1534,529,6128.1749,0,4983.07477,1612.85339,0,0,-467.753258,0,252,0,0,168,0,168,0,0,0,0,0,0,0,0,0,0,0,0,0,0,0,0,0,0,0,0,0,0,0,0,0,0,0,0,0,0,150,18,0,0,0,0,307.628395,265.211444,42.4169509,0,454.439181,672.964,35,1435.03158,0,313.923436,813.374326,0,0,307.733814,0,71.2215,0,0,5,0,5,0,0,0,0,0,0,0,0,0,0,0,0,0,0,0,0,0,0,0,0,0,0,0,0,0,0,0,0,0,0,5,0,0,0,0,0,98492,301,524,800,991
BU04170328,BU04170328,Zevenend,WK041703,Laren,GM0417,Laren,Noord-Holland Zuid,Noord-Holland,2215,204,2397,245446,23652,FALSE,70406.0951,51609.8951,18796.2,1610.93136,0,21468.14,734,93485.1665,0,75730.7325,24026.88,0,0,-6272.44605,0,3322.5,0,0,2215,0,2215,0,0,0,0,0,0,0,0,0,0,0,0,0,0,0,0,0,0,0,0,0,0,0,0,0,0,0,0,0,0,153,2060,0,0,0,0,4751.16656,4476.33308,274.833483,0,2486.74008,8736.87,50,15974.7766,0,4685.87959,9556.39021,0,0,1732.50684,0,674.082,0,0,204,0,204,0,0,0,0,0,0,0,0,0,0,0,0,0,0,0,0,0,0,0,0,0,0,0,0,0,0,0,0,0,0,204,0,0,0,0,0,2876734,487,1200,3996.582,992
BU04570001,BU04570001,Centrum,WK045700,Binnenstad,GM0457,Weesp,Noord-Holland Zuid,Noord-Holland,1195,180,1521,114912,42355,FALSE,33186.8825,24192.9825,8993.9,725.652315,0,11234.63,1031,45147.1648,0,35754.011,12413.644,0,0,-3020.49017,0,1792.5,0,0,1195,0,1195,0,0,0,0,0,0,0,0,0,0,0,0,0,0,0,0,0,0,0,0,0,0,0,0,0,0,0,0,0,0,57,1136,0,0,0,0,6385.92088,5933.6663,452.254582,0,4844.57494,15086.701,198,26317.1968,0,6333.57973,16653.8475,0,0,3329.76958,0,1207.1175,0,0,180,0,180,0,0,0,0,0,0,0,0,0,0,0,0,0,0,0,0,0,0,0,0,0,0,0,0,0,0,0,0,0,0,180,0,0,0,0,0,1564878,447,1029,3190,1105
BU04570002,BU04570002,Herensingelkwartier,WK045700,Binnenstad,GM0457,Weesp,Noord-Holland Zuid,Noord-Holland,515,45,587,48374,9270,FALSE,13283.6707,9412.52066,3871.15,258.199331,0,4701.96,1517,18243.83,0,14427.0979,5144.52449,0,0,-1327.79236,0,772.5,0,0,515,0,515,0,0,0,0,0,0,0,0,0,0,0,0,0,0,0,0,0,0,0,0,0,0,0,0,0,0,0,0,0,0,53,462,0,0,0,0,1538.34575,1367.74359,170.602156,0,1564.18091,2360.073,176,5462.59966,0,1552.08551,2850.42523,0,0,1060.08892,0,264.195,0,0,45,0,45,0,0,0,0,0,0,0,0,0,0,0,0,0,0,0,0,0,0,0,0,0,0,0,0,0,0,0,0,0,0,45,0,0,0,0,0,555838,452,947,1036.695,1106
BU04570101,BU04570101,Bedrijventerrein Van Houten,WK045701,Zuid,GM0457,Weesp,Noord-Holland Zuid,Noord-Holland,118,50,750,15681,82146,FALSE,4124.9639,3135.8639,989.1,100.816051,0,1173.43,81,5399.20995,0,4389.00375,1331.56793,0,0,-321.36173,0,177,0,0,118,0,118,0,0,0,0,0,0,0,0,0,0,0,0,0,0,0,0,0,0,0,0,0,0,0,0,0,0,0,0,0,0,5,105,0,0,0,0,12263.8096,11728.078,535.731628,0,5926.06947,18997.969,240,37187.8481,0,12021.0697,20993.8795,0,0,4172.89885,0,2341.161,0,0,50,0,50,0,0,0,0,0,0,0,0,0,0,0,0,0,0,0,0,0,0,0,0,0,0,0,0,0,0,0,0,0,0,50,0,0,0,0,0,772546,580,1030,2518.161,1107
BU04570102,BU04570102,Zuid I,WK045701,Zuid,GM0457,Weesp,Noord-Holland Zuid,Noord-Holland,368,22,416,28369,6202,FALSE,8831.07868,6001.37868,2829.7,147.887201,0,3321.42,992,12300.3859,0,9700.69531,3586.2898,0,0,-986.599232,0,552,0,0,368,0,368,0,0,0,0,0,0,0,0,0,0,0,0,0,0,0,0,0,0,0,0,0,0,0,0,0,0,0,0,0,0,40,328,0,0,0,0,1462.03773,1355.10177,106.935962,0,855.403845,2144.008,164,4461.44957,0,1451.50464,2423.09746,0,0,586.847478,0,176.757,0,0,22,0,22,0,0,0,0,0,0,0,0,0,0,0,0,0,0,0,0,0,0,0,0,0,0,0,0,0,0,0,0,0,0,22,0,0,0,0,0,368821,489,887,728.757,1108
BU04570103,BU04570103,Zuid II,WK045701,Zuid,GM0457,Weesp,Noord-Holland Zuid,Noord-Holland,314,17,334,28856,2524,FALSE,9151.37007,6655.72007,2495.65,200.742066,0,3053.83,751,12405.9421,0,9865.91139,3377.43327,0,0,-837.402522,0,471,0,0,314,0,314,0,0,0,0,0,0,0,0,0,0,0,0,0,0,0,0,0,0,0,0,0,0,0,0,0,0,0,0,0,0,17,297,0,0,0,0,670.78462,638.793266,31.9913544,0,409.189706,925.966,55,2005.94033,0,658.65673,1056.59258,0,0,290.691011,0,71.934,0,0,17,0,17,0,0,0,0,0,0,0,0,0,0,0,0,0,0,0,0,0,0,0,0,0,0,0,0,0,0,0,0,0,0,17,0,0,0,0,0,344258,482,1031,715,1109
BU04570104,BU04570104,De Klomp,WK045701,Zuid,GM0457,Weesp,Noord-Holland Zuid,Noord-Holland,254,41,260,29370,689,FALSE,8103.87111,6092.17111,2011.7,199.553447,0,2519.08,864,10822.5046,0,8651.88461,2833.87697,0,0,-663.257024,0,381,0,0,254,0,254,0,0,0,0,0,0,0,0,0,0,0,0,0,0,0,0,0,0,0,0,0,0,0,0,0,0,0,0,0,0,2,252,0,0,0,0,30.9868899,28.3846926,2.60219729,0,93.9638995,312.806,3,437.756789,0,30.9071366,341.196188,0,0,65.6534644,0,19.6365,0,0,41,0,41,0,0,0,0,0,0,0,0,0,0,0,0,0,0,0,0,0,0,0,0,0,0,0,0,0,0,0,0,0,0,41,0,0,0,0,0,312670,515,1203,410,1110
BU04570201,BU04570201,Dichtersbuurt,WK045702,Noord,GM0457,Weesp,Noord-Holland Zuid,Noord-Holland,1106,26,1163,79148,7282,FALSE,23031.5645,14702.5145,8329.05,443.678833,0,9372.05,921,32847.2934,0,25705.1582,10119.3076,0,0,-2977.17247,0,1659,0,0,1106,0,1106,0,0,0,0,0,0,0,0,0,0,0,0,0,0,0,0,0,0,0,0,0,0,0,0,0,0,0,0,0,0,49,1057,0,0,0,0,1383.44094,1302.84559,80.5953534,0,1110.78989,2911.703,55,5405.93383,0,1364.67413,3261.69938,0,0,779.560319,0,207.537,0,0,26,0,26,0,0,0,0,0,0,0,0,0,0,0,0,0,0,0,0,0,0,0,0,0,0,0,0,0,0,0,0,0,0,26,0,0,0,0,0,972702,510,836,1866.537,1111
BU04570202,BU04570202,Schildersbuurt,WK045702,Noord,GM0457,Weesp,Noord-Holland Zuid,Noord-Holland,500,51,554,39459,6936,FALSE,11653.1315,8214.03152,3439.1,243.738074,0,4516.48,988,16413.3496,0,12674.635,4920.37051,0,0,-1181.65593,0,750,0,0,500,0,500,0,0,0,0,0,0,0,0,0,0,0,0,0,0,0,0,0,0,0,0,0,0,0,0,0,0,0,0,0,0,58,442,0,0,0,0,1619.36348,1487.90601,131.457465,0,1013.79343,1452.548,137,4085.7049,0,1613.25867,1775.17802,0,0,697.268208,0,197.676,0,0,51,0,51,0,0,0,0,0,0,0,0,0,0,0,0,0,0,0,0,0,0,0,0,0,0,0,0,0,0,0,0,0,0,51,0,0,0,0,0,434511,446,784,1030,1112
BU04570301,BU04570301,Hogewey Noord,WK045703,Hogewey,GM0457,Weesp,Noord-Holland Zuid,Noord-Holland,424,34,460,45775,4615,FALSE,9107.28391,6606.28391,2501,105.377377,0,3693.92,517,12906.5813,0,9825.80717,3954.98774,0,0,-874.213629,0,636,0,0,424,0,424,0,0,0,0,0,0,0,0,0,0,0,0,0,0,0,0,0,0,0,0,0,0,0,0,0,0,0,0,0,0,160,264,0,0,0,0,1415.68271,1329.5895,86.0932042,0,932.534513,1360.516,80,3708.73322,0,1398.02534,1653.42899,0,0,657.278888,0,131.5275,0,0,34,0,34,0,0,0,0,0,0,0,0,0,0,0,0,0,0,0,0,0,0,0,0,0,0,0,0,0,0,0,0,0,0,34,0,0,0,0,0,347737,441,756,767.5275,1113
BU04570302,BU04570302,Hogewey Midden,WK045703,Hogewey,GM0457,Weesp,Noord-Holland Zuid,Noord-Holland,930,155,1005,80038,9639,FALSE,22168.9968,16114.6468,6054.35,443.297299,0,8465.52,1033,31077.8141,0,23903.6721,9227.71266,0,0,-2053.5707,0,1395,0,0,930,0,930,0,0,0,0,0,0,0,0,0,0,0,0,0,0,0,0,0,0,0,0,0,0,0,0,0,0,0,0,0,0,68,861,0,0,0,0,774.708942,735.120881,39.5880609,0,664.060187,4061.172,36,5499.94113,0,761.830419,4277.4864,0,0,460.624308,0,274.7115,0,0,155,0,155,0,0,0,0,0,0,0,0,0,0,0,0,0,0,0,0,0,0,0,0,0,0,0,0,0,0,0,0,0,0,155,0,0,0,0,0,830272,465,826,2375,1114
BU04570303,BU04570303,Hogewey Zuid,WK045703,Hogewey,GM0457,Weesp,Noord-Holland Zuid,Noord-Holland,904,100,1030,91402,16271,FALSE,21302.0792,16009.2792,5292.8,286.797178,0,7749.56,1183,29338.4364,0,22744.6488,8347.76926,0,0,-1753.98168,0,1356,0,0,904,0,904,0,0,0,0,0,0,0,0,0,0,0,0,0,0,0,0,0,0,0,0,0,0,0,0,0,0,0,0,0,0,316,541,0,0,0,0,1829.50701,1743.22938,86.2776322,0,920.637198,4294.738,102,7044.88221,0,1796.01214,4601.90744,0,0,646.96263,0,463.7235,0,0,100,0,100,0,0,0,0,0,0,0,0,0,0,0,0,0,0,0,0,0,0,0,0,0,0,0,0,0,0,0,0,0,0,100,0,0,0,0,0,705069,438,685,1819.7235,1115
BU04570304,BU04570304,Bedrijventerrein Noord,WK045703,Hogewey,GM0457,Weesp,Noord-Holland Zuid,Noord-Holland,75,329,2683,6820,338960,FALSE,1731.16473,1304.76473,426.4,24.9192524,0,634.25,21,2390.33398,0,1846.8037,682.588732,0,0,-139.058443,0,112.5,0,0,75,0,75,0,0,0,0,0,0,0,0,0,0,0,0,0,0,0,0,0,0,0,0,0,0,0,0,0,0,0,0,0,0,67,8,0,0,0,0,31753.6014,30384.1754,1369.42603,0,11558.9028,42420.918,386,85733.4222,0,31117.5338,46600.9416,0,0,8014.94673,0,9660.36,0,0,329,0,329,0,0,0,0,0,0,0,0,0,0,0,0,0,0,0,0,0,0,0,0,0,0,0,0,0,0,0,0,0,0,329,0,0,0,0,0,2906339,716,1083,9772.86,1116
BU04570401,BU04570401,Aetsveld Noord,WK045704,Aetsveld,GM0457,Weesp,Noord-Holland Zuid,Noord-Holland,702,26,757,72828,7114,FALSE,18835.9625,13361.4625,5474.5,296.887475,0,6779.1,772,25911.95,0,20451.0323,7365.53716,0,0,-1904.6195,0,1053,0,0,702,0,702,0,0,0,0,0,0,0,0,0,0,0,0,0,0,0,0,0,0,0,0,0,0,0,0,0,0,0,0,0,0,4,698,0,0,0,0,1069.719,1014.58099,55.1380061,0,625.23591,2299.885,44,3994.83991,0,1052.13921,2505.09527,0,0,437.605426,0,202.749,0,0,26,0,26,0,0,0,0,0,0,0,0,0,0,0,0,0,0,0,0,0,0,0,0,0,0,0,0,0,0,0,0,0,0,26,0,0,0,0,0,755532,531,998,1255.749,1117
BU04570402,BU04570402,Aetsveld Zuid,WK045704,Aetsveld,GM0457,Weesp,Noord-Holland Zuid,Noord-Holland,797,4,798,77605,44,FALSE,20283.3979,14165.7979,6117.6,299.235961,0,7452.08,835,28034.7139,0,22117.6262,8054.61476,0,0,-2137.52708,0,1195.5,0,0,797,0,797,0,0,0,0,0,0,0,0,0,0,0,0,0,0,0,0,0,0,0,0,0,0,0,0,0,0,0,0,0,0,11,786,0,0,0,0,1.97799969,1.81182164,0.166178056,0,6.00608891,19.976,0,27.9600886,0,1.97293905,21.7905854,0,0,4.19656415,0,1.254,0,0,4,0,4,0,0,0,0,0,0,0,0,0,0,0,0,0,0,0,0,0,0,0,0,0,0,0,0,0,0,0,0,0,0,4,0,0,0,0,0,776234,521,973,1530,1118
BU04570701,BU04570701,Aetsveldsepolder,WK045707,Aetsveldsepolder,GM0457,Weesp,Noord-Holland Zuid,Noord-Holland,117,29,168,17629,6560,FALSE,4718.96476,3658.96476,1060,100.143898,0,1120.99,9,5940.09865,0,4990.45756,1281.10934,0,0,-331.468249,0,175.5,0,0,117,0,117,0,0,0,0,0,0,0,0,0,0,0,0,0,0,0,0,0,0,0,0,0,0,0,0,0,0,0,0,0,0,13,104,0,0,0,0,1512.01621,1440.86229,71.1539215,0,1011.24935,2139.715,3,4662.98056,0,1484.2694,2457.81154,0,0,720.899613,0,186.96,0,0,29,0,29,0,0,0,0,0,0,0,0,0,0,0,0,0,0,0,0,0,0,0,0,0,0,0,0,0,0,0,0,0,0,29,0,0,0,0,0,208623,474,1242,1260,1119
BU04570801,BU04570801,Oostelijke Vechtoever,WK045708,Oostelijke Vechtoever,GM0457,Weesp,Noord-Holland Zuid,Noord-Holland,137,113,225,22836,11410,FALSE,6075.03748,4851.23748,1223.8,147.78051,0,1301.13,6,7523.94799,0,6364.37364,1522.90415,0,0,-363.329805,0,205.5,0,0,137,0,137,0,0,0,0,0,0,0,0,0,0,0,0,0,0,0,0,0,0,0,0,0,0,0,0,0,0,0,0,0,0,10,127,0,0,0,0,2094.21232,1972.58842,121.623898,0,1500.99165,3135.48,2,6730.68397,0,2065.64172,3610.11756,0,0,1054.92469,0,325.185,0,0,113,0,113,0,0,0,0,0,0,0,0,0,0,0,0,0,0,0,0,0,0,0,0,0,0,0,0,0,0,0,0,0,0,113,0,0,0,0,0,325144,536,1445,3240,1120
BU04570901,BU04570901,Leeuwenveld,WK045709,Bloemendalerpolder,GM0457,Weesp,Noord-Holland Zuid,Noord-Holland,510,40,628,74543,15282,FALSE,13711.8485,9949.64852,3762.2,9.15590219,0,4908.96,492,18629.9644,0,14792.2475,5172.9481,0,0,-1335.23119,0,765,0,0,510,0,510,0,0,0,0,0,0,0,0,0,0,0,0,0,0,0,0,0,0,0,0,0,0,0,0,0,0,0,0,0,0,325,115,0,0,0,0,3982.4644,3915.48633,66.978066,0,2059.96062,6878.532,143,12920.957,0,3857.91579,7544.79834,0,0,1518.24289,0,435.537,0,0,40,0,40,0,0,0,0,0,0,0,0,0,0,0,0,0,0,0,0,0,0,0,0,0,0,0,0,0,0,0,0,0,0,40,0,0,0,0,0,360623,327,574,2690,1121
BU04570902,BU04570902,Bedrijventerrein Nijverheidslaan,WK045709,Bloemendalerpolder,GM0457,Weesp,Noord-Holland Zuid,Noord-Holland,12,31,298,1713,37116,FALSE,465.253844,352.253844,113,10.0552828,0,114.1,27,589.409127,0,495.650063,130.029403,0,0,-36.2703397,0,18,0,0,12,0,12,0,0,0,0,0,0,0,0,0,0,0,0,0,0,0,0,0,0,0,0,0,0,0,0,0,0,0,0,0,0,0,12,0,0,0,0,5735.20809,5516.49479,218.713301,0,1635.18024,7526.543,331,14896.9313,0,5608.09039,8106.66499,0,0,1182.17595,0,1057.806,0,0,31,0,31,0,0,0,0,0,0,0,0,0,0,0,0,0,0,0,0,0,0,0,0,0,0,0,0,0,0,0,0,0,0,31,0,0,0,0,0,165614,358,556,1075.806,1122
BU04570903,BU04570903,Weespersluis,WK045709,Bloemendalerpolder,GM0457,Weesp,Noord-Holland Zuid,Noord-Holland,129,6,134,20563,587,FALSE,3645.6959,2668.1959,977.5,16.1988562,0,1261.22,11,4923.11475,0,3923.21187,1346.59902,0,0,-346.69613,0,193.5,0,0,129,0,129,0,0,0,0,0,0,0,0,0,0,0,0,0,0,0,0,0,0,0,0,0,0,0,0,0,0,0,0,0,0,114,15,0,0,0,0,119.648598,117.431631,2.21696634,0,79.9677759,266.498,0,466.114374,0,115.99415,292.133056,0,0,57.9871675,0,16.7295,0,0,6,0,6,0,0,0,0,0,0,0,0,0,0,0,0,0,0,0,0,0,0,0,0,0,0,0,0,0,0,0,0,0,0,6,0,0,0,0,0,97893,398,731,880,1123
BU16960000,BU16960000,s-Graveland,WK169600,Wijk 00 s-Graveland,GM1696,Wijdemeren,Noord-Holland Zuid,Noord-Holland,713,87,929,78626,27972,FALSE,22550.6146,16633.8646,5916.75,465.169516,0,6762.14,43,29777.9241,0,24211.8089,7524.57572,0,0,-1958.46051,0,1069.5,0,0,713,0,713,0,0,0,0,0,0,0,0,0,0,0,0,0,0,0,0,0,0,0,0,0,0,0,0,0,0,0,0,0,0,107,605,0,0,0,0,4978.58483,4682.94147,295.643363,0,3821.01895,9031.082,10,17830.6858,0,4913.44412,10253.2442,0,0,2663.99748,0,797.202,0,0,87,0,87,0,0,0,0,0,0,0,0,0,0,0,0,0,0,0,0,0,0,0,0,0,0,0,0,0,0,0,0,0,0,87,0,0,0,0,0,1056448,433,1137,3465,1226
BU16960101,BU16960101,Rade Oranjebuurt Munniksveen en omgeving,WK169601,Wijk 01 Kortenhoef,GM1696,Wijdemeren,Noord-Holland Zuid,Noord-Holland,2674,366,2970,289566,38376,FALSE,77998.8595,56984.0095,21014.85,1371.27803,0,25764.15,208,105134.288,0,83979.6085,28263.109,0,0,-7108.42995,0,4011,0,0,2674,0,2674,0,0,0,0,0,0,0,0,0,0,0,0,0,0,0,0,0,0,0,0,0,0,0,0,0,0,0,0,0,0,387,2262,0,0,0,0,7778.74706,7105.51168,673.235384,0,4188.68703,12077.576,21,24045.0101,0,7767.27191,13452.3739,0,0,2825.3643,0,1093.716,0,0,366,0,366,0,0,0,0,0,0,0,0,0,0,0,0,0,0,0,0,0,0,0,0,0,0,0,0,0,0,0,0,0,0,366,0,0,0,0,0,2937541,463,989,6415,1227
BU16960201,BU16960201,Ankeveense Rade,WK169602,Wijk 02 Ankeveen,GM1696,Wijdemeren,Noord-Holland Zuid,Noord-Holland,491,81,568,51564,9933,FALSE,15056.6062,11005.7062,4050.9,317.074983,0,4813.91,65,20187.5912,0,16208.6599,5339.3803,0,0,-1360.44893,0,736.5,0,0,491,0,491,0,0,0,0,0,0,0,0,0,0,0,0,0,0,0,0,0,0,0,0,0,0,0,0,0,0,0,0,0,0,78,413,0,0,0,0,1379.14699,1258.3881,120.758891,0,1189.781,2184.346,6,4753.27399,0,1377.70924,2559.14175,0,0,816.423,0,283.0905,0,0,81,0,81,0,0,0,0,0,0,0,0,0,0,0,0,0,0,0,0,0,0,0,0,0,0,0,0,0,0,0,0,0,0,81,0,0,0,0,0,608687,474,1072,2240,1228
BU16960300,BU16960300,Oud-Loosdrecht,WK169603,Wijk 03 Loosdrecht,GM1696,Wijdemeren,Noord-Holland Zuid,Noord-Holland,1101,526,1600,123082,64787,FALSE,36110.3184,26389.6184,9720.7,614.363055,0,10389.05,51,47113.7315,0,38875.6053,11475.9201,0,0,-3237.7939,0,1651.5,0,0,1101,0,1101,0,0,0,0,0,0,0,0,0,0,0,0,0,0,0,0,0,0,0,0,0,0,0,0,0,0,0,0,0,0,162,937,0,0,0,0,12106.3263,10874.1301,1232.19618,0,10654.2901,15069.468,17,37830.0844,0,12167.2779,18369.9399,0,0,7292.86655,0,1846.4295,0,0,526,0,526,0,0,0,0,0,0,0,0,0,0,0,0,0,0,0,0,0,0,0,0,0,0,0,0,0,0,0,0,0,0,526,0,0,0,0,0,1696466,467,1060,5160,1229
BU16960400,BU16960400,Nieuw-Loosdrechtsedijk,WK169604,Wijk 04 Nieuw-Loosdrecht,GM1696,Wijdemeren,Noord-Holland Zuid,Noord-Holland,2735,450,3422,299314,89227,FALSE,82338.5465,60621.1965,21717.35,1778.94031,0,26403.12,165,110520.607,0,88452.5981,29337.9079,0,0,-7269.89919,0,4102.5,0,0,2735,0,2735,0,0,0,0,0,0,0,0,0,0,0,0,0,0,0,0,0,0,0,0,0,0,0,0,0,0,0,0,0,0,373,2362,0,0,0,0,15785.5167,14330.4147,1455.10198,0,11854.0481,28903.995,32,56543.5598,0,15800.2199,32675.7976,0,0,8067.54235,0,2542.9695,0,0,450,0,450,0,0,0,0,0,0,0,0,0,0,0,0,0,0,0,0,0,0,0,0,0,0,0,0,0,0,0,0,0,0,450,0,0,0,0,0,3685534,472,1077,7530,1230
BU16960601,BU16960601,Horn- en Kuijerpolder,WK169606,Wijk 06 Nederhorst den Berg,GM1696,Wijdemeren,Noord-Holland Zuid,Noord-Holland,540,189,677,64293,17684,FALSE,18251.7549,13834.0049,4417.75,462.85184,0,5316.04,70,24030.6467,0,19437.6917,6025.96692,0,0,-1433.01186,0,810,0,0,540,0,540,0,0,0,0,0,0,0,0,0,0,0,0,0,0,0,0,0,0,0,0,0,0,0,0,0,0,0,0,0,0,27,513,0,0,0,0,5171.43581,4664.0072,507.428619,0,4043.16572,3329.439,20,12544.0405,0,5189.38427,4577.34197,0,0,2777.31429,0,503.994,0,0,189,0,189,0,0,0,0,0,0,0,0,0,0,0,0,0,0,0,0,0,0,0,0,0,0,0,0,0,0,0,0,0,0,189,0,0,0,0,0,779628,454,1152,1595,1231
BU16960602,BU16960602,Blijkpolder,WK169606,Wijk 06 Nederhorst den Berg,GM1696,Wijdemeren,Noord-Holland Zuid,Noord-Holland,573,34,613,68643,5101,FALSE,16680.8238,12098.5238,4582.3,273.359197,0,5464.53,225,22418.713,0,17997.5015,5989.318,0,0,-1568.10652,0,859.5,0,0,573,0,573,0,0,0,0,0,0,0,0,0,0,0,0,0,0,0,0,0,0,0,0,0,0,0,0,0,0,0,0,0,0,152,418,0,0,0,0,740.915904,708.421463,32.4944409,0,532.964253,1989.69,10,3263.57016,0,726.305651,2161.69066,0,0,375.573844,0,145.3785,0,0,34,0,34,0,0,0,0,0,0,0,0,0,0,0,0,0,0,0,0,0,0,0,0,0,0,0,0,0,0,0,0,0,0,34,0,0,0,0,0,621833,500,1014,1575,1232
BU16960604,BU16960604,Splegelpolder,WK169606,Wijk 06 Nederhorst den Berg,GM1696,Wijdemeren,Noord-Holland Zuid,Noord-Holland,837,95,925,97362,11339,FALSE,25444.1777,18582.4777,6861.7,479.129019,0,8102.03,113,34025.3367,0,27397.9059,8950.90938,0,0,-2323.47857,0,1255.5,0,0,837,0,837,0,0,0,0,0,0,0,0,0,0,0,0,0,0,0,0,0,0,0,0,0,0,0,0,0,0,0,0,0,0,284,550,0,0,0,0,2305.63023,2142.71421,162.91602,0,1732.4954,3312.975,10,7351.10063,0,2286.57438,3858.83401,0,0,1205.69225,0,323.1615,0,0,95,0,95,0,0,0,0,0,0,0,0,0,0,0,0,0,0,0,0,0,0,0,0,0,0,0,0,0,0,0,0,0,0,95,0,0,0,0,0,907262,447,981,3840,1233
BU19420002,BU19420002,Verbindingslaan,WK194200,Bussum Centrum,GM1942,Gooise Meren,Noord-Holland Zuid,Noord-Holland,635,86,793,62631,20503,FALSE,18019.0854,13184.4854,4834.6,376.527237,0,5940.21,1365,24335.8226,0,19392.112,6559.94132,0,0,-1616.23071,0,952.5,0,0,635,0,635,0,0,0,0,0,0,0,0,0,0,0,0,0,0,0,0,0,0,0,0,0,0,0,0,0,0,0,0,0,0,31,603,0,0,0,0,2974.64637,2764.71144,209.934928,0,1379.27559,8072.793,225,12426.715,0,2949.95268,8544.62914,0,0,932.133148,0,584.3355,0,0,86,0,86,0,0,0,0,0,0,0,0,0,0,0,0,0,0,0,0,0,0,0,0,0,0,0,0,0,0,0,0,0,0,86,0,0,0,0,0,840004,472,1059,1536.8355,1234
BU19420003,BU19420003,Batterijlaan,WK194200,Bussum Centrum,GM1942,Gooise Meren,Noord-Holland Zuid,Noord-Holland,499,37,568,55923,8862,FALSE,16053.9561,12012.0061,4041.95,405.589392,0,4846.82,1398,21306.3655,0,17163.8253,5467.31107,0,0,-1324.77089,0,748.5,0,0,499,0,499,0,0,0,0,0,0,0,0,0,0,0,0,0,0,0,0,0,0,0,0,0,0,0,0,0,0,0,0,0,0,3,496,0,0,0,0,1413.29308,1278.04547,135.247605,0,1105.74278,2860.589,123,5379.62485,0,1416.73377,3215.42823,0,0,747.462855,0,252.567,0,0,37,0,37,0,0,0,0,0,0,0,0,0,0,0,0,0,0,0,0,0,0,0,0,0,0,0,0,0,0,0,0,0,0,37,0,0,0,0,0,696269,484,1226,1030,1235
BU19420005,BU19420005,Bijlstraat,WK194200,Bussum Centrum,GM1942,Gooise Meren,Noord-Holland Zuid,Noord-Holland,503,26,545,51237,5398,FALSE,15753.0239,11533.4239,4219.6,382.733853,0,4986.92,1360,21122.6778,0,16950.3863,5582.84137,0,0,-1410.54985,0,754.5,0,0,503,0,503,0,0,0,0,0,0,0,0,0,0,0,0,0,0,0,0,0,0,0,0,0,0,0,0,0,0,0,0,0,0,132,371,0,0,0,0,977.610383,869.30962,108.300762,0,934.567696,899.561,84,2811.73908,0,986.292361,1192.44954,0,0,632.997176,0,153.843,0,0,26,0,26,0,0,0,0,0,0,0,0,0,0,0,0,0,0,0,0,0,0,0,0,0,0,0,0,0,0,0,0,0,0,26,0,0,0,0,0,596019,458,1094,945,1236
BU19420006,BU19420006,Nijverheidswerf,WK194200,Bussum Centrum,GM1942,Gooise Meren,Noord-Holland Zuid,Noord-Holland,420,52,511,36976,11727,FALSE,11158.9115,7927.86154,3231.05,235.560676,0,3973.08,1033,15367.5522,0,12110.5132,4362.63396,0,0,-1105.59497,0,630,0,0,420,0,420,0,0,0,0,0,0,0,0,0,0,0,0,0,0,0,0,0,0,0,0,0,0,0,0,0,0,0,0,0,0,15,405,0,0,0,0,2225.36101,2008.85388,216.507126,0,1500.63269,2436.453,206,6162.4467,0,2232.29461,2920.39208,0,0,1009.76001,0,334.2195,0,0,52,0,52,0,0,0,0,0,0,0,0,0,0,0,0,0,0,0,0,0,0,0,0,0,0,0,0,0,0,0,0,0,0,52,0,0,0,0,0,492731,420,964,1260,1237
BU19420007,BU19420007,Laarderwegkwartier,WK194200,Bussum Centrum,GM1942,Gooise Meren,Noord-Holland Zuid,Noord-Holland,633,141,718,58937,11027,FALSE,16631.1353,12009.8353,4621.3,316.911747,0,5690.01,899,22638.057,0,17966.3907,6229.51559,0,0,-1557.84932,0,949.5,0,0,633,0,633,0,0,0,0,0,0,0,0,0,0,0,0,0,0,0,0,0,0,0,0,0,0,0,0,0,0,0,0,0,0,59,564,0,0,0,0,1489.25529,1401.26539,87.9898984,0,980.133993,4260.897,81,6730.28628,0,1469.57876,4584.02028,0,0,676.687238,0,314.2695,0,0,141,0,141,0,0,0,0,0,0,0,0,0,0,0,0,0,0,0,0,0,0,0,0,0,0,0,0,0,0,0,0,0,0,141,0,0,0,0,0,649319,450,904,1263.7695,1238
BU19420008,BU19420008,Spiegelzicht,WK194200,Bussum Centrum,GM1942,Gooise Meren,Noord-Holland Zuid,Noord-Holland,501,127,620,59095,15418,FALSE,15817.8752,11693.9752,4123.9,351.63198,0,4634.33,1043,20803.8372,0,16971.8458,5194.41078,0,0,-1362.41941,0,751.5,0,0,501,0,501,0,0,0,0,0,0,0,0,0,0,0,0,0,0,0,0,0,0,0,0,0,0,0,0,0,0,0,0,0,0,63,438,0,0,0,0,1786.72004,1683.88484,102.835201,0,1511.99993,6175.16,118,9473.87997,0,1761.94671,6661.40046,0,0,1050.5328,0,439.413,0,0,127,0,127,0,0,0,0,0,0,0,0,0,0,0,0,0,0,0,0,0,0,0,0,0,0,0,0,0,0,0,0,0,0,127,0,0,0,0,0,727920,474,1174,1430,1239
BU19420100,BU19420100,Prins Hendrikkwartier,WK194201,Brediuskwartier,GM1942,Gooise Meren,Noord-Holland Zuid,Noord-Holland,312,72,451,45974,17967,FALSE,12030.4919,9382.39191,2648.1,336.445683,0,2952.8,859,15319.7376,0,12699.4474,3440.72512,0,0,-820.434879,0,468,0,0,312,0,312,0,0,0,0,0,0,0,0,0,0,0,0,0,0,0,0,0,0,0,0,0,0,0,0,0,0,0,0,0,0,2,310,0,0,0,0,2789.91222,2568.1199,221.792322,0,2746.931,6942.028,199,12478.8712,0,2777.39095,7811.42403,0,0,1890.05624,0,512.0595,0,0,72,0,72,0,0,0,0,0,0,0,0,0,0,0,0,0,0,0,0,0,0,0,0,0,0,0,0,0,0,0,0,0,0,72,0,0,0,0,0,609881,448,1352,1030,1240
BU19420101,BU19420101,Hooftlaan,WK194201,Brediuskwartier,GM1942,Gooise Meren,Noord-Holland Zuid,Noord-Holland,249,55,389,29961,18151,FALSE,7363.98229,5373.18229,1990.8,133.2189,0,2336.36,656,9833.56119,0,7931.52143,2576.40842,0,0,-674.368663,0,373.5,0,0,249,0,249,0,0,0,0,0,0,0,0,0,0,0,0,0,0,0,0,0,0,0,0,0,0,0,0,0,0,0,0,0,0,102,147,0,0,0,0,3716.73075,3534.51997,182.210783,0,1604.41814,6211.228,331,11532.3769,0,3651.64742,6748.14126,0,0,1132.5882,0,517.3035,0,0,55,0,55,0,0,0,0,0,0,0,0,0,0,0,0,0,0,0,0,0,0,0,0,0,0,0,0,0,0,0,0,0,0,55,0,0,0,0,0,344568,412,886,1030,1241
BU19420200,BU19420200,Sportpark-Zuid,WK194202,Eng,GM1942,Gooise Meren,Noord-Holland Zuid,Noord-Holland,1,16,87,100,11154,FALSE,36.9853936,26.3853936,10.6,0,0,9.28,2,46.2653936,0,40.092793,9.70308,0,0,-3.53047939,0,1.5,0,0,1,0,1,0,0,0,0,0,0,0,0,0,0,0,0,0,0,0,0,0,0,0,0,0,0,0,0,0,0,0,0,0,0,1,0,0,0,0,0,3575.96368,3218.25129,357.712385,0,2970.3899,1611.766,220,8158.11958,0,3591.29515,2533.99923,0,0,2032.8252,0,317.889,0,0,16,0,16,0,0,0,0,0,0,0,0,0,0,0,0,0,0,0,0,0,0,0,0,0,0,0,0,0,0,0,0,0,0,16,0,0,0,0,0,143732,540,1652,945,1242
BU19420202,BU19420202,Godelindebuurt,WK194202,Eng,GM1942,Gooise Meren,Noord-Holland Zuid,Noord-Holland,410,12,424,40363,1701,FALSE,11789.4039,8692.60391,3096.8,255.831475,0,4003.34,1303,16048.5754,0,12659.3841,4425.96944,0,0,-1036.77815,0,615,0,0,410,0,410,0,0,0,0,0,0,0,0,0,0,0,0,0,0,0,0,0,0,0,0,0,0,0,0,0,0,0,0,0,0,66,344,0,0,0,0,215.498277,198.972372,16.5259047,0,171.998525,808.315,24,1195.8118,0,214.272234,863.880356,0,0,117.659212,0,48.4785,0,0,12,0,12,0,0,0,0,0,0,0,0,0,0,0,0,0,0,0,0,0,0,0,0,0,0,0,0,0,0,0,0,0,0,12,0,0,0,0,0,410299,465,968,945,1243
BU19420207,BU19420207,Midden Eng-Oost,WK194202,Eng,GM1942,Gooise Meren,Noord-Holland Zuid,Noord-Holland,802,82,851,67474,6264,FALSE,21006.3172,15062.2672,5944.05,460.217749,0,7807.12,715,29273.6549,0,22738.5742,8564.31023,0,0,-2029.22951,0,1203,0,0,802,0,802,0,0,0,0,0,0,0,0,0,0,0,0,0,0,0,0,0,0,0,0,0,0,0,0,0,0,0,0,0,0,127,675,0,0,0,0,888.486868,826.883717,61.6031514,0,410.326404,1997.399,30,3296.21227,0,880.640429,2136.5818,0,0,278.990048,0,178.524,0,0,82,0,82,0,0,0,0,0,0,0,0,0,0,0,0,0,0,0,0,0,0,0,0,0,0,0,0,0,0,0,0,0,0,82,0,0,0,0,0,776183,465,912,1381.524,1244
BU19420208,BU19420208,Midden Eng-West,WK194202,Eng,GM1942,Gooise Meren,Noord-Holland Zuid,Noord-Holland,701,37,714,63344,1622,FALSE,19547.5635,14260.1635,5287.4,482.90096,0,6932.38,1112,26962.8445,0,21055.3068,7689.24388,0,0,-1781.7062,0,1051.5,0,0,701,0,701,0,0,0,0,0,0,0,0,0,0,0,0,0,0,0,0,0,0,0,0,0,0,0,0,0,0,0,0,0,0,34,667,0,0,0,0,289.008984,253.826066,35.1829177,0,353.88324,418.538,16,1061.43022,0,292.928688,527.662217,0,0,240.839318,0,46.227,0,0,37,0,37,0,0,0,0,0,0,0,0,0,0,0,0,0,0,0,0,0,0,0,0,0,0,0,0,0,0,0,0,0,0,37,0,0,0,0,0,711735,476,997,1097.727,1245
BU19420304,BU19420304,Kom van Bieghel,WK194203,Spiegel,GM1942,Gooise Meren,Noord-Holland Zuid,Noord-Holland,697,123,935,69184,30930,FALSE,18303.0587,13642.6587,4660.4,281.519685,0,6101.32,597,24685.8983,0,19590.7188,6626.82245,0,0,-1531.6429,0,1045.5,0,0,697,0,697,0,0,0,0,0,0,0,0,0,0,0,0,0,0,0,0,0,0,0,0,0,0,0,0,0,0,0,0,0,0,6,671,0,0,0,0,5557.52739,5254.96107,302.566313,0,2755.89564,9052.738,181,17366.161,0,5473.07818,9964.56287,0,0,1928.51998,0,881.505,0,0,123,0,123,0,0,0,0,0,0,0,0,0,0,0,0,0,0,0,0,0,0,0,0,0,0,0,0,0,0,0,0,0,0,123,0,0,0,0,0,863052,472,923,1927.005,1246
BU19420306,BU19420306,Fransekamp,WK194203,Spiegel,GM1942,Gooise Meren,Noord-Holland Zuid,Noord-Holland,108,24,351,18553,31534,FALSE,4028.63619,3131.93619,896.7,64.8342773,0,997.91,23,5091.38047,0,4256.89378,1120.29968,0,0,-285.812982,0,162,0,0,108,0,108,0,0,0,0,0,0,0,0,0,0,0,0,0,0,0,0,0,0,0,0,0,0,0,0,0,0,0,0,0,0,59,49,0,0,0,0,4537.4843,4412.37382,125.110486,0,2264.07832,17097.449,26,23899.0116,0,4416.4317,17850.714,0,0,1631.86597,0,898.719,0,0,24,0,24,0,0,0,0,0,0,0,0,0,0,0,0,0,0,0,0,0,0,0,0,0,0,0,0,0,0,0,0,0,0,24,0,0,0,0,0,255413,442,728,1265,1247
BU19420401,BU19420401,Krijgsman,WK194204,Muiden,GM1942,Gooise Meren,Noord-Holland Zuid,Noord-Holland,595,45,628,72151,4245,FALSE,18218.1631,13482.9631,4735.2,390.034942,0,5908.55,155,24516.748,0,19541.0542,6574.38438,0,0,-1598.6906,0,892.5,0,0,595,0,595,0,0,0,0,0,0,0,0,0,0,0,0,0,0,0,0,0,0,0,0,0,0,0,0,0,0,0,0,0,0,141,454,0,0,0,0,634.968964,606.71005,28.2589147,0,471.221879,1434.439,5,2540.62984,0,622.62354,1586.88126,0,0,331.12504,0,120.9825,0,0,45,0,45,0,0,0,0,0,0,0,0,0,0,0,0,0,0,0,0,0,0,0,0,0,0,0,0,0,0,0,0,0,0,45,0,0,0,0,0,606047,451,965,1545,1248
BU19420402,BU19420402,Muiderberg,WK194204,Muiden,GM1942,Gooise Meren,Noord-Holland Zuid,Noord-Holland,774,228,861,98994,11217,FALSE,26660.7338,20232.0338,6428.7,696.276637,0,7588.3,180,34945.3104,0,28382.6287,8646.86528,0,0,-2084.18349,0,1161,0,0,774,0,774,0,0,0,0,0,0,0,0,0,0,0,0,0,0,0,0,0,0,0,0,0,0,0,0,0,0,0,0,0,0,81,686,0,0,0,0,2016.20509,1795.27459,220.930503,0,1878.04711,3033.083,14,6927.3352,0,2033.07349,3618.47609,0,0,1275.78562,0,319.6845,0,0,228,0,228,0,0,0,0,0,0,0,0,0,0,0,0,0,0,0,0,0,0,0,0,0,0,0,0,0,0,0,0,0,0,228,0,0,0,0,0,1103687,510,1282,1515,1249
BU19420403,BU19420403,Mariahoeve Muiden,WK194204,Muiden,GM1942,Gooise Meren,Noord-Holland Zuid,Noord-Holland,324,28,341,41731,2176,FALSE,10640.1244,8068.32441,2571.8,269.336695,0,3179.64,593,14089.1011,0,11329.9487,3602.05186,0,0,-842.899435,0,486,0,0,324,0,324,0,0,0,0,0,0,0,0,0,0,0,0,0,0,0,0,0,0,0,0,0,0,0,0,0,0,0,0,0,0,2,321,0,0,0,0,451.082142,442.863882,8.21826022,0,295.444647,987.904,25,1734.43079,0,437.244906,1082.59136,0,0,214.594527,0,62.016,0,0,28,0,28,0,0,0,0,0,0,0,0,0,0,0,0,0,0,0,0,0,0,0,0,0,0,0,0,0,0,0,0,0,0,28,0,0,0,0,0,402018,507,1179,630,1250
BU19420408,BU19420408,Pampusweg,WK194204,Muiden,GM1942,Gooise Meren,Noord-Holland Zuid,Noord-Holland,4,31,158,739,20014,FALSE,206.290426,172.290426,34,5.75923718,0,38.8,1,250.849663,0,212.886094,46.9159972,0,0,-8.95242737,0,6,0,0,4,0,4,0,0,0,0,0,0,0,0,0,0,0,0,0,0,0,0,0,0,0,0,0,0,0,0,0,0,0,0,0,0,0,4,0,0,0,0,2750.82954,2657.50394,93.3255974,0,1246.84814,11079.672,14,15077.3497,0,2684.91114,11499.6801,0,0,892.758419,0,570.399,0,0,31,0,31,0,0,0,0,0,0,0,0,0,0,0,0,0,0,0,0,0,0,0,0,0,0,0,0,0,0,0,0,0,0,31,0,0,0,0,0,84224,473,533,660,1251
BU19420501,BU19420501,Naarden Vesting,WK194205,Naarden,GM1942,Gooise Meren,Noord-Holland Zuid,Noord-Holland,840,232,1148,96672,39946,FALSE,26510.693,19916.643,6594.05,620.46888,0,8178.13,471,35309.2919,0,28309.0211,9166.53232,0,0,-2166.26149,0,1260,0,0,840,0,840,0,0,0,0,0,0,0,0,0,0,0,0,0,0,0,0,0,0,0,0,0,0,0,0,0,0,0,0,0,0,50,783,0,0,0,0,5123.80286,4708.06257,415.74029,0,5454.27074,15357.503,91,25935.5766,0,5104.40031,17081.5911,0,0,3749.58522,0,1138.461,0,0,232,0,232,0,0,0,0,0,0,0,0,0,0,0,0,0,0,0,0,0,0,0,0,0,0,0,0,0,0,0,0,0,0,232,0,0,0,0,0,1294212,433,1127,2398.461,1252
BU19420502,BU19420502,Tuindorp Keverdijk,WK194205,Naarden,GM1942,Gooise Meren,Noord-Holland Zuid,Noord-Holland,1693,246,1854,161347,20924,FALSE,47530.1808,34483.0808,13047.1,1100.52992,0,16436.12,597,65066.8307,0,51277.7806,18205.5677,0,0,-4416.51765,0,2539.5,0,0,1693,0,1693,0,0,0,0,0,0,0,0,0,0,0,0,0,0,0,0,0,0,0,0,0,0,0,0,0,0,0,0,0,0,96,1591,0,0,0,0,3188.41939,2981.34707,207.072321,0,2331.9549,6929.056,40,12449.4303,0,3154.28032,7682.54575,0,0,1612.60422,0,596.334,0,0,246,0,246,0,0,0,0,0,0,0,0,0,0,0,0,0,0,0,0,0,0,0,0,0,0,0,0,0,0,0,0,0,0,246,0,0,0,0,0,1843152,470,994,3135.834,1253
BU19420504,BU19420504,Bedrijvenpark Gooimeer-Zuid,WK194205,Naarden,GM1942,Gooise Meren,Noord-Holland Zuid,Noord-Holland,10,148,547,1254,69783,FALSE,352.651867,267.601867,85.05,8.13449813,0,93.65,8,454.436365,0,375.434488,106.304818,0,0,-27.3029405,0,15,0,0,10,0,10,0,0,0,0,0,0,0,0,0,0,0,0,0,0,0,0,0,0,0,0,0,0,0,0,0,0,0,0,0,0,0,10,0,0,0,0,9835.58401,9562.61113,272.972888,0,4686.42236,21835.405,220,36357.4114,0,9573.9474,23416.6789,0,0,3366.78511,0,1988.8155,0,0,148,0,148,0,0,0,0,0,0,0,0,0,0,0,0,0,0,0,0,0,0,0,0,0,0,0,0,0,0,0,0,0,0,148,0,0,0,0,0,436336,414,798,3970,1254
BU19420506,BU19420506,Oranje Nassaupark-Noord,WK194205,Naarden,GM1942,Gooise Meren,Noord-Holland Zuid,Noord-Holland,253,65,279,41097,3333,FALSE,9818.67335,7702.67335,2116,283.106398,0,2476.05,465,12577.8298,0,10345.3056,2894.24128,0,0,-661.717101,0,379.5,0,0,253,0,253,0,0,0,0,0,0,0,0,0,0,0,0,0,0,0,0,0,0,0,0,0,0,0,0,0,0,0,0,0,0,7,236,0,0,0,0,493.280775,450.750899,42.5298762,0,393.160237,798.145,23,1684.58601,0,492.483599,922.849136,0,0,269.253277,0,94.9905,0,0,65,0,65,0,0,0,0,0,0,0,0,0,0,0,0,0,0,0,0,0,0,0,0,0,0,0,0,0,0,0,0,0,0,65,0,0,0,0,0,391449,505,1403,800,1255
BU19420508,BU19420508,Ministerpark,WK194205,Naarden,GM1942,Gooise Meren,Noord-Holland Zuid,Noord-Holland,1054,115,1129,126922,9723,FALSE,34655.6564,26185.2564,8470.4,931.92057,0,10250.04,792,45837.617,0,36942.5756,11651.842,0,0,-2756.80064,0,1581,0,0,1054,0,1054,0,0,0,0,0,0,0,0,0,0,0,0,0,0,0,0,0,0,0,0,0,0,0,0,0,0,0,0,0,0,26,1028,0,0,0,0,1841.15629,1742.1795,98.976787,0,1323.49154,3382.109,42,6546.75683,0,1812.64036,3803.61556,0,0,930.50091,0,277.1055,0,0,115,0,115,0,0,0,0,0,0,0,0,0,0,0,0,0,0,0,0,0,0,0,0,0,0,0,0,0,0,0,0,0,0,115,0,0,0,0,0,1368935,497,1213,1858.1055,1256
BU19420509,BU19420509,Componistenkwartier,WK194205,Naarden,GM1942,Gooise Meren,Noord-Holland Zuid,Noord-Holland,716,112,1099,91767,49673,FALSE,22803.9285,17143.8285,5660.1,518.311284,0,6634.39,207,29956.6298,0,24345.7005,7466.61404,0,0,-1855.68474,0,1074,0,0,716,0,716,0,0,0,0,0,0,0,0,0,0,0,0,0,0,0,0,0,0,0,0,0,0,0,0,0,0,0,0,0,0,57,647,0,0,0,0,12245.8022,10867.0573,1378.74488,0,3858.37309,13587.673,111,29691.8482,0,12364.017,14968.8076,0,0,2359.02371,0,1415.6805,0,0,112,0,112,0,0,0,0,0,0,0,0,0,0,0,0,0,0,0,0,0,0,0,0,0,0,0,0,0,0,0,0,0,0,112,0,0,0,0,0,1374238,565,1250,2489.6805,1257
BU19420512,BU19420512,Valkeveen,WK194205,Naarden,GM1942,Gooise Meren,Noord-Holland Zuid,Noord-Holland,261,108,521,44010,33706,FALSE,10078.7549,7767.50493,2311.25,155.982562,0,2451.61,11,12686.3475,0,10678.8242,2748.22452,0,0,-740.701215,0,391.5,0,0,261,0,261,0,0,0,0,0,0,0,0,0,0,0,0,0,0,0,0,0,0,0,0,0,0,0,0,0,0,0,0,0,0,82,178,0,0,0,0,7917.74489,7578.01694,339.727946,0,5001.95543,13356.103,9,26275.8033,0,7758.39912,14963.9084,0,0,3553.49579,0,960.621,0,0,108,0,108,0,0,0,0,0,0,0,0,0,0,0,0,0,0,0,0,0,0,0,0,0,0,0,0,0,0,0,0,0,0,108,0,0,0,0,0,563738,411,1082,3800,1258
BU19420555,BU19420555,Bedrijvenpark Gooimeer-Noord,WK194205,Naarden,GM1942,Gooise Meren,Noord-Holland Zuid,Noord-Holland,0,89,457,0,59326,FALSE,0,0,0,0,0,0,0,0,0,0,0,0,0,0,0,0,0,0,0,0,0,0,0,0,0,0,0,0,0,0,0,0,0,0,0,0,0,0,0,0,0,0,0,0,0,0,0,0,0,0,0,0,0,0,0,0,0,15347.8197,14902.8764,444.943326,0,8121.74839,22712.849,815,46182.4171,0,14947.6657,25326.2414,0,0,5908.51001,0,1690.791,0,0,89,0,89,0,0,0,0,0,0,0,0,0,0,0,0,0,0,0,0,0,0,0,0,0,0,0,0,0,0,0,0,0,0,89,0,0,0,0,0,286841,316,628,2000,1259
BU03769997,BU03769997,UITGESLOTEN,WK037699,UITGESLOTEN,GM0376,UITGESLOTEN,UITGESLOTEN,UITGESLOTEN,0,0,0,0,0,TRUE,0,0,0,0,0,0,0,0,0,0,0,0,0,0,0,0,0,0,0,0,0,0,0,0,0,0,0,0,0,0,0,0,0,0,0,0,0,0,0,0,0,0,0,0,0,0,0,0,0,0,0,0,0,0,0,0,0,0,0,0,0,0,0,0,0,0,0,0,0,0,0,0,0,0,0,0,0,0,0,0,0,0,0,0,0,0,0,0,0,0,0,0,0,0,0,0,0,0,0,0,0,0,0,0,0,0,0,0,0,0,0,0,0,0,0,0,0,0,1263
BU04069997,BU04069997,UITGESLOTEN,WK040699,UITGESLOTEN,GM0406,UITGESLOTEN,UITGESLOTEN,UITGESLOTEN,0,0,0,8841,0,TRUE,0,0,0,0,0,0,0,0,0,0,0,0,0,0,0,0,0,0,70,0,70,0,0,0,0,0,0,0,0,0,0,0,0,0,0,0,0,0,0,0,0,0,0,0,0,0,0,0,0,0,0,10,60,0,0,0,0,0,0,0,0,0,0,0,0,0,0,0,0,0,0,0,0,0,0,0,0,0,0,0,0,0,0,0,0,0,0,0,0,0,0,0,0,0,0,0,0,0,0,0,0,0,0,0,0,0,0,0,0,0,0,0,0,0,0,0,0,105,1268
BU19429997,BU19429997,UITGESLOTEN,WK194299,UITGESLOTEN,GM1942,UITGESLOTEN,UITGESLOTEN,UITGESLOTEN,0,0,0,0,71,TRUE,0,0,0,0,0,0,0,0,0,0,0,0,0,0,0,0,0,0,0,0,0,0,0,0,0,0,0,0,0,0,0,0,0,0,0,0,0,0,0,0,0,0,0,0,0,0,0,0,0,0,0,0,0,0,0,0,0,0,0,0,0,0,0,0,0,0,0,0,0,0,0,0,0,0,0,1,0,1,0,0,0,0,0,0,0,0,0,0,0,0,0,0,0,0,0,0,0,0,0,0,0,0,0,0,0,0,0,0,1,0,0,0,0,0,0,0,0,2.0235,1272
