BU_CODE;I01_buurtcode;I02_buurtnaam;I03_wijkcode;I04_wijknaam;I05_gemeentecode;I06_gemeentenaam;I07_energieregionaam;I08_provincienaam;I09_aantal_woningen;I10_aantal_utiliteit;I11_woningequivalenten;Uitgesloten;Woning_H01_Vraag_Totaal;Woning_H02_Vraag_Ruimteverwarming;Woning_H03_Vraag_Tapwater;Woning_H04_Vraag_Ventilatie;Woning_H05_Vraag_Koude;Woning_H06_Vraag_Apparaten;Woning_H07_Vraag_perhectare;Woning_H08_Input_Totaal;Woning_H09_Input_Aardgas;Woning_H10_Input_Duurzaamgas;Woning_H11_Input_Elektriciteit;Woning_H12_Input_MTwarmte;Woning_H13_Input_LTwarmte;Woning_H14_Saldo_Omgevingswarmte;Woning_H15_CO2_uitstoot;Woning_H16_Nat_meerkost;Woning_H17_Nat_meerkost_CO2;Woning_H18_Nat_meerkost_WEQ;Woning_H19_Waarde_hernieuwbaar_gas;Woning_A01_Aansl_aardgas;Woning_A02_Aansl_eWP;Woning_A03_Aansl_MT;Woning_A04_Aansl_LT;Woning_A05_Aansl_hWP_HG;Woning_A06_Aansl_HR_HG;Woning_A10_Aansl_LT_WKO;Woning_A11_Aansl_LT_LT15_30;Woning_A12_Aansl_LT_LT15_50;Woning_A13_Aansl_LT_LT15_70;Woning_A14_Aansl_LT_LT30_30;Woning_A15_Aansl_LT_LT30_50;Woning_A16_Aansl_LT_LT30_70;Woning_A17_Aansl_LT_TEO;Woning_A18_Aansl_LT_BuurtWKO;Woning_A19_Aansl_MT_Restwarmte;Woning_A20_Aansl_MT_Geothermie;Woning_A21_Aansl_MT_WijkWKK;Woning_A22_Aansl_MT_BioWKK;Woning_A23_Aansl_H2;Woning_A30_Aansl_LabelA;Woning_A31_Aansl_LabelB;Woning_A32_Aansl_LabelC;Woning_A33_Aansl_LabelD;Woning_A34_Aansl_LabelE;Woning_A35_Aansl_LabelF;Util_H01_Vraag_Totaal;Util_H02_Vraag_Ruimteverwarming;Util_H03_Vraag_Tapwater;Util_H04_Vraag_Ventilatie;Util_H05_Vraag_Koude;Util_H06_Vraag_Apparaten;Util_H07_Vraag_perhectare;Util_H08_Input_Totaal;Util_H09_Input_Aardgas;Util_H10_Input_Duurzaamgas;Util_H11_Input_Elektriciteit;Util_H12_Input_MTwarmte;Util_H13_Input_LTwarmte;Util_H14_Saldo_Omgevingswarmte;Util_H15_CO2_uitstoot;Util_H16_Nat_meerkost;Util_H17_Nat_meerkost_CO2;Util_H18_Nat_meerkost_WEQ;Util_H19_Waarde_hernieuwbaar_gas;Util_A01_Aansl_aardgas;Util_A02_Aansl_eWP;Util_A03_Aansl_MT;Util_A04_Aansl_LT;Util_A05_Aansl_hWP_HG;Util_A06_Aansl_HR_HG;Util_A10_Aansl_LT_WKO;Util_A11_Aansl_LT_LT15_30;Util_A12_Aansl_LT_LT15_50;Util_A13_Aansl_LT_LT15_70;Util_A14_Aansl_LT_LT30_30;Util_A15_Aansl_LT_LT30_50;Util_A16_Aansl_LT_LT30_70;Util_A17_Aansl_LT_TEO;Util_A18_Aansl_LT_BuurtWKO;Util_A19_Aansl_MT_Restwarmte;Util_A20_Aansl_MT_Geothermie;Util_A21_Aansl_MT_WijkWKK;Util_A22_Aansl_MT_BioWKK;Util_A23_Aansl_H2;nr_OrgEntity
BU03760101;BU03760101;Bijvanck;WK037601;Blaricum;GM0376;Blaricum;Noord-Holland Zuid;Noord-Holland;1814;98;1893;False;40;23;8;0;0;9;565;40;0;0;24;0;31;-16;0;1968534;555;1040;0;0;0;0;1814;0;0;0;0;0;0;0;0;0;0;1814;0;0;0;0;0;233;465;883;233;0;0;3;1;0;0;0;2;19;3;0;0;17;0;31;-45;0;1968534;555;1040;0;0;0;0;98;0;0;0;0;0;0;0;0;0;0;98;0;0;0;0;0;581
BU03760102;BU03760102;Blaricum-Dorp;WK037601;Blaricum;GM0376;Blaricum;Noord-Holland Zuid;Noord-Holland;2249;185;2577;False;51;35;8;0;0;8;284;51;0;0;30;0;45;-25;0;5686370;755;2207;0;0;0;0;2249;0;0;0;0;0;0;0;0;0;0;2249;0;0;0;0;0;213;248;225;1563;0;0;10;3;0;0;2;5;19;10;0;0;28;0;45;-63;0;5686370;755;2207;0;0;0;0;185;0;0;0;0;0;0;0;0;0;0;185;0;0;0;0;0;582
BU03760103;BU03760103;Blaricummer Heide;WK037601;Blaricum;GM0376;Blaricum;Noord-Holland Zuid;Noord-Holland;1;3;9;False;9;7;1;0;0;1;1;9;0;0;18;0;36;-46;0;57723;1461;6664;0;0;0;0;1;0;0;0;0;0;0;0;0;0;0;1;0;0;0;0;0;0;0;0;1;0;0;75;25;3;0;26;21;3;75;0;0;45;0;36;-7;0;57723;1461;6664;0;0;0;0;3;0;0;0;0;0;0;0;0;0;0;3;0;0;0;0;0;583
BU03760104;BU03760104;Blaricummermeent;WK037601;Blaricum;GM0376;Blaricum;Noord-Holland Zuid;Noord-Holland;914;142;1031;False;32;17;7;0;0;8;343;32;0;3;17;12;15;-14;0;728943;461;707;0;0;0;393;521;0;0;0;0;0;0;0;0;0;0;521;393;0;0;0;0;905;9;0;0;0;0;5;2;0;0;1;2;32;5;0;3;13;12;15;-38;0;728943;461;707;0;0;0;61;81;0;0;0;0;0;0;0;0;0;0;81;61;0;0;0;0;584
BU03760105;BU03760105;Crailo;WK037601;Blaricum;GM0376;Blaricum;Noord-Holland Zuid;Noord-Holland;56;5;355;False;11;8;1;0;0;1;91;11;0;0;29;0;58;-76;0;389936;338;1100;0;0;0;0;56;0;0;0;0;0;0;0;0;0;0;56;0;0;0;0;0;10;2;9;35;0;0;79;44;4;0;5;26;476;79;0;0;55;0;58;-33;0;389936;338;1100;0;0;0;0;5;0;0;0;0;0;0;0;0;0;0;5;0;0;0;0;0;585
BU03760106;BU03760106;De Kampen;WK037601;Blaricum;GM0376;Blaricum;Noord-Holland Zuid;Noord-Holland;1;0;1;False;80;62;9;0;0;10;0;80;0;0;44;0;71;-34;0;30382;7548;30382;0;0;0;0;1;0;0;0;0;0;0;0;0;0;0;1;0;0;0;0;0;0;0;0;1;0;0;0;0;0;0;0;0;0;0;0;0;34;0;71;-105;0;30382;7548;30382;0;0;0;0;0;0;0;0;0;0;0;0;0;0;0;0;0;0;0;0;0;586
BU03760107;BU03760107;Eemmeer-Blaricum;WK037601;Blaricum;GM0376;Blaricum;Noord-Holland Zuid;Noord-Holland;0;0;0;False;0;0;0;0;0;0;0;0;0;0;0;0;0;0;0;0;0;0;0;0;0;0;0;0;0;0;0;0;0;0;0;0;0;0;0;0;0;0;0;0;0;0;0;0;0;0;0;0;0;0;0;0;0;0;0;0;0;0;0;0;0;0;0;0;0;0;0;0;0;0;0;0;0;0;0;0;0;0;0;0;0;0;0;0;587
BU03760108;BU03760108;Stichtsebrug;WK037601;Blaricum;GM0376;Blaricum;Noord-Holland Zuid;Noord-Holland;0;3;1;False;0;0;0;0;0;0;0;0;0;0;25;35;0;-60;0;29577;11401;32585;0;0;0;0;0;0;0;0;0;0;0;0;0;0;0;0;0;0;0;0;0;0;0;0;0;0;0;101;47;4;0;30;20;2;101;0;0;54;35;0;13;0;29577;11401;32585;0;0;0;0;3;0;0;0;0;0;0;0;0;0;0;3;0;0;0;0;0;588
BU03760109;BU03760109;Warandepark-De Eng;WK037601;Blaricum;GM0376;Blaricum;Noord-Holland Zuid;Noord-Holland;1;1;2;False;32;22;5;0;0;6;0;32;0;0;26;0;42;-35;0;30644;4397;17705;0;0;0;0;1;0;0;0;0;0;0;0;0;0;0;1;0;0;0;0;0;0;0;0;1;0;0;36;14;2;0;13;7;0;36;0;0;31;0;42;-37;0;30644;4397;17705;0;0;0;0;1;0;0;0;0;0;0;0;0;0;0;1;0;0;0;0;0;589
BU04020101;BU04020101;Centrum;WK040201;Centrum;GM0402;Hilversum;Noord-Holland Zuid;Noord-Holland;1922;545;3836;False;17;10;4;0;0;4;1266;17;0;0;16;0;23;-21;0;3491534;461;910;0;0;0;0;1922;0;0;0;0;0;0;0;0;0;0;1922;0;0;0;0;0;385;432;269;836;0;0;46;10;1;0;7;29;970;46;0;0;42;0;23;-20;0;3491534;461;910;0;0;0;0;545;0;0;0;0;0;0;0;0;0;0;545;0;0;0;0;0;935
BU04020102;BU04020102;Havenstraatbuurt;WK040201;Centrum;GM0402;Hilversum;Noord-Holland Zuid;Noord-Holland;1532;196;1744;False;33;18;7;0;0;8;1963;33;0;0;21;0;27;-15;0;1381990;419;793;0;0;0;0;1532;0;0;0;0;0;0;0;0;0;0;1532;0;0;0;0;0;196;205;276;855;0;0;11;2;0;0;2;7;165;11;0;0;20;0;27;-36;0;1381990;419;793;0;0;0;0;196;0;0;0;0;0;0;0;0;0;0;196;0;0;0;0;0;936
BU04020103;BU04020103;Sint Vitusbuurt;WK040201;Centrum;GM0402;Hilversum;Noord-Holland Zuid;Noord-Holland;837;57;1022;False;33;19;6;0;0;8;1273;33;0;0;21;0;29;-17;0;879385;400;860;0;0;0;0;837;0;0;0;0;0;0;0;0;0;0;837;0;0;0;0;0;40;42;114;641;0;0;11;3;0;0;2;6;176;11;0;0;20;0;29;-38;0;879385;400;860;0;0;0;0;57;0;0;0;0;0;0;0;0;0;0;57;0;0;0;0;0;937
BU04020104;BU04020104;Langgewenstbuurt;WK040201;Centrum;GM0402;Hilversum;Noord-Holland Zuid;Noord-Holland;994;261;1798;False;19;11;4;0;0;5;1267;19;0;0;16;0;22;-18;0;1816621;569;1011;0;0;0;0;994;0;0;0;0;0;0;0;0;0;0;994;0;0;0;0;0;147;165;231;451;0;0;38;7;0;0;6;25;677;38;0;0;37;0;22;-21;0;1816621;569;1011;0;0;0;0;261;0;0;0;0;0;0;0;0;0;0;261;0;0;0;0;0;938
BU04020201;BU04020201;Boomberg;WK040202;Noordwest;GM0402;Hilversum;Noord-Holland Zuid;Noord-Holland;1537;211;2217;False;33;22;5;0;0;6;662;33;0;0;23;0;34;-23;0;2840425;486;1281;0;0;0;0;1537;0;0;0;0;0;0;0;0;0;0;1537;0;0;0;0;0;78;84;316;1059;0;0;23;6;0;0;4;12;163;23;0;0;30;0;34;-41;0;2840425;486;1281;0;0;0;0;211;0;0;0;0;0;0;0;0;0;0;211;0;0;0;0;0;939
BU04020202;BU04020202;Raadhuiskwartier;WK040202;Noordwest;GM0402;Hilversum;Noord-Holland Zuid;Noord-Holland;643;89;1020;False;35;24;6;0;0;6;661;35;0;0;25;0;39;-29;0;1312932;397;1288;0;0;0;0;643;0;0;0;0;0;0;0;0;0;0;643;0;0;0;0;0;77;5;29;532;0;0;34;9;0;0;6;19;220;34;0;0;40;0;39;-44;0;1312932;397;1288;0;0;0;0;89;0;0;0;0;0;0;0;0;0;0;89;0;0;0;0;0;940
BU04020203;BU04020203;Trompenberg-Zuid;WK040202;Noordwest;GM0402;Hilversum;Noord-Holland Zuid;Noord-Holland;471;59;1177;False;17;10;3;0;0;3;527;17;0;0;18;0;31;-33;0;967844;300;822;0;0;0;0;471;0;0;0;0;0;0;0;0;0;0;471;0;0;0;0;0;19;70;172;210;0;0;60;17;1;0;9;33;712;60;0;0;51;0;31;-22;0;967844;300;822;0;0;0;0;59;0;0;0;0;0;0;0;0;0;0;59;0;0;0;0;0;941
BU04020204;BU04020204;Villaparken;WK040202;Noordwest;GM0402;Hilversum;Noord-Holland Zuid;Noord-Holland;580;57;853;False;38;26;6;0;0;6;220;38;0;0;25;0;39;-26;0;1629592;684;1911;0;0;0;0;580;0;0;0;0;0;0;0;0;0;0;580;0;0;0;0;0;131;45;40;364;0;0;21;7;0;0;3;11;49;21;0;0;31;0;39;-49;0;1629592;684;1911;0;0;0;0;57;0;0;0;0;0;0;0;0;0;0;57;0;0;0;0;0;942
BU04020205;BU04020205;Trompenberg-Noord;WK040202;Noordwest;GM0402;Hilversum;Noord-Holland Zuid;Noord-Holland;287;24;366;False;44;30;7;0;0;7;359;44;0;0;28;0;44;-28;0;523500;463;1433;0;0;0;0;287;0;0;0;0;0;0;0;0;0;0;287;0;0;0;0;0;48;34;26;179;0;0;21;6;0;0;3;11;66;21;0;0;33;0;44;-56;0;523500;463;1433;0;0;0;0;24;0;0;0;0;0;0;0;0;0;0;24;0;0;0;0;0;943
BU04020206;BU04020206;Media Park;WK040202;Noordwest;GM0402;Hilversum;Noord-Holland Zuid;Noord-Holland;7;99;2427;False;0;0;0;0;0;0;8;0;0;0;14;0;29;-43;0;2061035;333;850;0;0;0;0;7;0;0;0;0;0;0;0;0;0;0;7;0;0;0;0;0;0;0;0;7;0;0;95;28;1;0;17;49;1221;95;0;0;68;0;29;-2;0;2061035;333;850;0;0;0;0;99;0;0;0;0;0;0;0;0;0;0;99;0;0;0;0;0;944
BU04020301;BU04020301;Havenkwartier;WK040203;Zuidwest;GM0402;Hilversum;Noord-Holland Zuid;Noord-Holland;16;118;714;False;1;1;0;0;0;0;8;1;0;0;9;0;18;-26;0;966585;1099;1355;0;0;0;0;16;0;0;0;0;0;0;0;0;0;0;16;0;0;0;0;0;0;0;3;13;0;0;65;17;1;0;7;41;204;65;0;0;51;0;18;-5;0;966585;1099;1355;0;0;0;0;118;0;0;0;0;0;0;0;0;0;0;118;0;0;0;0;0;945
BU04020302;BU04020302;Het Rode Dorp;WK040203;Zuidwest;GM0402;Hilversum;Noord-Holland Zuid;Noord-Holland;616;9;624;False;46;28;8;0;0;10;1768;46;0;0;27;0;36;-18;0;595578;423;955;0;0;0;0;616;0;0;0;0;0;0;0;0;0;0;616;0;0;0;0;0;0;0;58;558;0;0;1;0;0;0;0;1;7;1;0;0;18;0;36;-53;0;595578;423;955;0;0;0;0;9;0;0;0;0;0;0;0;0;0;0;9;0;0;0;0;0;946
BU04020303;BU04020303;Zeverijn;WK040203;Zuidwest;GM0402;Hilversum;Noord-Holland Zuid;Noord-Holland;845;80;972;False;35;21;6;0;0;8;1062;35;0;0;22;0;29;-16;0;811114;441;835;0;0;0;0;845;0;0;0;0;0;0;0;0;0;0;845;0;0;0;0;0;218;10;83;534;0;0;7;2;0;0;1;4;75;7;0;0;19;0;29;-41;0;811114;441;835;0;0;0;0;80;0;0;0;0;0;0;0;0;0;0;80;0;0;0;0;0;947
BU04020304;BU04020304;Kerkelanden;WK040203;Zuidwest;GM0402;Hilversum;Noord-Holland Zuid;Noord-Holland;3034;490;3887;False;30;18;5;0;0;7;638;30;0;0;20;0;28;-18;0;3918827;588;1008;0;0;0;0;3034;0;0;0;0;0;0;0;0;0;0;3034;0;0;0;0;0;213;545;1236;1040;0;0;16;5;0;0;2;9;131;16;0;0;23;0;28;-35;0;3918827;588;1008;0;0;0;0;490;0;0;0;0;0;0;0;0;0;0;490;0;0;0;0;0;948
BU04020401;BU04020401;Bloemenkwartier Noord;WK040204;Zuid;GM0402;Hilversum;Noord-Holland Zuid;Noord-Holland;1310;216;1478;False;39;23;7;0;0;9;1648;39;0;0;24;0;32;-17;0;1751928;537;1186;0;0;0;0;1310;0;0;0;0;0;0;0;0;0;0;1310;0;0;0;0;0;31;49;98;1132;0;0;8;2;0;0;1;6;91;8;0;0;21;0;32;-45;0;1751928;537;1186;0;0;0;0;216;0;0;0;0;0;0;0;0;0;0;216;0;0;0;0;0;949
BU04020402;BU04020402;Bloemenkwartier Zuid;WK040204;Zuid;GM0402;Hilversum;Noord-Holland Zuid;Noord-Holland;2309;154;2497;False;39;23;7;0;0;9;1295;39;0;0;24;0;32;-17;0;2864637;538;1148;0;0;0;0;2309;0;0;0;0;0;0;0;0;0;0;2309;0;0;0;0;0;269;51;194;1795;0;0;6;1;0;0;1;4;62;6;0;0;19;0;32;-45;0;2864637;538;1148;0;0;0;0;154;0;0;0;0;0;0;0;0;0;0;154;0;0;0;0;0;950
BU04020403;BU04020403;Schrijverskwartier;WK040204;Zuid;GM0402;Hilversum;Noord-Holland Zuid;Noord-Holland;810;127;853;False;50;32;8;0;0;9;1060;50;0;0;29;0;41;-20;0;1196250;528;1403;0;0;0;0;810;0;0;0;0;0;0;0;0;0;0;810;0;0;0;0;0;7;3;41;759;0;0;4;1;0;0;1;3;18;4;0;0;23;0;41;-60;0;1196250;528;1403;0;0;0;0;127;0;0;0;0;0;0;0;0;0;0;127;0;0;0;0;0;951
BU04020404;BU04020404;Staatsliedenkwartier;WK040204;Zuid;GM0402;Hilversum;Noord-Holland Zuid;Noord-Holland;1620;255;1745;False;42;26;7;0;0;9;1356;42;0;0;25;0;34;-18;0;2003406;516;1149;0;0;0;0;1620;0;0;0;0;0;0;0;0;0;0;1620;0;0;0;0;0;16;52;181;1371;0;0;6;2;0;0;1;3;71;6;0;0;20;0;34;-49;0;2003406;516;1149;0;0;0;0;255;0;0;0;0;0;0;0;0;0;0;255;0;0;0;0;0;952
BU04020405;BU04020405;Zeeheldenkwartier;WK040204;Zuid;GM0402;Hilversum;Noord-Holland Zuid;Noord-Holland;2226;434;2379;False;35;20;7;0;0;8;1144;35;0;0;22;0;27;-14;0;2107830;508;886;0;0;0;0;2226;0;0;0;0;0;0;0;0;0;0;2226;0;0;0;0;0;166;207;490;1363;0;0;4;1;0;0;1;2;47;4;0;0;16;0;27;-39;0;2107830;508;886;0;0;0;0;434;0;0;0;0;0;0;0;0;0;0;434;0;0;0;0;0;953
BU04020501;BU04020501;Schilderskwartier;WK040205;Zuidoost;GM0402;Hilversum;Noord-Holland Zuid;Noord-Holland;1521;248;2169;False;36;24;6;0;0;7;746;36;0;0;24;0;37;-25;0;3159299;564;1457;0;0;0;0;1521;0;0;0;0;0;0;0;0;0;0;1521;0;0;0;0;0;178;41;133;1169;0;0;23;7;0;0;4;12;175;23;0;0;31;0;37;-45;0;3159299;564;1457;0;0;0;0;248;0;0;0;0;0;0;0;0;0;0;248;0;0;0;0;0;954
BU04020502;BU04020502;t Hoogt van t Kruis;WK040205;Zuidoost;GM0402;Hilversum;Noord-Holland Zuid;Noord-Holland;625;50;677;False;45;29;7;0;0;9;179;45;0;0;27;0;39;-21;0;981021;584;1451;0;0;0;0;625;0;0;0;0;0;0;0;0;0;0;625;0;0;0;0;0;214;151;40;220;0;0;6;2;0;0;1;3;11;6;0;0;22;0;39;-54;0;981021;584;1451;0;0;0;0;50;0;0;0;0;0;0;0;0;0;0;50;0;0;0;0;0;955
BU04020503;BU04020503;Arenaparkkwartier;WK040205;Zuidoost;GM0402;Hilversum;Noord-Holland Zuid;Noord-Holland;240;155;1623;False;8;5;1;0;0;1;204;8;0;0;17;0;32;-42;0;1450822;479;894;0;0;0;0;240;0;0;0;0;0;0;0;0;0;0;240;0;0;0;0;0;3;20;12;205;0;0;80;26;1;0;11;43;853;80;0;0;62;0;32;-14;0;1450822;479;894;0;0;0;0;155;0;0;0;0;0;0;0;0;0;0;155;0;0;0;0;0;956
BU04020504;BU04020504;West-IndiÃ«kwartier;WK040205;Zuidoost;GM0402;Hilversum;Noord-Holland Zuid;Noord-Holland;98;4;123;False;56;41;7;0;0;8;187;56;0;0;35;0;56;-34;0;252246;517;2065;0;0;0;0;98;0;0;0;0;0;0;0;0;0;0;98;0;0;0;0;0;4;8;12;74;0;0;14;6;1;0;1;6;28;14;0;0;33;0;56;-74;0;252246;517;2065;0;0;0;0;4;0;0;0;0;0;0;0;0;0;0;4;0;0;0;0;0;957
BU04020505;BU04020505;Van Riebeeckkwartier;WK040205;Zuidoost;GM0402;Hilversum;Noord-Holland Zuid;Noord-Holland;1933;208;2142;False;32;17;6;0;0;8;1195;32;0;0;20;0;26;-14;0;1577358;444;737;0;0;0;0;1933;0;0;0;0;0;0;0;0;0;0;1933;0;0;0;0;0;108;193;722;910;0;0;6;2;0;0;1;3;102;6;0;0;16;0;26;-36;0;1577358;444;737;0;0;0;0;208;0;0;0;0;0;0;0;0;0;0;208;0;0;0;0;0;958
BU04020506;BU04020506;Egelshoek;WK040205;Zuidoost;GM0402;Hilversum;Noord-Holland Zuid;Noord-Holland;0;2;3;False;0;0;0;0;0;0;0;0;0;0;6;8;0;-14;0;34259;18803;12303;0;0;0;0;0;0;0;0;0;0;0;0;0;0;0;0;0;0;0;0;0;0;0;0;0;0;0;87;11;0;0;16;59;7;87;0;0;69;8;0;9;0;34259;18803;12303;0;0;0;0;2;0;0;0;0;0;0;0;0;0;0;2;0;0;0;0;0;959
BU04020601;BU04020601;Geuzenbuurt;WK040206;Oost;GM0402;Hilversum;Noord-Holland Zuid;Noord-Holland;1201;113;1564;False;31;18;6;0;0;7;1343;31;0;0;21;0;28;-17;0;1545137;482;988;0;0;0;0;1201;0;0;0;0;0;0;0;0;0;0;1201;0;0;0;0;0;100;108;98;895;0;0;15;4;0;0;2;9;229;15;0;0;23;0;28;-36;0;1545137;482;988;0;0;0;0;113;0;0;0;0;0;0;0;0;0;0;113;0;0;0;0;0;960
BU04020602;BU04020602;Electrobuurt;WK040206;Oost;GM0402;Hilversum;Noord-Holland Zuid;Noord-Holland;1194;49;1455;False;31;17;6;0;0;8;1479;31;0;0;21;0;27;-16;0;1270638;467;874;0;0;0;0;1194;0;0;0;0;0;0;0;0;0;0;1194;0;0;0;0;0;163;17;209;805;0;0;13;3;0;0;2;8;200;13;0;0;22;0;27;-35;0;1270638;467;874;0;0;0;0;49;0;0;0;0;0;0;0;0;0;0;49;0;0;0;0;0;961
BU04020603;BU04020603;Kleine Driftbuurt;WK040206;Oost;GM0402;Hilversum;Noord-Holland Zuid;Noord-Holland;1919;140;2272;False;32;18;6;0;0;8;1174;32;0;0;21;0;27;-16;0;2028790;482;893;0;0;0;0;1919;0;0;0;0;0;0;0;0;0;0;1919;0;0;0;0;0;447;181;258;1033;0;0;12;3;0;0;2;7;144;12;0;0;21;0;27;-36;0;2028790;482;893;0;0;0;0;140;0;0;0;0;0;0;0;0;0;0;140;0;0;0;0;0;962
BU04020604;BU04020604;Liebergen;WK040206;Oost;GM0402;Hilversum;Noord-Holland Zuid;Noord-Holland;2253;82;2467;False;35;20;7;0;0;9;1332;35;0;0;23;0;29;-16;0;2240717;468;909;0;0;0;0;2253;0;0;0;0;0;0;0;0;0;0;2253;0;0;0;0;0;445;248;572;988;0;0;7;2;0;0;1;4;111;7;0;0;18;0;29;-40;0;2240717;468;909;0;0;0;0;82;0;0;0;0;0;0;0;0;0;0;82;0;0;0;0;0;963
BU04020605;BU04020605;Astronomische Buurt;WK040206;Oost;GM0402;Hilversum;Noord-Holland Zuid;Noord-Holland;2402;226;2864;False;37;23;6;0;0;8;1103;37;0;1;23;3;29;-20;0;2984492;446;1042;0;0;0;240;2162;0;0;0;0;0;0;0;0;0;0;2162;240;0;0;0;0;136;168;329;1769;0;0;14;3;0;0;2;9;126;14;0;1;24;3;29;-44;0;2984492;446;1042;0;0;0;23;203;0;0;0;0;0;0;0;0;0;0;203;23;0;0;0;0;964
BU04020606;BU04020606;Annas Hoeve;WK040206;Oost;GM0402;Hilversum;Noord-Holland Zuid;Noord-Holland;234;4;247;False;35;18;8;0;0;9;347;35;0;0;22;0;26;-14;0;307860;773;1248;0;0;0;0;234;0;0;0;0;0;0;0;0;0;0;234;0;0;0;0;0;219;0;0;15;0;0;2;1;0;0;0;1;13;2;0;0;14;0;26;-38;0;307860;773;1248;0;0;0;0;4;0;0;0;0;0;0;0;0;0;0;4;0;0;0;0;0;965
BU04020701;BU04020701;Johannes Geradtswegbuurt;WK040207;Noordoost;GM0402;Hilversum;Noord-Holland Zuid;Noord-Holland;901;38;1053;False;41;26;7;0;0;8;1048;41;0;0;25;0;35;-20;0;1252508;493;1190;0;0;0;0;901;0;0;0;0;0;0;0;0;0;0;901;0;0;0;0;0;11;71;162;657;0;0;10;2;0;0;2;6;79;10;0;0;23;0;35;-49;0;1252508;493;1190;0;0;0;0;38;0;0;0;0;0;0;0;0;0;0;38;0;0;0;0;0;966
BU04020702;BU04020702;Erfgooiersbuurt;WK040207;Noordoost;GM0402;Hilversum;Noord-Holland Zuid;Noord-Holland;767;82;812;False;41;24;8;0;0;9;1130;41;0;0;25;0;33;-17;0;1020668;563;1257;0;0;0;0;767;0;0;0;0;0;0;0;0;0;0;767;0;0;0;0;0;73;33;28;633;0;0;5;1;0;0;1;3;39;5;0;0;19;0;33;-47;0;1020668;563;1257;0;0;0;0;82;0;0;0;0;0;0;0;0;0;0;82;0;0;0;0;0;967
BU04020703;BU04020703;Noord;WK040207;Noordoost;GM0402;Hilversum;Noord-Holland Zuid;Noord-Holland;3694;276;3937;False;34;19;7;0;0;8;1089;34;0;0;21;0;27;-14;0;3356445;509;853;0;0;0;0;3694;0;0;0;0;0;0;0;0;0;0;3694;0;0;0;0;0;557;283;812;2042;0;0;4;1;0;0;1;3;45;4;0;0;16;0;27;-38;0;3356445;509;853;0;0;0;0;276;0;0;0;0;0;0;0;0;0;0;276;0;0;0;0;0;968
BU04020704;BU04020704;AZC Crailo;WK040207;Noordoost;GM0402;Hilversum;Noord-Holland Zuid;Noord-Holland;8;2;20;False;28;20;4;0;0;4;18;28;0;0;23;0;38;-33;0;96171;2247;5027;0;0;0;0;8;0;0;0;0;0;0;0;0;0;0;8;0;0;0;0;0;1;0;1;6;0;0;58;15;0;0;9;34;11;58;0;0;55;0;38;-36;0;96171;2247;5027;0;0;0;0;2;0;0;0;0;0;0;0;0;0;0;2;0;0;0;0;0;969
BU04020801;BU04020801;Hilversumse Meent;WK040208;Hilversumse Meent;GM0402;Hilversum;Noord-Holland Zuid;Noord-Holland;1829;86;1897;False;42;24;8;0;0;9;589;42;0;0;25;0;33;-17;0;2140200;573;1129;0;0;0;0;1829;0;0;0;0;0;0;0;0;0;0;1829;0;0;0;0;0;182;191;1248;208;0;0;3;1;0;0;0;2;14;3;0;0;18;0;33;-48;0;2140200;573;1129;0;0;0;0;86;0;0;0;0;0;0;0;0;0;0;86;0;0;0;0;0;970
BU04020901;BU04020901;Landelijk Gebied 91;WK040209;Landelijk Gebied;GM0402;Hilversum;Noord-Holland Zuid;Noord-Holland;12;23;99;False;7;5;1;0;0;1;1;7;0;0;15;0;28;-36;0;658743;3194;6665;0;0;0;0;12;0;0;0;0;0;0;0;0;0;0;12;0;0;0;0;0;2;1;1;8;0;0;70;21;1;0;14;33;3;70;0;0;51;0;28;-9;0;658743;3194;6665;0;0;0;0;23;0;0;0;0;0;0;0;0;0;0;23;0;0;0;0;0;971
BU04020902;BU04020902;Landelijk Gebied 92;WK040209;Landelijk Gebied;GM0402;Hilversum;Noord-Holland Zuid;Noord-Holland;0;5;16;False;0;0;0;0;0;0;0;0;0;0;13;19;0;-32;0;41964;1788;2694;0;0;0;0;0;0;0;0;0;0;0;0;0;0;0;0;0;0;0;0;0;0;0;0;0;0;0;80;27;1;0;13;40;6;80;0;0;57;19;0;5;0;41964;1788;2694;0;0;0;0;5;0;0;0;0;0;0;0;0;0;0;5;0;0;0;0;0;972
BU04020903;BU04020903;Landelijk Gebied 93;WK040209;Landelijk Gebied;GM0402;Hilversum;Noord-Holland Zuid;Noord-Holland;96;44;651;False;5;3;1;0;0;1;4;5;0;0;17;0;34;-46;0;1058099;397;1628;0;0;0;0;96;0;0;0;0;0;0;0;0;0;0;96;0;0;0;0;0;78;0;2;16;0;0;65;27;3;0;6;29;31;65;0;0;47;0;34;-15;0;1058099;397;1628;0;0;0;0;44;0;0;0;0;0;0;0;0;0;0;44;0;0;0;0;0;973
BU04020904;BU04020904;Landelijk Gebied 94;WK040209;Landelijk Gebied;GM0402;Hilversum;Noord-Holland Zuid;Noord-Holland;37;13;86;False;28;20;4;0;0;4;14;28;0;0;21;0;36;-29;0;327494;1245;3821;0;0;0;0;37;0;0;0;0;0;0;0;0;0;0;37;0;0;0;0;0;1;1;8;27;0;0;52;11;0;0;8;32;7;52;0;0;51;0;36;-36;0;327494;1245;3821;0;0;0;0;13;0;0;0;0;0;0;0;0;0;0;13;0;0;0;0;0;974
BU04020905;BU04020905;Landelijk Gebied 95;WK040209;Landelijk Gebied;GM0402;Hilversum;Noord-Holland Zuid;Noord-Holland;135;88;583;False;11;7;2;0;0;2;7;11;0;0;18;0;33;-39;0;1610776;1004;2766;0;0;0;0;135;0;0;0;0;0;0;0;0;0;0;135;0;0;0;0;0;18;49;6;62;0;0;55;21;2;0;12;19;18;55;0;0;38;0;33;-16;0;1610776;1004;2766;0;0;0;0;88;0;0;0;0;0;0;0;0;0;0;88;0;0;0;0;0;975
BU04020906;BU04020906;Landelijk Gebied 96;WK040209;Landelijk Gebied;GM0402;Hilversum;Noord-Holland Zuid;Noord-Holland;6;2;10;False;45;33;5;0;0;6;4;45;0;0;33;0;56;-44;0;110558;3620;11666;0;0;0;0;6;0;0;0;0;0;0;0;0;0;0;6;0;0;0;0;0;1;0;0;5;0;0;35;16;2;0;12;6;2;35;0;0;36;0;56;-57;0;110558;3620;11666;0;0;0;0;2;0;0;0;0;0;0;0;0;0;0;2;0;0;0;0;0;976
BU04020907;BU04020907;Landelijk Gebied 97;WK040209;Landelijk Gebied;GM0402;Hilversum;Noord-Holland Zuid;Noord-Holland;5;7;25;False;12;8;2;0;0;2;1;12;0;0;17;0;31;-36;0;258442;5135;10389;0;0;0;0;5;0;0;0;0;0;0;0;0;0;0;5;0;0;0;0;0;1;2;1;1;0;0;74;20;1;0;17;36;2;74;0;0;56;0;31;-13;0;258442;5135;10389;0;0;0;0;7;0;0;0;0;0;0;0;0;0;0;7;0;0;0;0;0;977
BU04060001;BU04060001;De Noord;WK040600;Wijk 00 Oude Dorp;GM0406;Huizen;Noord-Holland Zuid;Noord-Holland;1673;241;2166;False;36;22;6;0;0;7;1038;36;0;0;23;0;33;-20;0;2723194;540;1258;0;0;0;0;1673;0;0;0;0;0;0;0;0;0;0;1673;0;0;0;0;0;180;75;274;1144;0;0;20;4;0;0;3;13;165;20;0;0;30;0;33;-42;0;2723194;540;1258;0;0;0;0;241;0;0;0;0;0;0;0;0;0;0;241;0;0;0;0;0;978
BU04060002;BU04060002;De Zuid;WK040600;Wijk 00 Oude Dorp;GM0406;Huizen;Noord-Holland Zuid;Noord-Holland;1260;67;1338;False;44;26;8;0;0;9;979;44;0;0;26;0;35;-18;0;1598593;511;1195;0;0;0;0;1260;0;0;0;0;0;0;0;0;0;0;1260;0;0;0;0;0;178;71;107;904;0;0;5;1;0;0;1;3;34;5;0;0;21;0;35;-51;0;1598593;511;1195;0;0;0;0;67;0;0;0;0;0;0;0;0;0;0;67;0;0;0;0;0;979
BU04060103;BU04060103;Westereng;WK040601;Wijk 01 Westereng;GM0406;Huizen;Noord-Holland Zuid;Noord-Holland;1008;34;1109;False;46;30;8;0;0;9;619;46;0;0;28;0;40;-21;0;1574898;559;1421;0;0;0;0;1008;0;0;0;0;0;0;0;0;0;0;1008;0;0;0;0;0;18;89;177;724;0;0;6;2;0;0;1;3;37;6;0;0;22;0;40;-56;0;1574898;559;1421;0;0;0;0;34;0;0;0;0;0;0;0;0;0;0;34;0;0;0;0;0;980
BU04060204;BU04060204;Flevo;WK040602;Wijk 02 Buitenwijken;GM0406;Huizen;Noord-Holland Zuid;Noord-Holland;94;2;95;False;72;53;9;0;0;10;68;72;0;0;40;0;62;-30;0;323057;917;3433;0;0;0;0;94;0;0;0;0;0;0;0;0;0;0;94;0;0;0;0;0;8;7;9;70;0;0;0;0;0;0;0;0;0;0;0;0;30;0;62;-92;0;323057;917;3433;0;0;0;0;2;0;0;0;0;0;0;0;0;0;0;2;0;0;0;0;0;981
BU04060205;BU04060205;Bikbergen;WK040602;Wijk 02 Buitenwijken;GM0406;Huizen;Noord-Holland Zuid;Noord-Holland;108;5;145;False;49;35;7;0;0;7;54;49;0;0;31;0;48;-30;0;315745;580;2183;0;0;0;0;108;0;0;0;0;0;0;0;0;0;0;108;0;0;0;0;0;5;6;9;88;0;0;25;6;0;0;4;14;8;25;0;0;39;0;48;-62;0;315745;580;2183;0;0;0;0;5;0;0;0;0;0;0;0;0;0;0;5;0;0;0;0;0;982
BU04060206;BU04060206;Crailo;WK040602;Wijk 02 Buitenwijken;GM0406;Huizen;Noord-Holland Zuid;Noord-Holland;150;16;362;False;30;23;4;0;0;4;64;30;0;0;25;0;44;-39;0;838732;581;2320;0;0;0;0;150;0;0;0;0;0;0;0;0;0;0;150;0;0;0;0;0;11;10;27;102;0;0;42;16;2;0;5;19;44;42;0;0;42;0;44;-44;0;838732;581;2320;0;0;0;0;16;0;0;0;0;0;0;0;0;0;0;16;0;0;0;0;0;983
BU04060307;BU04060307;Thames;WK040603;Wijk 03 Erica en Tafelberg;GM0406;Huizen;Noord-Holland Zuid;Noord-Holland;32;3;35;False;61;44;8;0;0;9;27;61;0;0;36;0;56;-31;0;130566;1082;3742;0;0;0;0;32;0;0;0;0;0;0;0;0;0;0;32;0;0;0;0;0;0;1;1;30;0;0;8;3;0;0;3;2;2;8;0;0;29;0;56;-78;0;130566;1082;3742;0;0;0;0;3;0;0;0;0;0;0;0;0;0;0;3;0;0;0;0;0;984
BU04060308;BU04060308;IJzeren veld;WK040603;Wijk 03 Erica en Tafelberg;GM0406;Huizen;Noord-Holland Zuid;Noord-Holland;63;6;67;False;65;47;9;0;0;9;51;65;0;0;37;0;57;-29;0;196479;808;2940;0;0;0;0;63;0;0;0;0;0;0;0;0;0;0;63;0;0;0;0;0;5;3;11;44;0;0;5;2;0;0;2;2;2;5;0;0;30;0;57;-82;0;196479;808;2940;0;0;0;0;6;0;0;0;0;0;0;0;0;0;0;6;0;0;0;0;0;985
BU04060327;BU04060327;Parrewijn;WK040603;Wijk 03 Erica en Tafelberg;GM0406;Huizen;Noord-Holland Zuid;Noord-Holland;7;2;9;False;56;41;7;0;0;8;5;56;0;0;33;0;52;-29;0;93782;3622;11216;0;0;0;0;7;0;0;0;0;0;0;0;0;0;0;7;0;0;0;0;0;1;1;0;5;0;0;15;3;0;0;3;8;0;15;0;0;34;0;52;-71;0;93782;3622;11216;0;0;0;0;2;0;0;0;0;0;0;0;0;0;0;2;0;0;0;0;0;986
BU04060328;BU04060328;Tafelberger Heide;WK040603;Wijk 03 Erica en Tafelberg;GM0406;Huizen;Noord-Holland Zuid;Noord-Holland;1;1;2;False;60;45;7;0;0;8;1;60;0;0;33;0;53;-27;0;33448;7681;26194;0;0;0;0;1;0;0;0;0;0;0;0;0;0;0;1;0;0;0;0;0;0;0;0;1;0;0;18;1;0;0;3;13;0;18;0;0;39;0;53;-75;0;33448;7681;26194;0;0;0;0;1;0;0;0;0;0;0;0;0;0;0;1;0;0;0;0;0;987
BU04060329;BU04060329;Rijsbergen;WK040603;Wijk 03 Erica en Tafelberg;GM0406;Huizen;Noord-Holland Zuid;Noord-Holland;4;3;36;False;6;4;1;0;0;1;6;6;0;0;8;0;15;-17;0;72193;1116;2038;0;0;0;0;4;0;0;0;0;0;0;0;0;0;0;4;0;0;0;0;0;0;0;0;4;0;0;37;9;0;0;5;22;10;37;0;0;31;0;15;-9;0;72193;1116;2038;0;0;0;0;3;0;0;0;0;0;0;0;0;0;0;3;0;0;0;0;0;988
BU04060330;BU04060330;Huizerhoogt;WK040603;Wijk 03 Erica en Tafelberg;GM0406;Huizen;Noord-Holland Zuid;Noord-Holland;42;2;43;False;61;43;9;0;0;10;256;61;0;0;35;0;52;-26;0;87447;628;2038;0;0;0;0;42;0;0;0;0;0;0;0;0;0;0;42;0;0;0;0;0;3;4;6;29;0;0;2;1;0;0;1;0;4;2;0;0;26;0;52;-76;0;87447;628;2038;0;0;0;0;2;0;0;0;0;0;0;0;0;0;0;2;0;0;0;0;0;989
BU04060409;BU04060409;Sijsjesberg;WK040604;Wijk 04 Staatslieden en Componistenbuurt;GM0406;Huizen;Noord-Holland Zuid;Noord-Holland;244;3;247;False;62;43;9;0;0;10;689;62;0;0;35;0;53;-26;0;374424;468;1519;0;0;0;0;244;0;0;0;0;0;0;0;0;0;0;244;0;0;0;0;0;9;5;32;198;0;0;1;0;0;0;0;0;4;1;0;0;26;0;53;-77;0;374424;468;1519;0;0;0;0;3;0;0;0;0;0;0;0;0;0;0;3;0;0;0;0;0;990
BU04060410;BU04060410;Zuidereng;WK040604;Wijk 04 Staatslieden en Componistenbuurt;GM0406;Huizen;Noord-Holland Zuid;Noord-Holland;979;50;1090;False;44;28;8;0;0;8;449;44;0;0;27;0;39;-23;0;1363216;504;1251;0;0;0;0;979;0;0;0;0;0;0;0;0;0;0;979;0;0;0;0;0;33;248;161;537;0;0;8;3;0;0;1;3;48;8;0;0;22;0;39;-54;0;1363216;504;1251;0;0;0;0;50;0;0;0;0;0;0;0;0;0;0;50;0;0;0;0;0;991
BU04060511;BU04060511;Gooierhoofd;WK040605;Wijk 05 Havengebied;GM0406;Huizen;Noord-Holland Zuid;Noord-Holland;359;19;467;False;29;17;5;0;0;7;358;29;0;0;22;0;31;-24;0;355220;416;762;0;0;0;0;359;0;0;0;0;0;0;0;0;0;0;359;0;0;0;0;0;1;46;307;5;0;0;23;9;1;0;5;9;151;23;0;0;25;0;31;-34;0;355220;416;762;0;0;0;0;19;0;0;0;0;0;0;0;0;0;0;19;0;0;0;0;0;992
BU04060512;BU04060512;Wolfskamer;WK040605;Wijk 05 Havengebied;GM0406;Huizen;Noord-Holland Zuid;Noord-Holland;34;31;210;False;5;2;1;0;0;1;12;5;0;0;19;0;36;-50;0;231397;520;1104;0;0;0;0;34;0;0;0;0;0;0;0;0;0;0;34;0;0;0;0;0;32;0;2;0;0;0;84;31;2;0;17;34;117;84;0;0;56;0;36;-8;0;231397;520;1104;0;0;0;0;31;0;0;0;0;0;0;0;0;0;0;31;0;0;0;0;0;993
BU04060513;BU04060513;Industriewijk t Plaveen;WK040605;Wijk 05 Havengebied;GM0406;Huizen;Noord-Holland Zuid;Noord-Holland;232;127;1130;False;8;4;1;0;0;2;102;8;0;0;13;0;23;-29;0;1617216;971;1432;0;0;0;0;232;0;0;0;0;0;0;0;0;0;0;232;0;0;0;0;0;111;17;69;35;0;0;64;17;0;0;9;38;320;64;0;0;51;0;23;-11;0;1617216;971;1432;0;0;0;0;127;0;0;0;0;0;0;0;0;0;0;127;0;0;0;0;0;994
BU04060614;BU04060614;Bovenweg;WK040606;Wijk 06 Zenderwijk en Bovenweg;GM0406;Huizen;Noord-Holland Zuid;Noord-Holland;1332;97;1670;False;29;16;6;0;0;7;894;29;0;0;21;0;29;-21;0;1356715;464;812;0;0;0;0;1332;0;0;0;0;0;0;0;0;0;0;1332;0;0;0;0;0;187;327;613;205;0;0;18;7;0;0;3;7;296;18;0;0;22;0;29;-34;0;1356715;464;812;0;0;0;0;97;0;0;0;0;0;0;0;0;0;0;97;0;0;0;0;0;995
BU04060615;BU04060615;Zenderwijk;WK040606;Wijk 06 Zenderwijk en Bovenweg;GM0406;Huizen;Noord-Holland Zuid;Noord-Holland;559;45;608;False;39;23;7;0;0;9;905;39;0;0;24;0;32;-17;0;580244;459;955;0;0;0;0;559;0;0;0;0;0;0;0;0;0;0;559;0;0;0;0;0;2;203;32;322;0;0;6;1;0;0;1;4;46;6;0;0;19;0;32;-44;0;580244;459;955;0;0;0;0;45;0;0;0;0;0;0;0;0;0;0;45;0;0;0;0;0;996
BU04060716;BU04060716;Stad en Lande;WK040607;Wijk 07 Stad en Lande;GM0406;Huizen;Noord-Holland Zuid;Noord-Holland;1613;288;1825;False;39;23;7;0;0;8;696;39;0;0;25;0;34;-20;0;2239225;607;1228;0;0;0;0;1613;0;0;0;0;0;0;0;0;0;0;1613;0;0;0;0;0;130;35;1011;437;0;0;11;3;0;0;2;6;79;11;0;0;23;0;34;-45;0;2239225;607;1228;0;0;0;0;288;0;0;0;0;0;0;0;0;0;0;288;0;0;0;0;0;997
BU04060817;BU04060817;Huizermaat West;WK040608;Wijk 08 Huizermaat West en Zuid;GM0406;Huizen;Noord-Holland Zuid;Noord-Holland;1453;167;1582;False;40;23;7;0;0;9;774;40;0;0;25;0;32;-17;0;1992375;659;1260;0;0;0;0;1453;0;0;0;0;0;0;0;0;0;0;1453;0;0;0;0;0;14;11;1321;107;0;0;6;2;0;0;1;4;42;6;0;0;19;0;32;-46;0;1992375;659;1260;0;0;0;0;167;0;0;0;0;0;0;0;0;0;0;167;0;0;0;0;0;998
BU04060818;BU04060818;Huizermaat Zuid;WK040608;Wijk 08 Huizermaat West en Zuid;GM0406;Huizen;Noord-Holland Zuid;Noord-Holland;1366;80;1583;False;33;18;6;0;0;8;953;33;0;0;21;0;27;-15;0;1361619;532;860;0;0;0;0;1366;0;0;0;0;0;0;0;0;0;0;1366;0;0;0;0;0;150;23;978;215;0;0;10;2;0;0;1;7;87;10;0;0;20;0;27;-37;0;1361619;532;860;0;0;0;0;80;0;0;0;0;0;0;0;0;0;0;80;0;0;0;0;0;999
BU04060919;BU04060919;Huizermaat Noord;WK040609;Wijk 09 Huizermaat Noord;GM0406;Huizen;Noord-Holland Zuid;Noord-Holland;1448;61;1477;False;37;21;7;0;0;9;975;37;0;0;23;0;28;-14;0;1223300;487;828;0;0;0;0;1448;0;0;0;0;0;0;0;0;0;0;1448;0;0;0;0;0;41;67;1234;106;0;0;1;0;0;0;0;1;15;1;0;0;14;0;28;-41;0;1223300;487;828;0;0;0;0;61;0;0;0;0;0;0;0;0;0;0;61;0;0;0;0;0;1000
BU04061020;BU04061020;Bijvanck Noord;WK040610;Wijk 10 Bijvanck;GM0406;Huizen;Noord-Holland Zuid;Noord-Holland;750;28;780;False;36;20;7;0;0;9;793;36;0;0;23;0;29;-15;0;638966;478;819;0;0;0;0;750;0;0;0;0;0;0;0;0;0;0;750;0;0;0;0;0;57;31;525;137;0;0;3;1;0;0;1;1;37;3;0;0;15;0;29;-41;0;638966;478;819;0;0;0;0;28;0;0;0;0;0;0;0;0;0;0;28;0;0;0;0;0;1001
BU04061021;BU04061021;Bijvanck West;WK040610;Wijk 10 Bijvanck;GM0406;Huizen;Noord-Holland Zuid;Noord-Holland;221;12;223;False;42;24;8;0;0;10;724;42;0;0;25;0;32;-16;0;252374;587;1134;0;0;0;0;221;0;0;0;0;0;0;0;0;0;0;221;0;0;0;0;0;3;5;213;0;0;0;1;0;0;0;0;0;1;1;0;0;16;0;32;-48;0;252374;587;1134;0;0;0;0;12;0;0;0;0;0;0;0;0;0;0;12;0;0;0;0;0;1002
BU04061123;BU04061123;Bovenmaat Noord;WK040611;Wijk 11 Bovenmaten;GM0406;Huizen;Noord-Holland Zuid;Noord-Holland;1478;35;1493;False;40;22;8;0;0;10;842;40;0;0;24;0;30;-15;0;1406956;516;943;0;0;0;0;1478;0;0;0;0;0;0;0;0;0;0;1478;0;0;0;0;0;13;105;1292;68;0;0;1;0;0;0;0;0;12;1;0;0;15;0;30;-45;0;1406956;516;943;0;0;0;0;35;0;0;0;0;0;0;0;0;0;0;35;0;0;0;0;0;1003
BU04061124;BU04061124;Bovenmaat West;WK040611;Wijk 11 Bovenmaten;GM0406;Huizen;Noord-Holland Zuid;Noord-Holland;821;58;912;False;30;15;7;0;0;8;1287;30;0;0;20;0;24;-14;0;585434;435;642;0;0;0;0;821;0;0;0;0;0;0;0;0;0;0;821;0;0;0;0;0;82;38;532;169;0;0;8;2;0;0;1;5;150;8;0;0;17;0;24;-33;0;585434;435;642;0;0;0;0;58;0;0;0;0;0;0;0;0;0;0;58;0;0;0;0;0;1004
BU04061125;BU04061125;Bovenmaat-Oost;WK040611;Wijk 11 Bovenmaten;GM0406;Huizen;Noord-Holland Zuid;Noord-Holland;593;8;623;False;35;18;7;0;0;9;546;35;0;0;22;0;27;-14;0;519904;520;835;0;0;0;0;593;0;0;0;0;0;0;0;0;0;0;593;0;0;0;0;0;61;20;486;26;0;0;2;1;0;0;0;1;18;2;0;0;14;0;27;-38;0;519904;520;835;0;0;0;0;8;0;0;0;0;0;0;0;0;0;0;8;0;0;0;0;0;1005
BU04061226;BU04061226;Filosofenbuurt;WK040612;Wijk 12 Hogemaat;GM0406;Huizen;Noord-Holland Zuid;Noord-Holland;801;10;823;False;40;23;8;0;0;9;673;40;0;0;24;0;31;-16;0;857449;561;1042;0;0;0;0;801;0;0;0;0;0;0;0;0;0;0;801;0;0;0;0;0;263;524;12;2;0;0;1;1;0;0;0;1;14;1;0;0;16;0;31;-45;0;857449;561;1042;0;0;0;0;10;0;0;0;0;0;0;0;0;0;0;10;0;0;0;0;0;1006
BU04061231;BU04061231;De Tuit;WK040612;Wijk 12 Hogemaat;GM0406;Huizen;Noord-Holland Zuid;Noord-Holland;120;0;120;False;50;32;8;0;0;10;837;50;0;0;29;0;40;-19;0;119881;425;999;0;0;0;0;120;0;0;0;0;0;0;0;0;0;0;120;0;0;0;0;0;10;108;2;0;0;0;0;0;0;0;0;0;0;0;0;0;19;0;40;-60;0;119881;425;999;0;0;0;0;0;0;0;0;0;0;0;0;0;0;0;0;0;0;0;0;0;1007
BU04170320;BU04170320;Laren-Centrum;WK041703;Laren;GM0417;Laren;Noord-Holland Zuid;Noord-Holland;995;376;1728;False;29;18;5;0;0;5;547;29;0;0;21;0;33;-26;0;2516104;535;1456;0;0;0;0;995;0;0;0;0;0;0;0;0;0;0;995;0;0;0;0;0;62;70;127;736;0;0;36;9;1;0;6;21;232;36;0;0;38;0;33;-35;0;2516104;535;1456;0;0;0;0;376;0;0;0;0;0;0;0;0;0;0;376;0;0;0;0;0;1015
BU04170321;BU04170321;Laren-Natuurgebied;WK041703;Laren;GM0417;Laren;Noord-Holland Zuid;Noord-Holland;4;7;189;False;1;1;0;0;0;0;0;1;0;0;14;0;28;-40;0;489368;560;2603;0;0;0;0;4;0;0;0;0;0;0;0;0;0;0;4;0;0;0;0;0;1;0;0;3;0;0;98;26;1;0;17;54;8;98;0;0;72;0;28;-3;0;489368;560;2603;0;0;0;0;7;0;0;0;0;0;0;0;0;0;0;7;0;0;0;0;0;1016
BU04170322;BU04170322;Omloop;WK041703;Laren;GM0417;Laren;Noord-Holland Zuid;Noord-Holland;573;51;687;False;39;24;7;0;0;8;425;39;0;0;26;0;36;-23;0;853596;553;1244;0;0;0;0;573;0;0;0;0;0;0;0;0;0;0;573;0;0;0;0;0;17;55;228;273;0;0;17;6;0;0;3;9;79;17;0;0;27;0;36;-46;0;853596;553;1244;0;0;0;0;51;0;0;0;0;0;0;0;0;0;0;51;0;0;0;0;0;1017
BU04170323;BU04170323;Oostereng;WK041703;Laren;GM0417;Laren;Noord-Holland Zuid;Noord-Holland;512;41;546;False;55;37;8;0;0;9;252;55;0;0;32;0;47;-25;0;949235;587;1741;0;0;0;0;512;0;0;0;0;0;0;0;0;0;0;512;0;0;0;0;0;9;17;58;428;0;0;6;2;0;0;1;3;10;6;0;0;26;0;47;-68;0;949235;587;1741;0;0;0;0;41;0;0;0;0;0;0;0;0;0;0;41;0;0;0;0;0;1018
BU04170324;BU04170324;Postiljon;WK041703;Laren;GM0417;Laren;Noord-Holland Zuid;Noord-Holland;168;5;188;False;34;19;7;0;0;8;555;34;0;0;21;0;27;-15;0;172139;523;919;0;0;0;0;168;0;0;0;0;0;0;0;0;0;0;168;0;0;0;0;0;167;0;0;1;0;0;7;1;0;0;2;4;37;7;0;0;17;0;27;-37;0;172139;523;919;0;0;0;0;5;0;0;0;0;0;0;0;0;0;0;5;0;0;0;0;0;1019
BU04170325;BU04170325;Rijksweg-Noord;WK041703;Laren;GM0417;Laren;Noord-Holland Zuid;Noord-Holland;155;3;163;False;67;49;9;0;0;9;118;67;0;0;38;0;60;-31;0;408019;689;2511;0;0;0;0;155;0;0;0;0;0;0;0;0;0;0;155;0;0;0;0;0;12;12;15;116;0;0;5;2;0;0;1;1;5;5;0;0;30;0;60;-86;0;408019;689;2511;0;0;0;0;3;0;0;0;0;0;0;0;0;0;0;3;0;0;0;0;0;1020
BU04170326;BU04170326;Rijksweg-Zuid;WK041703;Laren;GM0417;Laren;Noord-Holland Zuid;Noord-Holland;109;8;168;False;46;34;6;0;0;6;135;46;0;0;28;0;46;-28;0;387476;706;2318;0;0;0;0;109;0;0;0;0;0;0;0;0;0;0;109;0;0;0;0;0;5;22;18;64;0;0;14;6;0;0;1;7;20;14;0;0;29;0;46;-61;0;387476;706;2318;0;0;0;0;8;0;0;0;0;0;0;0;0;0;0;8;0;0;0;0;0;1021
BU04170327;BU04170327;Steenbergen;WK041703;Laren;GM0417;Laren;Noord-Holland Zuid;Noord-Holland;340;17;466;False;36;24;6;0;0;7;165;36;0;0;27;0;42;-32;0;706570;577;1518;0;0;0;0;340;0;0;0;0;0;0;0;0;0;0;340;0;0;0;0;0;140;21;48;131;0;0;23;11;1;0;2;9;68;23;0;0;30;0;42;-48;0;706570;577;1518;0;0;0;0;17;0;0;0;0;0;0;0;0;0;0;17;0;0;0;0;0;1022
BU04170328;BU04170328;Zevenend;WK041703;Laren;GM0417;Laren;Noord-Holland Zuid;Noord-Holland;2215;204;2397;False;43;27;8;0;0;9;860;43;0;0;27;0;37;-20;0;3240652;577;1352;0;0;0;0;2215;0;0;0;0;0;0;0;0;0;0;2215;0;0;0;0;0;156;164;379;1516;0;0;7;2;0;0;1;4;52;7;0;0;21;0;37;-51;0;3240652;577;1352;0;0;0;0;204;0;0;0;0;0;0;0;0;0;0;204;0;0;0;0;0;1023
BU04170329;BU04170329;Zwarte Berg;WK041703;Laren;GM0417;Laren;Noord-Holland Zuid;Noord-Holland;296;19;381;False;49;34;7;0;0;8;157;49;0;0;30;0;47;-28;0;803579;600;2113;0;0;0;0;296;0;0;0;0;0;0;0;0;0;0;296;0;0;0;0;0;23;12;30;231;0;0;14;5;1;0;1;7;22;14;0;0;30;0;47;-63;0;803579;600;2113;0;0;0;0;19;0;0;0;0;0;0;0;0;0;0;19;0;0;0;0;0;1024
BU04570001;BU04570001;Centrum;WK045700;Binnenstad;GM0457;Weesp;Noord-Holland Zuid;Noord-Holland;1195;180;1521;False;32;19;6;0;0;7;1177;32;0;0;22;0;29;-19;0;1488560;440;979;0;0;0;0;1195;0;0;0;0;0;0;0;0;0;0;1195;0;0;0;0;0;57;31;158;949;0;0;17;4;0;0;3;10;208;17;0;0;25;0;29;-37;0;1488560;440;979;0;0;0;0;180;0;0;0;0;0;0;0;0;0;0;180;0;0;0;0;0;1137
BU04570002;BU04570002;Herensingelkwartier;WK045700;Binnenstad;GM0457;Weesp;Noord-Holland Zuid;Noord-Holland;515;45;587;False;34;19;7;0;0;8;1735;34;0;0;22;0;29;-17;0;464069;390;792;0;0;0;0;515;0;0;0;0;0;0;0;0;0;0;515;0;0;0;0;0;52;73;78;312;0;0;9;2;0;0;2;4;184;9;0;0;19;0;29;-38;0;464069;390;792;0;0;0;0;45;0;0;0;0;0;0;0;0;0;0;45;0;0;0;0;0;1138
BU04570101;BU04570101;Bedrijventerrein Van Houten;WK045701;Zuid;GM0457;Weesp;Noord-Holland Zuid;Noord-Holland;118;50;750;False;8;5;1;0;0;2;95;8;0;0;13;0;24;-29;0;1050132;809;1400;0;0;0;0;118;0;0;0;0;0;0;0;0;0;0;118;0;0;0;0;0;3;13;1;101;0;0;50;16;1;0;7;25;252;50;0;0;39;0;24;-13;0;1050132;809;1400;0;0;0;0;50;0;0;0;0;0;0;0;0;0;0;50;0;0;0;0;0;1139
BU04570102;BU04570102;Zuid I;WK045701;Zuid;GM0457;Weesp;Noord-Holland Zuid;Noord-Holland;368;22;416;False;32;18;7;0;0;8;1137;32;0;0;22;0;28;-17;0;278092;381;669;0;0;0;0;368;0;0;0;0;0;0;0;0;0;0;368;0;0;0;0;0;34;84;133;117;0;0;11;3;0;0;2;5;172;11;0;0;19;0;28;-37;0;278092;381;669;0;0;0;0;22;0;0;0;0;0;0;0;0;0;0;22;0;0;0;0;0;1140
BU04570103;BU04570103;Zuid II;WK045701;Zuid;GM0457;Weesp;Noord-Holland Zuid;Noord-Holland;314;17;334;False;41;24;7;0;0;9;867;41;0;0;26;0;34;-18;0;329190;476;987;0;0;0;0;314;0;0;0;0;0;0;0;0;0;0;314;0;0;0;0;0;17;58;98;141;0;0;6;2;0;0;1;3;58;6;0;0;19;0;34;-47;0;329190;476;987;0;0;0;0;17;0;0;0;0;0;0;0;0;0;0;17;0;0;0;0;0;1141
BU04570104;BU04570104;De Klomp;WK045701;Zuid;GM0457;Weesp;Noord-Holland Zuid;Noord-Holland;254;41;260;False;45;27;8;0;0;10;973;45;0;0;27;0;35;-17;0;351226;645;1355;0;0;0;0;254;0;0;0;0;0;0;0;0;0;0;254;0;0;0;0;0;2;7;185;60;0;0;2;0;0;0;0;1;3;2;0;0;18;0;35;-52;0;351226;645;1355;0;0;0;0;41;0;0;0;0;0;0;0;0;0;0;41;0;0;0;0;0;1142
BU04570201;BU04570201;Dichtersbuurt;WK045702;Noord;GM0457;Weesp;Noord-Holland Zuid;Noord-Holland;1106;26;1163;False;32;17;7;0;0;8;1107;32;0;0;20;0;25;-13;0;557792;306;480;0;0;0;0;1106;0;0;0;0;0;0;0;0;0;0;1106;0;0;0;0;0;49;161;158;738;0;0;5;1;0;0;1;3;58;5;0;0;15;0;25;-35;0;557792;306;480;0;0;0;0;26;0;0;0;0;0;0;0;0;0;0;26;0;0;0;0;0;1143
BU04570202;BU04570202;Schildersbuurt;WK045702;Noord;GM0457;Weesp;Noord-Holland Zuid;Noord-Holland;500;51;554;False;33;18;6;0;0;8;1143;33;0;0;21;0;27;-16;0;415436;437;751;0;0;0;0;500;0;0;0;0;0;0;0;0;0;0;500;0;0;0;0;0;58;26;230;186;0;0;7;3;0;0;2;3;144;7;0;0;16;0;27;-36;0;415436;437;751;0;0;0;0;51;0;0;0;0;0;0;0;0;0;0;51;0;0;0;0;0;1144
BU04570301;BU04570301;Hogewey Noord;WK045703;Hogewey;GM0457;Weesp;Noord-Holland Zuid;Noord-Holland;424;34;460;False;32;19;5;0;0;8;634;32;0;0;21;0;28;-16;0;244097;321;531;0;0;0;0;424;0;0;0;0;0;0;0;0;0;0;424;0;0;0;0;0;160;0;8;256;0;0;8;3;0;0;2;3;84;8;0;0;17;0;28;-36;0;244097;321;531;0;0;0;0;34;0;0;0;0;0;0;0;0;0;0;34;0;0;0;0;0;1145
BU04570302;BU04570302;Hogewey Midden;WK045703;Hogewey;GM0457;Weesp;Noord-Holland Zuid;Noord-Holland;930;155;1005;False;34;20;6;0;0;8;1210;34;0;0;21;0;27;-14;0;896146;526;892;0;0;0;0;930;0;0;0;0;0;0;0;0;0;0;930;0;0;0;0;0;68;253;226;383;0;0;5;1;0;0;1;4;38;5;0;0;17;0;27;-38;0;896146;526;892;0;0;0;0;155;0;0;0;0;0;0;0;0;0;0;155;0;0;0;0;0;1146
BU04570303;BU04570303;Hogewey Zuid;WK045703;Hogewey;GM0457;Weesp;Noord-Holland Zuid;Noord-Holland;904;100;1030;False;31;18;5;0;0;8;1347;31;0;0;20;0;25;-14;0;588832;373;572;0;0;0;0;904;0;0;0;0;0;0;0;0;0;0;904;0;0;0;0;0;313;232;100;259;0;0;7;2;0;0;1;4;107;7;0;0;17;0;25;-35;0;588832;373;572;0;0;0;0;100;0;0;0;0;0;0;0;0;0;0;100;0;0;0;0;0;1147
BU04570304;BU04570304;Bedrijventerrein Noord;WK045703;Hogewey;GM0457;Weesp;Noord-Holland Zuid;Noord-Holland;75;329;2683;False;1;1;0;0;0;0;26;1;0;0;7;0;13;-19;0;4089487;1015;1525;0;0;0;0;75;0;0;0;0;0;0;0;0;0;0;75;0;0;0;0;0;0;0;71;4;0;0;32;12;1;0;4;16;406;32;0;0;23;0;13;-4;0;4089487;1015;1525;0;0;0;0;329;0;0;0;0;0;0;0;0;0;0;329;0;0;0;0;0;1148
BU04570401;BU04570401;Aetsveld Noord;WK045704;Aetsveld;GM0457;Weesp;Noord-Holland Zuid;Noord-Holland;702;26;757;False;36;20;7;0;0;9;847;36;0;0;23;0;29;-15;0;741056;568;979;0;0;0;0;702;0;0;0;0;0;0;0;0;0;0;702;0;0;0;0;0;4;106;572;20;0;0;5;1;0;0;1;3;46;5;0;0;17;0;29;-41;0;741056;568;979;0;0;0;0;26;0;0;0;0;0;0;0;0;0;0;26;0;0;0;0;0;1149
BU04570402;BU04570402;Aetsveld Zuid;WK045704;Aetsveld;GM0457;Weesp;Noord-Holland Zuid;Noord-Holland;797;4;798;False;38;21;8;0;0;9;928;38;0;0;23;0;28;-14;0;633580;467;795;0;0;0;0;797;0;0;0;0;0;0;0;0;0;0;797;0;0;0;0;0;11;64;705;17;0;0;0;0;0;0;0;0;0;0;0;0;14;0;28;-42;0;633580;467;795;0;0;0;0;4;0;0;0;0;0;0;0;0;0;0;4;0;0;0;0;0;1150
BU04570701;BU04570701;Aetsveldsepolder;WK045707;Aetsveldsepolder;GM0457;Weesp;Noord-Holland Zuid;Noord-Holland;117;29;168;False;39;26;6;0;0;7;11;39;0;0;27;0;42;-30;0;587196;1373;3506;0;0;0;0;117;0;0;0;0;0;0;0;0;0;0;117;0;0;0;0;0;11;13;21;72;0;0;28;9;0;0;5;13;3;28;0;0;35;0;42;-49;0;587196;1373;3506;0;0;0;0;29;0;0;0;0;0;0;0;0;0;0;29;0;0;0;0;0;1151
BU04570801;BU04570801;Oostelijke Vechtoever;WK045708;Oostelijke Vechtoever;GM0457;Weesp;Noord-Holland Zuid;Noord-Holland;137;113;225;False;38;27;5;0;0;6;7;38;0;0;26;0;42;-30;0;1794209;3037;7982;0;0;0;0;137;0;0;0;0;0;0;0;0;0;0;137;0;0;0;0;0;11;7;19;100;0;0;30;9;1;0;6;14;2;30;0;0;36;0;42;-48;0;1794209;3037;7982;0;0;0;0;113;0;0;0;0;0;0;0;0;0;0;113;0;0;0;0;0;1152
BU04570901;BU04570901;Leeuwenveld;WK045709;Bloemendalerpolder;GM0457;Weesp;Noord-Holland Zuid;Noord-Holland;510;40;628;False;31;17;6;0;0;8;517;31;0;0;22;0;30;-21;0;600901;550;958;0;0;0;0;510;0;0;0;0;0;0;0;0;0;0;510;0;0;0;0;0;356;141;4;9;0;0;21;7;0;0;3;11;150;21;0;0;26;0;30;-35;0;600901;550;958;0;0;0;0;40;0;0;0;0;0;0;0;0;0;0;40;0;0;0;0;0;1153
BU04570902;BU04570902;Bedrijventerrein Nijverheidslaan;WK045709;Bloemendalerpolder;GM0457;Weesp;Noord-Holland Zuid;Noord-Holland;12;31;298;False;2;1;0;0;0;0;32;2;0;0;11;0;22;-31;0;257840;566;867;0;0;0;0;12;0;0;0;0;0;0;0;0;0;0;12;0;0;0;0;0;0;3;0;9;0;0;50;20;1;0;5;25;349;50;0;0;37;0;22;-9;0;257840;566;867;0;0;0;0;31;0;0;0;0;0;0;0;0;0;0;31;0;0;0;0;0;1154
BU04570903;BU04570903;Weespersluis;WK045709;Bloemendalerpolder;GM0457;Weesp;Noord-Holland Zuid;Noord-Holland;129;6;134;False;38;22;7;0;0;9;12;38;0;0;24;0;30;-15;0;344753;1412;2582;0;0;0;0;129;0;0;0;0;0;0;0;0;0;0;129;0;0;0;0;0;114;1;0;14;0;0;3;1;0;0;1;2;0;3;0;0;17;0;30;-43;0;344753;1412;2582;0;0;0;0;6;0;0;0;0;0;0;0;0;0;0;6;0;0;0;0;0;1155
BU16960000;BU16960000;s-Graveland;WK169600;Wijk 00 s-Graveland;GM1696;Wijdemeren;Noord-Holland Zuid;Noord-Holland;713;87;929;False;35;22;6;0;0;7;50;35;0;0;24;0;34;-22;0;1986369;839;2140;0;0;0;0;713;0;0;0;0;0;0;0;0;0;0;713;0;0;0;0;0;105;68;84;456;0;0;19;5;0;0;4;10;10;19;0;0;27;0;34;-42;0;1986369;839;2140;0;0;0;0;87;0;0;0;0;0;0;0;0;0;0;87;0;0;0;0;0;1258
BU16960100;BU16960100;Oud-Kortenhoef;WK169601;Wijk 01 Kortenhoef;GM1696;Wijdemeren;Noord-Holland Zuid;Noord-Holland;159;26;193;False;43;28;7;0;0;8;22;43;0;0;28;0;42;-26;0;525476;999;2734;0;0;0;0;159;0;0;0;0;0;0;0;0;0;0;159;0;0;0;0;0;18;19;32;90;0;0;17;6;0;0;4;6;4;17;0;0;28;0;42;-52;0;525476;999;2734;0;0;0;0;26;0;0;0;0;0;0;0;0;0;0;26;0;0;0;0;0;1259
BU16960101;BU16960101;Rade Oranjebuurt Munniksveen en omgeving;WK169601;Wijk 01 Kortenhoef;GM1696;Wijdemeren;Noord-Holland Zuid;Noord-Holland;2674;366;2970;False;38;22;7;0;0;9;233;38;0;0;24;0;32;-18;0;4104955;687;1383;0;0;0;0;2674;0;0;0;0;0;0;0;0;0;0;2674;0;0;0;0;0;373;575;1030;696;0;0;8;3;0;0;1;4;22;8;0;0;20;0;32;-44;0;4104955;687;1383;0;0;0;0;366;0;0;0;0;0;0;0;0;0;0;366;0;0;0;0;0;1260
BU16960102;BU16960102;Moleneind;WK169601;Wijk 01 Kortenhoef;GM1696;Wijdemeren;Noord-Holland Zuid;Noord-Holland;77;11;91;False;48;32;8;0;0;8;51;48;0;0;29;0;43;-24;0;399758;1614;4397;0;0;0;0;77;0;0;0;0;0;0;0;0;0;0;77;0;0;0;0;0;11;4;10;52;0;0;9;3;0;0;2;4;4;9;0;0;25;0;43;-60;0;399758;1614;4397;0;0;0;0;11;0;0;0;0;0;0;0;0;0;0;11;0;0;0;0;0;1261
BU16960103;BU16960103;Kromme Rade;WK169601;Wijk 01 Kortenhoef;GM1696;Wijdemeren;Noord-Holland Zuid;Noord-Holland;38;11;43;False;55;38;8;0;0;9;8;55;0;0;33;0;50;-28;0;263520;2017;6193;0;0;0;0;38;0;0;0;0;0;0;0;0;0;0;38;0;0;0;0;0;2;2;5;29;0;0;9;3;0;0;3;2;1;9;0;0;27;0;50;-69;0;263520;2017;6193;0;0;0;0;11;0;0;0;0;0;0;0;0;0;0;11;0;0;0;0;0;1262
BU16960200;BU16960200;Ankeveen;WK169602;Wijk 02 Ankeveen;GM1696;Wijdemeren;Noord-Holland Zuid;Noord-Holland;119;5;127;False;51;34;8;0;0;9;23;51;0;0;30;0;44;-23;0;336643;943;2659;0;0;0;0;119;0;0;0;0;0;0;0;0;0;0;119;0;0;0;0;0;9;9;6;95;0;0;6;2;0;0;2;2;1;6;0;0;24;0;44;-62;0;336643;943;2659;0;0;0;0;5;0;0;0;0;0;0;0;0;0;0;5;0;0;0;0;0;1263
BU16960201;BU16960201;Ankeveense Rade;WK169602;Wijk 02 Ankeveen;GM1696;Wijdemeren;Noord-Holland Zuid;Noord-Holland;491;81;568;False;39;24;7;0;0;8;75;39;0;0;25;0;33;-19;0;926063;765;1632;0;0;0;0;491;0;0;0;0;0;0;0;0;0;0;491;0;0;0;0;0;81;25;136;249;0;0;8;2;0;0;2;4;6;8;0;0;20;0;33;-45;0;926063;765;1632;0;0;0;0;81;0;0;0;0;0;0;0;0;0;0;81;0;0;0;0;0;1264
BU16960202;BU16960202;Hollandsch Ankeveen;WK169602;Wijk 02 Ankeveen;GM1696;Wijdemeren;Noord-Holland Zuid;Noord-Holland;56;5;72;False;46;31;7;0;0;8;19;46;0;0;28;0;41;-23;0;229946;1133;3227;0;0;0;0;56;0;0;0;0;0;0;0;0;0;0;56;0;0;0;0;0;9;7;11;29;0;0;17;3;0;0;2;12;2;17;0;0;32;0;41;-57;0;229946;1133;3227;0;0;0;0;5;0;0;0;0;0;0;0;0;0;0;5;0;0;0;0;0;1265
BU16960300;BU16960300;Oud-Loosdrecht;WK169603;Wijk 03 Loosdrecht;GM1696;Wijdemeren;Noord-Holland Zuid;Noord-Holland;1101;526;1600;False;33;20;6;0;0;6;60;33;0;0;23;0;34;-24;0;4706328;1334;2943;0;0;0;0;1101;0;0;0;0;0;0;0;0;0;0;1101;0;0;0;0;0;164;292;229;416;0;0;23;7;1;0;6;9;18;23;0;0;28;0;34;-39;0;4706328;1334;2943;0;0;0;0;526;0;0;0;0;0;0;0;0;0;0;526;0;0;0;0;0;1266
BU16960400;BU16960400;Nieuw-Loosdrechtsedijk;WK169604;Wijk 04 Nieuw-Loosdrecht;GM1696;Wijdemeren;Noord-Holland Zuid;Noord-Holland;2735;450;3422;False;35;21;6;0;0;8;189;35;0;0;23;0;32;-20;0;8616808;1160;2519;0;0;0;0;2735;0;0;0;0;0;0;0;0;0;0;2735;0;0;0;0;0;370;323;733;1309;0;0;16;4;0;0;3;8;33;16;0;0;25;0;32;-41;0;8616808;1160;2519;0;0;0;0;450;0;0;0;0;0;0;0;0;0;0;450;0;0;0;0;0;1267
BU16960401;BU16960401;Muijeveld;WK169604;Wijk 04 Nieuw-Loosdrecht;GM1696;Wijdemeren;Noord-Holland Zuid;Noord-Holland;65;4;67;False;61;43;9;0;0;9;247;61;0;0;35;0;53;-26;0;129454;617;1939;0;0;0;0;65;0;0;0;0;0;0;0;0;0;0;65;0;0;0;0;0;9;15;8;33;0;0;3;1;0;0;0;2;4;3;0;0;27;0;53;-77;0;129454;617;1939;0;0;0;0;4;0;0;0;0;0;0;0;0;0;0;4;0;0;0;0;0;1268
BU16960402;BU16960402;Boomhoek;WK169604;Wijk 04 Nieuw-Loosdrecht;GM1696;Wijdemeren;Noord-Holland Zuid;Noord-Holland;73;589;335;False;13;9;2;0;0;2;27;13;0;0;18;0;34;-38;0;1991544;2981;5956;0;0;0;0;73;0;0;0;0;0;0;0;0;0;0;73;0;0;0;0;0;9;11;14;39;0;0;55;19;4;0;22;11;53;55;0;0;33;0;34;-12;0;1991544;2981;5956;0;0;0;0;589;0;0;0;0;0;0;0;0;0;0;589;0;0;0;0;0;1269
BU16960500;BU16960500;Breukeleveen;WK169605;Wijk 05 Breukeleveen;GM1696;Wijdemeren;Noord-Holland Zuid;Noord-Holland;137;7;143;False;53;35;9;0;0;9;48;53;0;0;31;0;45;-23;0;378018;951;2654;0;0;0;0;137;0;0;0;0;0;0;0;0;0;0;137;0;0;0;0;0;24;30;15;68;0;0;3;1;0;0;1;1;1;3;0;0;23;0;45;-65;0;378018;951;2654;0;0;0;0;7;0;0;0;0;0;0;0;0;0;0;7;0;0;0;0;0;1270
BU16960601;BU16960601;Horn- en Kuijerpolder;WK169606;Wijk 06 Nederhorst den Berg;GM1696;Wijdemeren;Noord-Holland Zuid;Noord-Holland;540;189;677;False;39;24;7;0;0;8;80;39;0;0;27;0;39;-27;0;1294900;812;1915;0;0;0;0;540;0;0;0;0;0;0;0;0;0;0;540;0;0;0;0;0;25;43;260;212;0;0;18;7;1;0;5;5;21;18;0;0;25;0;39;-46;0;1294900;812;1915;0;0;0;0;189;0;0;0;0;0;0;0;0;0;0;189;0;0;0;0;0;1271
BU16960602;BU16960602;Blijkpolder;WK169606;Wijk 06 Nederhorst den Berg;GM1696;Wijdemeren;Noord-Holland Zuid;Noord-Holland;573;34;613;False;39;22;7;0;0;9;246;39;0;0;24;0;31;-16;0;742361;631;1213;0;0;0;0;573;0;0;0;0;0;0;0;0;0;0;573;0;0;0;0;0;152;41;332;48;0;0;5;1;0;0;1;3;11;5;0;0;18;0;31;-44;0;742361;631;1213;0;0;0;0;34;0;0;0;0;0;0;0;0;0;0;34;0;0;0;0;0;1272
BU16960603;BU16960603;Horstermeer;WK169606;Wijk 06 Nederhorst den Berg;GM1696;Wijdemeren;Noord-Holland Zuid;Noord-Holland;286;41;418;False;42;29;6;0;0;7;25;42;0;0;27;0;42;-27;0;937322;732;2246;0;0;0;0;286;0;0;0;0;0;0;0;0;0;0;286;0;0;0;0;0;21;51;28;186;0;0;23;6;0;0;4;12;5;23;0;0;34;0;42;-53;0;937322;732;2246;0;0;0;0;41;0;0;0;0;0;0;0;0;0;0;41;0;0;0;0;0;1273
BU16960604;BU16960604;Splegelpolder;WK169606;Wijk 06 Nederhorst den Berg;GM1696;Wijdemeren;Noord-Holland Zuid;Noord-Holland;837;95;925;False;40;24;7;0;0;9;127;40;0;0;25;0;34;-19;0;1509292;773;1633;0;0;0;0;837;0;0;0;0;0;0;0;0;0;0;837;0;0;0;0;0;282;80;193;282;0;0;8;2;0;0;2;4;11;8;0;0;20;0;34;-46;0;1509292;773;1633;0;0;0;0;95;0;0;0;0;0;0;0;0;0;0;95;0;0;0;0;0;1274
BU19420000;BU19420000;Brinklaan;WK194200;Bussum Centrum;GM1942;Gooise Meren;Noord-Holland Zuid;Noord-Holland;944;382;1559;False;22;12;4;0;0;5;1186;22;0;0;17;0;25;-20;0;1530494;488;982;0;0;0;0;944;0;0;0;0;0;0;0;0;0;0;944;0;0;0;0;0;140;163;170;471;0;0;36;8;0;0;5;23;580;36;0;0;36;0;25;-25;0;1530494;488;982;0;0;0;0;382;0;0;0;0;0;0;0;0;0;0;382;0;0;0;0;0;1275
BU19420001;BU19420001;Raadhuisplein;WK194200;Bussum Centrum;GM1942;Gooise Meren;Noord-Holland Zuid;Noord-Holland;834;150;1164;False;27;16;5;0;0;6;1203;27;0;0;20;0;28;-20;0;961190;392;826;0;0;0;0;834;0;0;0;0;0;0;0;0;0;0;834;0;0;0;0;0;131;157;197;349;0;0;26;6;0;0;4;16;377;26;0;0;30;0;28;-31;0;961190;392;826;0;0;0;0;150;0;0;0;0;0;0;0;0;0;0;150;0;0;0;0;0;1276
BU19420002;BU19420002;Verbindingslaan;WK194200;Bussum Centrum;GM1942;Gooise Meren;Noord-Holland Zuid;Noord-Holland;635;86;793;False;34;20;6;0;0;7;1571;34;0;0;22;0;30;-18;0;723114;420;912;0;0;0;0;635;0;0;0;0;0;0;0;0;0;0;635;0;0;0;0;0;31;76;40;488;0;0;16;4;0;0;2;10;237;16;0;0;25;0;30;-40;0;723114;420;912;0;0;0;0;86;0;0;0;0;0;0;0;0;0;0;86;0;0;0;0;0;1277
BU19420003;BU19420003;Batterijlaan;WK194200;Bussum Centrum;GM1942;Gooise Meren;Noord-Holland Zuid;Noord-Holland;499;37;568;False;41;25;7;0;0;9;1591;41;0;0;25;0;35;-19;0;595760;427;1050;0;0;0;0;499;0;0;0;0;0;0;0;0;0;0;499;0;0;0;0;0;3;29;34;433;0;0;9;2;0;0;2;5;129;9;0;0;22;0;35;-48;0;595760;427;1050;0;0;0;0;37;0;0;0;0;0;0;0;0;0;0;37;0;0;0;0;0;1278
BU19420004;BU19420004;Cereslaan;WK194200;Bussum Centrum;GM1942;Gooise Meren;Noord-Holland Zuid;Noord-Holland;567;51;656;False;36;21;7;0;0;8;1808;36;0;0;22;0;29;-16;0;591567;459;902;0;0;0;0;567;0;0;0;0;0;0;0;0;0;0;567;0;0;0;0;0;66;20;71;410;0;0;11;2;0;0;1;7;110;11;0;0;22;0;29;-40;0;591567;459;902;0;0;0;0;51;0;0;0;0;0;0;0;0;0;0;51;0;0;0;0;0;1279
BU19420005;BU19420005;Bijlstraat;WK194200;Bussum Centrum;GM1942;Gooise Meren;Noord-Holland Zuid;Noord-Holland;503;26;545;False;42;25;8;0;0;9;1527;42;0;0;26;0;34;-18;0;588252;462;1080;0;0;0;0;503;0;0;0;0;0;0;0;0;0;0;503;0;0;0;0;0;132;9;29;333;0;0;5;2;0;0;2;2;88;5;0;0;19;0;34;-48;0;588252;462;1080;0;0;0;0;26;0;0;0;0;0;0;0;0;0;0;26;0;0;0;0;0;1280
BU19420006;BU19420006;Nijverheidswerf;WK194200;Bussum Centrum;GM1942;Gooise Meren;Noord-Holland Zuid;Noord-Holland;420;52;511;False;33;19;6;0;0;8;1208;33;0;0;22;0;30;-19;0;550973;482;1080;0;0;0;0;420;0;0;0;0;0;0;0;0;0;0;420;0;0;0;0;0;15;49;77;279;0;0;12;4;0;0;3;5;216;12;0;0;20;0;30;-38;0;550973;482;1080;0;0;0;0;52;0;0;0;0;0;0;0;0;0;0;52;0;0;0;0;0;1281
BU19420007;BU19420007;Laarderwegkwartier;WK194200;Bussum Centrum;GM1942;Gooise Meren;Noord-Holland Zuid;Noord-Holland;633;141;718;False;34;20;6;0;0;8;1026;34;0;0;22;0;29;-16;0;639177;453;890;0;0;0;0;633;0;0;0;0;0;0;0;0;0;0;633;0;0;0;0;0;59;136;133;305;0;0;9;2;0;0;1;6;85;9;0;0;20;0;29;-39;0;639177;453;890;0;0;0;0;141;0;0;0;0;0;0;0;0;0;0;141;0;0;0;0;0;1282
BU19420008;BU19420008;Spiegelzicht;WK194200;Bussum Centrum;GM1942;Gooise Meren;Noord-Holland Zuid;Noord-Holland;501;127;620;False;37;23;7;0;0;7;1206;37;0;0;23;0;33;-19;0;700021;470;1130;0;0;0;0;501;0;0;0;0;0;0;0;0;0;0;501;0;0;0;0;0;63;39;16;383;0;0;15;3;0;0;2;10;124;15;0;0;26;0;33;-44;0;700021;470;1130;0;0;0;0;127;0;0;0;0;0;0;0;0;0;0;127;0;0;0;0;0;1283
BU19420100;BU19420100;Prins Hendrikkwartier;WK194201;Brediuskwartier;GM1942;Gooise Meren;Noord-Holland Zuid;Noord-Holland;312;72;451;False;37;24;6;0;0;7;973;37;0;0;24;0;37;-24;0;576594;432;1281;0;0;0;0;312;0;0;0;0;0;0;0;0;0;0;312;0;0;0;0;0;2;6;12;292;0;0;27;6;0;0;5;15;209;27;0;0;35;0;37;-44;0;576594;432;1281;0;0;0;0;72;0;0;0;0;0;0;0;0;0;0;72;0;0;0;0;0;1284
BU19420101;BU19420101;Hooftlaan;WK194201;Brediuskwartier;GM1942;Gooise Meren;Noord-Holland Zuid;Noord-Holland;249;55;389;False;27;16;5;0;0;6;729;27;0;0;21;0;31;-25;0;399837;482;1029;0;0;0;0;249;0;0;0;0;0;0;0;0;0;0;249;0;0;0;0;0;114;1;7;127;0;0;30;10;0;0;4;16;348;30;0;0;32;0;31;-33;0;399837;482;1029;0;0;0;0;55;0;0;0;0;0;0;0;0;0;0;55;0;0;0;0;0;1285
BU19420102;BU19420102;Vondellaan;WK194201;Brediuskwartier;GM1942;Gooise Meren;Noord-Holland Zuid;Noord-Holland;442;48;545;False;42;27;7;0;0;8;954;42;0;0;26;0;37;-21;0;729727;542;1341;0;0;0;0;442;0;0;0;0;0;0;0;0;0;0;442;0;0;0;0;0;0;22;35;385;0;0;10;3;0;0;1;6;83;10;0;0;24;0;37;-51;0;729727;542;1341;0;0;0;0;48;0;0;0;0;0;0;0;0;0;0;48;0;0;0;0;0;1286
BU19420103;BU19420103;Bredius-West;WK194201;Brediuskwartier;GM1942;Gooise Meren;Noord-Holland Zuid;Noord-Holland;191;8;211;False;59;42;9;0;0;9;542;59;0;0;34;0;53;-27;0;345468;459;1644;0;0;0;0;191;0;0;0;0;0;0;0;0;0;0;191;0;0;0;0;0;0;0;6;185;0;0;8;2;0;0;1;5;23;8;0;0;31;0;53;-75;0;345468;459;1644;0;0;0;0;8;0;0;0;0;0;0;0;0;0;0;8;0;0;0;0;0;1287
BU19420104;BU19420104;Bredius-Oost;WK194201;Brediuskwartier;GM1942;Gooise Meren;Noord-Holland Zuid;Noord-Holland;431;24;618;False;34;22;6;0;0;6;465;34;0;0;24;0;36;-25;0;836799;527;1355;0;0;0;0;431;0;0;0;0;0;0;0;0;0;0;431;0;0;0;0;0;4;126;33;268;0;0;19;7;1;0;4;7;134;19;0;0;25;0;36;-43;0;836799;527;1355;0;0;0;0;24;0;0;0;0;0;0;0;0;0;0;24;0;0;0;0;0;1288
BU19420200;BU19420200;Sportpark-Zuid;WK194202;Eng;GM1942;Gooise Meren;Noord-Holland Zuid;Noord-Holland;1;16;87;False;1;0;0;0;0;0;2;1;0;0;21;0;44;-64;0;210032;820;2420;0;0;0;0;1;0;0;0;0;0;0;0;0;0;0;1;0;0;0;0;0;1;0;0;0;0;0;92;39;4;0;31;19;231;92;0;0;48;0;44;0;0;210032;820;2420;0;0;0;0;16;0;0;0;0;0;0;0;0;0;0;16;0;0;0;0;0;1289
BU19420201;BU19420201;Donderstraat;WK194202;Eng;GM1942;Gooise Meren;Noord-Holland Zuid;Noord-Holland;444;16;461;False;52;35;8;0;0;10;1257;52;0;0;30;0;43;-21;0;609999;488;1324;0;0;0;0;444;0;0;0;0;0;0;0;0;0;0;444;0;0;0;0;0;1;3;23;417;0;0;3;1;0;0;0;3;16;3;0;0;23;0;43;-63;0;609999;488;1324;0;0;0;0;16;0;0;0;0;0;0;0;0;0;0;16;0;0;0;0;0;1290
BU19420202;BU19420202;Godelindebuurt;WK194202;Eng;GM1942;Gooise Meren;Noord-Holland Zuid;Noord-Holland;410;12;424;False;41;24;7;0;0;9;1453;41;0;0;25;0;32;-16;0;423774;489;1002;0;0;0;0;410;0;0;0;0;0;0;0;0;0;0;410;0;0;0;0;0;66;64;7;273;0;0;3;0;0;0;0;2;25;3;0;0;17;0;32;-46;0;423774;489;1002;0;0;0;0;12;0;0;0;0;0;0;0;0;0;0;12;0;0;0;0;0;1291
BU19420203;BU19420203;Waltherlaan;WK194202;Eng;GM1942;Gooise Meren;Noord-Holland Zuid;Noord-Holland;260;24;274;False;54;36;8;0;0;9;1060;54;0;0;31;0;45;-22;0;404622;540;1480;0;0;0;0;260;0;0;0;0;0;0;0;0;0;0;260;0;0;0;0;0;0;2;10;248;0;0;2;0;0;0;0;1;12;2;0;0;23;0;45;-65;0;404622;540;1480;0;0;0;0;24;0;0;0;0;0;0;0;0;0;0;24;0;0;0;0;0;1292
BU19420204;BU19420204;Bloemenbuurt;WK194202;Eng;GM1942;Gooise Meren;Noord-Holland Zuid;Noord-Holland;532;28;604;False;42;27;7;0;0;8;856;42;0;0;26;0;37;-21;0;696415;453;1154;0;0;0;0;532;0;0;0;0;0;0;0;0;0;0;532;0;0;0;0;0;28;29;66;409;0;0;8;3;0;0;1;4;87;8;0;0;22;0;37;-50;0;696415;453;1154;0;0;0;0;28;0;0;0;0;0;0;0;0;0;0;28;0;0;0;0;0;1293
BU19420205;BU19420205;Ooster Eng-Noord;WK194202;Eng;GM1942;Gooise Meren;Noord-Holland Zuid;Noord-Holland;920;252;1026;False;37;22;6;0;0;8;1045;37;0;0;23;0;30;-16;0;1017588;513;992;0;0;0;0;920;0;0;0;0;0;0;0;0;0;0;920;0;0;0;0;0;68;62;63;727;0;0;7;1;0;0;1;4;58;7;0;0;19;0;30;-42;0;1017588;513;992;0;0;0;0;252;0;0;0;0;0;0;0;0;0;0;252;0;0;0;0;0;1294
BU19420206;BU19420206;Ooster Eng-Zuid;WK194202;Eng;GM1942;Gooise Meren;Noord-Holland Zuid;Noord-Holland;1277;437;1573;False;32;19;6;0;0;7;827;32;0;0;21;0;29;-18;0;1628833;502;1036;0;0;0;0;1277;0;0;0;0;0;0;0;0;0;0;1277;0;0;0;0;0;6;205;233;833;0;0;14;4;1;0;2;7;152;14;0;0;22;0;29;-37;0;1628833;502;1036;0;0;0;0;437;0;0;0;0;0;0;0;0;0;0;437;0;0;0;0;0;1295
BU19420207;BU19420207;Midden Eng-Oost;WK194202;Eng;GM1942;Gooise Meren;Noord-Holland Zuid;Noord-Holland;802;82;851;False;38;22;7;0;0;9;832;38;0;0;24;0;30;-15;0;902177;563;1061;0;0;0;0;802;0;0;0;0;0;0;0;0;0;0;802;0;0;0;0;0;127;33;127;515;0;0;4;1;0;0;0;2;32;4;0;0;17;0;30;-43;0;902177;563;1061;0;0;0;0;82;0;0;0;0;0;0;0;0;0;0;82;0;0;0;0;0;1296
BU19420208;BU19420208;Midden Eng-West;WK194202;Eng;GM1942;Gooise Meren;Noord-Holland Zuid;Noord-Holland;701;37;714;False;42;25;7;0;0;10;1298;42;0;0;25;0;32;-16;0;769320;535;1078;0;0;0;0;701;0;0;0;0;0;0;0;0;0;0;701;0;0;0;0;0;34;47;149;471;0;0;1;0;0;0;0;1;17;1;0;0;16;0;32;-47;0;769320;535;1078;0;0;0;0;37;0;0;0;0;0;0;0;0;0;0;37;0;0;0;0;0;1297
BU19420209;BU19420209;Wester Eng;WK194202;Eng;GM1942;Gooise Meren;Noord-Holland Zuid;Noord-Holland;1070;261;1289;False;30;17;6;0;0;7;661;30;0;0;21;0;28;-19;0;1107816;502;860;0;0;0;0;1070;0;0;0;0;0;0;0;0;0;0;1070;0;0;0;0;0;71;199;189;611;0;0;16;5;0;0;2;8;166;16;0;0;22;0;28;-34;0;1107816;502;860;0;0;0;0;261;0;0;0;0;0;0;0;0;0;0;261;0;0;0;0;0;1298
BU19420300;BU19420300;Lomanplein;WK194203;Spiegel;GM1942;Gooise Meren;Noord-Holland Zuid;Noord-Holland;392;64;523;False;41;28;6;0;0;7;720;41;0;0;26;0;40;-25;0;734739;466;1405;0;0;0;0;392;0;0;0;0;0;0;0;0;0;0;392;0;0;0;0;0;14;13;19;346;0;0;18;5;0;0;3;9;119;18;0;0;30;0;40;-51;0;734739;466;1405;0;0;0;0;64;0;0;0;0;0;0;0;0;0;0;64;0;0;0;0;0;1299
BU19420301;BU19420301;Schimmellaan;WK194203;Spiegel;GM1942;Gooise Meren;Noord-Holland Zuid;Noord-Holland;156;46;206;False;37;24;6;0;0;7;514;37;0;0;24;0;35;-23;0;263449;438;1279;0;0;0;0;156;0;0;0;0;0;0;0;0;0;0;156;0;0;0;0;0;0;4;60;92;0;0;20;5;0;0;3;12;96;20;0;0;30;0;35;-45;0;263449;438;1279;0;0;0;0;46;0;0;0;0;0;0;0;0;0;0;46;0;0;0;0;0;1300
BU19420302;BU19420302;Boslaan;WK194203;Spiegel;GM1942;Gooise Meren;Noord-Holland Zuid;Noord-Holland;518;33;676;False;46;32;7;0;0;7;566;46;0;0;28;0;43;-26;0;1077488;492;1594;0;0;0;0;518;0;0;0;0;0;0;0;0;0;0;518;0;0;0;0;0;7;3;24;484;0;0;12;4;0;0;2;6;68;12;0;0;27;0;43;-58;0;1077488;492;1594;0;0;0;0;33;0;0;0;0;0;0;0;0;0;0;33;0;0;0;0;0;1301
BU19420303;BU19420303;Koedijk;WK194203;Spiegel;GM1942;Gooise Meren;Noord-Holland Zuid;Noord-Holland;269;15;273;False;61;43;9;0;0;9;614;61;0;0;35;0;52;-25;0;434609;495;1594;0;0;0;0;269;0;0;0;0;0;0;0;0;0;0;269;0;0;0;0;0;6;5;26;232;0;0;1;0;0;0;0;1;2;1;0;0;26;0;52;-77;0;434609;495;1594;0;0;0;0;15;0;0;0;0;0;0;0;0;0;0;15;0;0;0;0;0;1302
BU19420304;BU19420304;Kom van Bieghel;WK194203;Spiegel;GM1942;Gooise Meren;Noord-Holland Zuid;Noord-Holland;697;123;935;False;29;18;5;0;0;7;690;29;0;0;20;0;29;-20;0;826909;463;884;0;0;0;0;697;0;0;0;0;0;0;0;0;0;0;697;0;0;0;0;0;6;169;232;290;0;0;19;6;0;0;3;10;191;19;0;0;24;0;29;-35;0;826909;463;884;0;0;0;0;123;0;0;0;0;0;0;0;0;0;0;123;0;0;0;0;0;1303
BU19420305;BU19420305;Meijerkamp;WK194203;Spiegel;GM1942;Gooise Meren;Noord-Holland Zuid;Noord-Holland;213;20;239;False;50;33;8;0;0;9;419;50;0;0;31;0;45;-26;0;355127;526;1487;0;0;0;0;213;0;0;0;0;0;0;0;0;0;0;213;0;0;0;0;0;2;5;60;146;0;0;9;4;0;0;3;2;41;9;0;0;25;0;45;-61;0;355127;526;1487;0;0;0;0;20;0;0;0;0;0;0;0;0;0;0;20;0;0;0;0;0;1304
BU19420306;BU19420306;Fransekamp;WK194203;Spiegel;GM1942;Gooise Meren;Noord-Holland Zuid;Noord-Holland;108;24;351;False;16;11;3;0;0;3;27;16;0;0;16;0;27;-27;0;593031;1045;1692;0;0;0;0;108;0;0;0;0;0;0;0;0;0;0;108;0;0;0;0;0;59;2;6;41;0;0;68;13;0;0;6;49;27;68;0;0;63;0;27;-22;0;593031;1045;1692;0;0;0;0;24;0;0;0;0;0;0;0;0;0;0;24;0;0;0;0;0;1305
BU19420400;BU19420400;Vesting Muiden;WK194204;Muiden;GM1942;Gooise Meren;Noord-Holland Zuid;Noord-Holland;645;74;757;False;38;23;7;0;0;8;757;38;0;0;24;0;33;-19;0;756677;432;1001;0;0;0;0;645;0;0;0;0;0;0;0;0;0;0;645;0;0;0;0;0;13;34;148;450;0;0;12;3;0;0;3;6;82;12;0;0;22;0;33;-43;0;756677;432;1001;0;0;0;0;74;0;0;0;0;0;0;0;0;0;0;74;0;0;0;0;0;1306
BU19420401;BU19420401;Krijgsman;WK194204;Muiden;GM1942;Gooise Meren;Noord-Holland Zuid;Noord-Holland;595;45;628;False;41;24;8;0;0;9;170;41;0;0;25;0;33;-17;0;767787;597;1223;0;0;0;0;595;0;0;0;0;0;0;0;0;0;0;595;0;0;0;0;0;141;74;222;158;0;0;4;1;0;0;1;2;6;4;0;0;18;0;33;-47;0;767787;597;1223;0;0;0;0;45;0;0;0;0;0;0;0;0;0;0;45;0;0;0;0;0;1307
BU19420402;BU19420402;Muiderberg;WK194204;Muiden;GM1942;Gooise Meren;Noord-Holland Zuid;Noord-Holland;774;228;861;False;44;28;7;0;0;9;207;44;0;0;27;0;38;-21;0;1395401;677;1622;0;0;0;0;774;0;0;0;0;0;0;0;0;0;0;774;0;0;0;0;0;81;25;181;487;0;0;8;2;0;0;2;4;14;8;0;0;22;0;38;-53;0;1395401;677;1622;0;0;0;0;228;0;0;0;0;0;0;0;0;0;0;228;0;0;0;0;0;1308
BU19420403;BU19420403;Mariahoeve Muiden;WK194204;Muiden;GM1942;Gooise Meren;Noord-Holland Zuid;Noord-Holland;324;28;341;False;44;27;8;0;0;9;659;44;0;0;27;0;36;-19;0;332493;454;976;0;0;0;0;324;0;0;0;0;0;0;0;0;0;0;324;0;0;0;0;0;2;17;207;98;0;0;5;1;0;0;1;3;26;5;0;0;20;0;36;-52;0;332493;454;976;0;0;0;0;28;0;0;0;0;0;0;0;0;0;0;28;0;0;0;0;0;1309
BU19420404;BU19420404;Buitendijken Muiderberg;WK194204;Muiden;GM1942;Gooise Meren;Noord-Holland Zuid;Noord-Holland;527;34;538;False;41;23;8;0;0;10;897;41;0;0;25;0;31;-15;0;537009;535;998;0;0;0;0;527;0;0;0;0;0;0;0;0;0;0;527;0;0;0;0;0;13;136;365;13;0;0;1;0;0;0;0;1;8;1;0;0;16;0;31;-46;0;537009;535;998;0;0;0;0;34;0;0;0;0;0;0;0;0;0;0;34;0;0;0;0;0;1310
BU19420408;BU19420408;Pampusweg;WK194204;Muiden;GM1942;Gooise Meren;Noord-Holland Zuid;Noord-Holland;4;31;158;False;2;1;0;0;0;0;1;2;0;0;10;0;20;-28;0;358177;2063;2268;0;0;0;0;4;0;0;0;0;0;0;0;0;0;0;4;0;0;0;0;0;0;0;1;3;0;0;96;18;1;0;7;70;15;96;0;0;82;0;20;-6;0;358177;2063;2268;0;0;0;0;31;0;0;0;0;0;0;0;0;0;0;31;0;0;0;0;0;1311
BU19420409;BU19420409;IJmeer;WK194204;Muiden;GM1942;Gooise Meren;Noord-Holland Zuid;Noord-Holland;1;0;1;False;61;42;10;0;0;9;6;61;0;0;34;0;52;-25;0;28191;9315;28191;0;0;0;0;1;0;0;0;0;0;0;0;0;0;0;1;0;0;0;0;0;0;0;1;0;0;0;0;0;0;0;0;0;0;0;0;0;25;0;52;-77;0;28191;9315;28191;0;0;0;0;0;0;0;0;0;0;0;0;0;0;0;0;0;0;0;0;0;1312
BU19420410;BU19420410;Noordpolder;WK194204;Muiden;GM1942;Gooise Meren;Noord-Holland Zuid;Noord-Holland;74;17;139;False;32;22;5;0;0;5;5;32;0;0;24;0;38;-30;0;675934;1840;4889;0;0;0;0;74;0;0;0;0;0;0;0;0;0;0;74;0;0;0;0;0;6;3;10;55;0;0;45;11;1;0;7;27;2;45;0;0;47;0;38;-41;0;675934;1840;4889;0;0;0;0;17;0;0;0;0;0;0;0;0;0;0;17;0;0;0;0;0;1313
BU19420501;BU19420501;Naarden Vesting;WK194205;Naarden;GM1942;Gooise Meren;Noord-Holland Zuid;Noord-Holland;840;232;1148;False;34;21;6;0;0;7;540;34;0;0;22;0;31;-20;0;1440841;500;1256;0;0;0;0;840;0;0;0;0;0;0;0;0;0;0;840;0;0;0;0;0;51;63;69;657;0;0;22;4;0;0;4;13;95;22;0;0;30;0;31;-38;0;1440841;500;1256;0;0;0;0;232;0;0;0;0;0;0;0;0;0;0;232;0;0;0;0;0;1314
BU19420502;BU19420502;Tuindorp Keverdijk;WK194205;Naarden;GM1942;Gooise Meren;Noord-Holland Zuid;Noord-Holland;1693;246;1854;False;39;23;7;0;0;9;695;39;0;0;24;0;32;-17;0;2367444;628;1277;0;0;0;0;1693;0;0;0;0;0;0;0;0;0;0;1693;0;0;0;0;0;102;130;440;1021;0;0;7;2;0;0;1;4;42;7;0;0;19;0;32;-44;0;2367444;628;1277;0;0;0;0;246;0;0;0;0;0;0;0;0;0;0;246;0;0;0;0;0;1315
BU19420503;BU19420503;Naarderwoonbos;WK194205;Naarden;GM1942;Gooise Meren;Noord-Holland Zuid;Noord-Holland;182;16;203;False;49;32;7;0;0;9;146;49;0;0;29;0;42;-23;0;318443;646;1574;0;0;0;0;182;0;0;0;0;0;0;0;0;0;0;182;0;0;0;0;0;5;9;166;2;0;0;6;2;0;0;1;2;9;6;0;0;23;0;42;-59;0;318443;646;1574;0;0;0;0;16;0;0;0;0;0;0;0;0;0;0;16;0;0;0;0;0;1316
BU19420504;BU19420504;Bedrijvenpark Gooimeer-Zuid;WK194205;Naarden;GM1942;Gooise Meren;Noord-Holland Zuid;Noord-Holland;10;148;547;False;1;1;0;0;0;0;10;1;0;0;10;0;20;-28;0;733911;710;1342;0;0;0;0;10;0;0;0;0;0;0;0;0;0;0;10;0;0;0;0;0;0;3;4;3;0;0;67;18;0;0;8;40;231;67;0;0;52;0;20;-5;0;733911;710;1342;0;0;0;0;148;0;0;0;0;0;0;0;0;0;0;148;0;0;0;0;0;1317
BU19420506;BU19420506;Oranje Nassaupark-Noord;WK194205;Naarden;GM1942;Gooise Meren;Noord-Holland Zuid;Noord-Holland;253;65;279;False;50;34;8;0;0;9;546;50;0;0;30;0;43;-23;0;480940;635;1726;0;0;0;0;253;0;0;0;0;0;0;0;0;0;0;253;0;0;0;0;0;7;24;18;204;0;0;6;2;0;0;1;3;25;6;0;0;24;0;43;-61;0;480940;635;1726;0;0;0;0;65;0;0;0;0;0;0;0;0;0;0;65;0;0;0;0;0;1318
BU19420507;BU19420507;Oranje Nassaupark-Zuid;WK194205;Naarden;GM1942;Gooise Meren;Noord-Holland Zuid;Noord-Holland;547;70;583;False;48;31;8;0;0;9;770;48;0;0;28;0;41;-21;0;811979;528;1393;0;0;0;0;547;0;0;0;0;0;0;0;0;0;0;547;0;0;0;0;0;2;24;33;488;0;0;6;1;0;0;1;3;30;6;0;0;23;0;41;-58;0;811979;528;1393;0;0;0;0;70;0;0;0;0;0;0;0;0;0;0;70;0;0;0;0;0;1319
BU19420508;BU19420508;Ministerpark;WK194205;Naarden;GM1942;Gooise Meren;Noord-Holland Zuid;Noord-Holland;1054;115;1129;False;45;28;8;0;0;9;922;45;0;0;27;0;37;-20;0;1380117;524;1223;0;0;0;0;1054;0;0;0;0;0;0;0;0;0;0;1054;0;0;0;0;0;26;121;147;760;0;0;6;2;0;0;1;3;44;6;0;0;21;0;37;-53;0;1380117;524;1223;0;0;0;0;115;0;0;0;0;0;0;0;0;0;0;115;0;0;0;0;0;1320
BU19420509;BU19420509;Componistenkwartier;WK194205;Naarden;GM1942;Gooise Meren;Noord-Holland Zuid;Noord-Holland;716;112;1099;False;30;19;5;0;0;6;236;30;0;0;23;0;35;-29;0;1579086;676;1438;0;0;0;0;716;0;0;0;0;0;0;0;0;0;0;716;0;0;0;0;0;51;114;179;372;0;0;27;10;1;0;3;12;117;27;0;0;30;0;35;-38;0;1579086;676;1438;0;0;0;0;112;0;0;0;0;0;0;0;0;0;0;112;0;0;0;0;0;1321
BU19420510;BU19420510;Rembrandtpark;WK194205;Naarden;GM1942;Gooise Meren;Noord-Holland Zuid;Noord-Holland;912;79;1034;False;46;30;7;0;0;8;738;46;0;0;28;0;40;-21;0;1366651;524;1322;0;0;0;0;912;0;0;0;0;0;0;0;0;0;0;912;0;0;0;0;0;114;34;106;658;0;0;7;2;0;0;1;4;41;7;0;0;23;0;40;-56;0;1366651;524;1322;0;0;0;0;79;0;0;0;0;0;0;0;0;0;0;79;0;0;0;0;0;1322
BU19420511;BU19420511;Bos van Bredius-Noord;WK194205;Naarden;GM1942;Gooise Meren;Noord-Holland Zuid;Noord-Holland;95;3;132;False;51;37;7;0;0;7;311;51;0;0;31;0;51;-31;0;218861;381;1658;0;0;0;0;95;0;0;0;0;0;0;0;0;0;0;95;0;0;0;0;0;6;1;17;71;0;0;28;7;0;0;4;17;50;28;0;0;42;0;51;-65;0;218861;381;1658;0;0;0;0;3;0;0;0;0;0;0;0;0;0;0;3;0;0;0;0;0;1323
BU19420512;BU19420512;Valkeveen;WK194205;Naarden;GM1942;Gooise Meren;Noord-Holland Zuid;Noord-Holland;261;108;521;False;27;18;4;0;0;5;13;27;0;0;23;0;38;-34;0;1801794;1342;3463;0;0;0;0;261;0;0;0;0;0;0;0;0;0;0;261;0;0;0;0;0;80;56;15;110;0;0;50;15;1;0;9;26;9;50;0;0;46;0;38;-34;0;1801794;1342;3463;0;0;0;0;108;0;0;0;0;0;0;0;0;0;0;108;0;0;0;0;0;1324
BU19420513;BU19420513;Naardermeer;WK194205;Naarden;GM1942;Gooise Meren;Noord-Holland Zuid;Noord-Holland;25;20;41;False;36;25;5;0;0;6;2;36;0;0;23;0;36;-23;0;287348;2939;7142;0;0;0;0;25;0;0;0;0;0;0;0;0;0;0;25;0;0;0;0;0;2;2;2;19;0;0;30;5;1;0;8;16;0;30;0;0;36;0;36;-42;0;287348;2939;7142;0;0;0;0;20;0;0;0;0;0;0;0;0;0;0;20;0;0;0;0;0;1325
BU19420515;BU19420515;Bos van Bredius-Zuid;WK194205;Naarden;GM1942;Gooise Meren;Noord-Holland Zuid;Noord-Holland;46;0;46;False;62;43;10;0;0;10;49;62;0;0;35;0;52;-25;0;115698;784;2515;0;0;0;0;46;0;0;0;0;0;0;0;0;0;0;46;0;0;0;0;0;1;5;9;31;0;0;0;0;0;0;0;0;0;0;0;0;25;0;52;-78;0;115698;784;2515;0;0;0;0;0;0;0;0;0;0;0;0;0;0;0;0;0;0;0;0;0;1326
BU19420555;BU19420555;Bedrijvenpark Gooimeer-Noord;WK194205;Naarden;GM1942;Gooise Meren;Noord-Holland Zuid;Noord-Holland;0;89;457;False;0;0;0;0;0;0;0;0;0;0;17;24;0;-41;0;287803;328;631;0;0;0;0;0;0;0;0;0;0;0;0;0;0;0;0;0;0;0;0;0;0;0;0;0;0;0;101;34;1;0;16;50;857;101;0;0;71;24;0;6;0;287803;328;631;0;0;0;0;89;0;0;0;0;0;0;0;0;0;0;89;0;0;0;0;0;1327
BU19420565;BU19420565;Vierhoven;WK194205;Naarden;GM1942;Gooise Meren;Noord-Holland Zuid;Noord-Holland;511;106;582;False;33;18;6;0;0;8;1068;33;0;0;22;0;29;-18;0;461290;414;793;0;0;0;0;511;0;0;0;0;0;0;0;0;0;0;511;0;0;0;0;0;93;52;88;278;0;0;11;4;0;0;2;6;165;11;0;0;20;0;29;-37;0;461290;414;793;0;0;0;0;106;0;0;0;0;0;0;0;0;0;0;106;0;0;0;0;0;1328
BU19420575;BU19420575;Naardermeerkwartier;WK194205;Naarden;GM1942;Gooise Meren;Noord-Holland Zuid;Noord-Holland;183;78;210;False;39;23;7;0;0;8;563;39;0;0;24;0;32;-17;0;262083;611;1250;0;0;0;0;183;0;0;0;0;0;0;0;0;0;0;183;0;0;0;0;0;26;4;67;86;0;0;7;1;0;0;1;4;25;7;0;0;20;0;32;-45;0;262083;611;1250;0;0;0;0;78;0;0;0;0;0;0;0;0;0;0;78;0;0;0;0;0;1329
BU19420585;BU19420585;De Fortlanden;WK194205;Naarden;GM1942;Gooise Meren;Noord-Holland Zuid;Noord-Holland;405;7;462;False;35;20;7;0;0;8;663;35;0;0;22;0;29;-16;0;465888;545;1010;0;0;0;0;405;0;0;0;0;0;0;0;0;0;0;405;0;0;0;0;0;11;87;303;4;0;0;5;2;0;0;0;3;46;5;0;0;17;0;29;-40;0;465888;545;1010;0;0;0;0;7;0;0;0;0;0;0;0;0;0;0;7;0;0;0;0;0;1330
BU03769997;BU03769997;UITGESLOTEN;WK037699;UITGESLOTEN;GM0376;UITGESLOTEN;UITGESLOTEN;UITGESLOTEN;0;0;0;True;0;0;0;0;0;0;0;0;0;0;0;0;0;0;0;0;0;0;0;0;0;0;0;0;0;0;0;0;0;0;0;0;0;0;0;0;0;0;0;0;0;0;0;0;0;0;0;0;0;0;0;0;0;0;0;0;0;0;0;0;0;0;0;0;0;0;0;0;0;0;0;0;0;0;0;0;0;0;0;0;0;0;0;0;1334
BU04069997;BU04069997;UITGESLOTEN;WK040699;UITGESLOTEN;GM0406;UITGESLOTEN;UITGESLOTEN;UITGESLOTEN;0;0;0;True;0;0;0;0;0;0;0;0;0;0;0;0;0;0;0;0;0;0;0;0;0;0;0;0;0;0;0;0;0;0;0;0;0;0;0;0;0;0;0;10;60;0;0;0;0;0;0;0;0;0;0;0;0;0;0;0;0;0;0;0;0;0;0;0;0;0;0;0;0;0;0;0;0;0;0;0;0;0;0;0;0;0;0;0;1339
BU19429997;BU19429997;UITGESLOTEN;WK194299;UITGESLOTEN;GM1942;UITGESLOTEN;UITGESLOTEN;UITGESLOTEN;0;0;0;True;0;0;0;0;0;0;0;0;0;0;0;0;0;0;0;0;0;0;0;0;0;0;0;0;0;0;0;0;0;0;0;0;0;0;0;0;0;0;0;0;0;0;0;0;0;0;0;0;0;0;0;0;0;0;0;0;0;0;0;0;0;0;0;0;0;0;0;0;0;0;0;0;0;0;0;0;0;0;0;0;0;0;0;0;1343
