BU_CODE;WK_CODE;Gemeente;RES;Provincie;WarmteAllocatieOptie;Aantal_WoningEQ;Aantal_woningen;Aantal_utiliteiten;Vraag_Aardgas;Vraag_MT_Warmte;Vraag_LT_Warmte;Vraag_ElektrischeWarmte;Vraag_Koude;Vraag_Elektriciteit;Vraag_Warmte_totaal;Vraag_Warmte_perhectare;CO2_reductie;Nat_abskosten;Nat_meerkosten;Nat_meerkost_CO2;CO2_uitstoot_gas;CO2_uitstoot_elek;Maatschappelijke_kosten;Aansl_aardgas;Aansl_eWP;Aansl_MT;Aansl_LT;Aansl_hWPgroengas;Aansl_HRgroengas
BU03760101;WK037601;Blaricum;Noord-Holland Zuid;Noord-Holland;;1893.36923;1815;78.3692308;38;0;0;0;2;12;38;707;0;2314914;0;0;3864484.93;2548058.56;1461050.66;1913;0;0;0;0;0
BU03760102;WK037601;Blaricum;Noord-Holland Zuid;Noord-Holland;;2567.85385;2235;332.853846;60;0;0;0;2;16;60;400;0;5072524;0;0;7569548.25;3210011.93;4035054.45;2422;0;0;0;0;0
BU03760103;WK037601;Blaricum;Noord-Holland Zuid;Noord-Holland;;8.66153846;1;7.66153846;102;0;0;0;10;29;102;11;0;45920;0;0;4441.38014;1497.04444;44180.8323;4;0;0;0;0;0
BU03760104;WK037601;Blaricum;Noord-Holland Zuid;Noord-Holland;;911.938462;816;95.9384615;21;13;0;0;2;12;34;442;0;1022098;0;0;1507868.81;1131837.16;684749.252;531.24;0;400.76;0;0;0
BU03760105;WK037601;Blaricum;Noord-Holland Zuid;Noord-Holland;;354.569231;56;298.569231;65;0;0;0;1;27;65;639;0;730269;0;0;219827.759;82044.3519;628960.695;61;0;0;0;0;0
BU03760106;WK037601;Blaricum;Noord-Holland Zuid;Noord-Holland;;1;1;0;82;0;0;0;3;12;82;0;0;1420;0;0;4582.49369;1479.15556;951.545712;1;0;0;0;0;0
BU03760107;WK037601;Blaricum;Noord-Holland Zuid;Noord-Holland;;0;0;0;0;0;0;0;0;0;0;0;0;20102;0;0;0;0;0;0;0;0;0;0;0
BU03760108;WK037601;Blaricum;Noord-Holland Zuid;Noord-Holland;;0.0769230769;0;0.0769230769;13;0;0;0;113;144;13;0;0;8389;0;0;0;0;9173.1623;2;0;0;0;0;0
BU03760109;WK037601;Blaricum;Noord-Holland Zuid;Noord-Holland;;1.73076923;1;0.730769231;88;0;0;0;10;20;88;1;0;17468;0;0;3561.45145;1346.34844;19040.935;2;0;0;0;0;0
BU04020101;WK040201;Hilversum;Noord-Holland Zuid;Noord-Holland;;3735.93077;1893;1842.93077;44;0;0;0;2;35;44;4138;0;7047057;0;0;3654187.24;2326774.39;4968984.03;2439;0;0;0;0;0
BU04020102;WK040201;Hilversum;Noord-Holland Zuid;Noord-Holland;;1736.10769;1522;214.107692;41;0;0;0;2;17;41;3250;0;2125455;0;0;3255707.82;1934713.07;1247258.1;1725;0;0;0;0;0
BU04020103;WK040201;Hilversum;Noord-Holland Zuid;Noord-Holland;;1013.02308;836;177.023077;47;0;0;0;1;14;47;2348;0;1313932;0;0;1948207.66;1093079.7;872715.537;894;0;0;0;0;0
BU04020104;WK040201;Hilversum;Noord-Holland Zuid;Noord-Holland;;1740.83846;936;804.838462;42;0;0;0;2;32;42;3555;0;3045459;0;0;1866300.03;1152993.19;2101740.68;1199;0;0;0;0;0
BU04020201;WK040202;Hilversum;Noord-Holland Zuid;Noord-Holland;;2208.23846;1530;678.238462;59;0;0;0;2;20;59;1439;0;3907469;0;0;4234673.48;2023317.25;2921054.9;1741;0;0;0;0;0
BU04020202;WK040202;Hilversum;Noord-Holland Zuid;Noord-Holland;;1017.4;641;376.4;71;0;0;0;2;27;71;1599;0;2259048;0;0;2106756.54;916580.034;1786137.38;730;0;0;0;0;0
BU04020203;WK040202;Hilversum;Noord-Holland Zuid;Noord-Holland;;1177.86154;471;706.861538;63;0;0;0;1;38;63;2520;0;2626600;0;0;1119164.34;595004.997;2023464.13;529;0;0;0;0;0
BU04020204;WK040202;Hilversum;Noord-Holland Zuid;Noord-Holland;;849.923077;577;272.923077;59;0;0;0;2;19;59;406;0;1857994;0;0;1809232.55;795677.075;1547078.62;634;0;0;0;0;0
BU04020205;WK040202;Hilversum;Noord-Holland Zuid;Noord-Holland;;364.284615;286;78.2846154;66;0;0;0;2;20;66;643;0;769581;0;0;929509.636;402338.082;613847.397;310;0;0;0;0;0
BU04020206;WK040202;Hilversum;Noord-Holland Zuid;Noord-Holland;;2443.33846;7;2436.33846;58;0;0;0;1;50;58;2475;0;5908641;0;0;30382.3253;10324.7511;4665598.17;109;0;0;0;0;0
BU04020301;WK040203;Hilversum;Noord-Holland Zuid;Noord-Holland;;726.869231;16;710.869231;29;0;0;0;1;42;29;341;0;1636378;0;0;37724.9884;19395.7364;1331768.98;135;0;0;0;0;0
BU04020302;WK040203;Hilversum;Noord-Holland Zuid;Noord-Holland;;623.746154;616;7.74615385;46;0;0;0;1;12;46;2263;0;759972;0;0;1586445.85;848430.559;478632.273;625;0;0;0;0;0
BU04020303;WK040203;Hilversum;Noord-Holland Zuid;Noord-Holland;;971.346154;845;126.346154;39;0;0;0;2;13;39;1511;0;1137457;0;0;1803196.06;1089437.12;689722.344;925;0;0;0;0;0
BU04020304;WK040203;Hilversum;Noord-Holland Zuid;Noord-Holland;;3908.41538;3034;874.415385;36;0;0;0;2;17;36;1006;0;5112499;0;0;5794073.78;3968891.38;3261699.69;3522;0;0;0;0;0
BU04020401;WK040204;Hilversum;Noord-Holland Zuid;Noord-Holland;;1470.63846;1300;170.638462;48;0;0;0;2;16;48;2584;0;1946419;0;0;3418788.53;1772430.99;1206152.65;1516;0;0;0;0;0
BU04020402;WK040204;Hilversum;Noord-Holland Zuid;Noord-Holland;;2494.72308;2307;187.723077;44;0;0;0;1;14;44;1870;0;3210279;0;0;5493061.85;3149061.06;2060913.88;2463;0;0;0;0;0
BU04020403;WK040204;Hilversum;Noord-Holland Zuid;Noord-Holland;;852.346154;810;42.3461538;55;0;0;0;2;14;55;1445;0;1278736;0;0;2500632.8;1170462.44;865664.11;937;0;0;0;0;0
BU04020404;WK040204;Hilversum;Noord-Holland Zuid;Noord-Holland;;1744.03846;1620;124.038462;47;0;0;0;2;14;47;1945;0;2264126;0;0;4119293.98;2179754.92;1394025.38;1876;0;0;0;0;0
BU04020405;WK040204;Hilversum;Noord-Holland Zuid;Noord-Holland;;2421.75385;2277;144.753846;37;0;0;0;2;12;37;1636;0;2654822;0;0;4665855.44;2871834.66;1419879.01;2706;0;0;0;0;0
BU04020501;WK040205;Hilversum;Noord-Holland Zuid;Noord-Holland;;2060.36154;1437;623.361538;59;0;0;0;2;21;59;1402;0;3777887;0;0;4462550.82;2046693.33;2863563.43;1684;0;0;0;0;0
BU04020502;WK040205;Hilversum;Noord-Holland Zuid;Noord-Holland;;675.9;624;51.9;50;0;0;0;3;13;50;244;0;1122854;0;0;1665679.35;861685.461;842490.428;675;0;0;0;0;0
BU04020503;WK040205;Hilversum;Noord-Holland Zuid;Noord-Holland;;1620.23846;240;1380.23846;38;0;0;0;1;45;38;1237;0;3576476;0;0;718807.235;332963.554;2735220.56;395;0;0;0;0;0
BU04020504;WK040205;Hilversum;Noord-Holland Zuid;Noord-Holland;;121.176923;97;24.1769231;84;0;0;0;2;15;84;322;0;352676;0;0;394396.88;144497.506;319785.455;101;0;0;0;0;0
BU04020505;WK040205;Hilversum;Noord-Holland Zuid;Noord-Holland;;2147.09231;1933;214.092308;35;0;0;0;1;12;35;1771;0;2235621;0;0;3557850.72;2357513.67;1222057.49;2142;0;0;0;0;0
BU04020506;WK040205;Hilversum;Noord-Holland Zuid;Noord-Holland;;2.78461538;0;2.78461538;13;0;0;0;8;65;13;8;0;47252;0;0;0;0;50163.0643;2;0;0;0;0;0
BU04020601;WK040206;Hilversum;Noord-Holland Zuid;Noord-Holland;;1559.46923;1200;359.469231;45;0;0;0;1;17;45;2537;0;2125908;0;0;2848713.91;1597876.69;1426525.28;1311;0;0;0;0;0
BU04020602;WK040206;Hilversum;Noord-Holland Zuid;Noord-Holland;;1288.54615;1066;222.546154;43;0;0;0;1;16;43;2391;0;1671741;0;0;2347066.54;1407951.97;1085043.9;1113;0;0;0;0;0
BU04020603;WK040206;Hilversum;Noord-Holland Zuid;Noord-Holland;;2268.59231;1916;352.592308;39;0;0;0;1;16;39;1899;0;2834077;0;0;4054839.63;2511577.85;1780410.35;2058;0;0;0;0;0
BU04020604;WK040206;Hilversum;Noord-Holland Zuid;Noord-Holland;;2463.03846;2251;212.038462;39;0;0;0;1;13;39;1950;0;2841321;0;0;4464948.29;3014542.72;1724386.67;2335;0;0;0;0;0
BU04020605;WK040206;Hilversum;Noord-Holland Zuid;Noord-Holland;;2858.4;2403;455.4;44;4;0;0;2;18;48;1804;0;4069055;0;0;5833907.58;3326430.61;2671660.95;2366.1;0;262.9;0;0;0
BU04020606;WK040206;Hilversum;Noord-Holland Zuid;Noord-Holland;;216.623077;204;12.6230769;34;0;0;0;2;12;34;406;0;318698;0;0;401148.231;286731.933;236040.816;208;0;0;0;0;0
BU04020701;WK040207;Hilversum;Noord-Holland Zuid;Noord-Holland;;1031.49231;890;141.492308;51;0;0;0;2;15;51;1592;0;1548205;0;0;2438983.9;1230890.51;1099553.5;928;0;0;0;0;0
BU04020702;WK040207;Hilversum;Noord-Holland Zuid;Noord-Holland;;811.992308;767;44.9923077;48;0;0;0;2;14;48;1703;0;1065553;0;0;1967093.21;1063187.41;681354.508;849;0;0;0;0;0
BU04020703;WK040207;Hilversum;Noord-Holland Zuid;Noord-Holland;;3926.90769;3684;242.907692;35;0;0;0;1;12;35;1474;0;4119618;0;0;7079903.63;4639720.72;2260514.89;3960;0;0;0;0;0
BU04020704;WK040207;Hilversum;Noord-Holland Zuid;Noord-Holland;;20.1307692;9;11.1307692;57;0;0;0;2;38;57;46;0;61293;0;0;36506.8996;12972.0409;53638.3174;11;0;0;0;0;0
BU04020801;WK040208;Hilversum;Noord-Holland Zuid;Noord-Holland;;1889.7;1827;62.7;42;0;0;0;2;12;42;769;0;2424014;0;0;4229294.18;2599047.88;1572754.69;1913;0;0;0;0;0
BU04020901;WK040209;Hilversum;Noord-Holland Zuid;Noord-Holland;;93.4538462;12;81.4538462;46;0;0;0;4;36;46;6;0;415161;0;0;42480.4392;16810.5262;401542.401;34;0;0;0;0;0
BU04020902;WK040209;Hilversum;Noord-Holland Zuid;Noord-Holland;;15.5769231;0;15.5769231;30;0;0;0;5;43;30;7;0;63019;0;0;0;0;59127.7852;5;0;0;0;0;0
BU04020903;WK040209;Hilversum;Noord-Holland Zuid;Noord-Holland;;488.438462;19;469.438462;117;0;0;0;1;33;117;92;0;1326065;0;0;61780.3046;26502.0107;1177529.98;54;0;0;0;0;0
BU04020904;WK040209;Hilversum;Noord-Holland Zuid;Noord-Holland;;85.7076923;37;48.7076923;73;0;0;0;2;38;73;43;0;320396;0;0;142294.499;53404.6098;290024.426;50;0;0;0;0;0
BU04020905;WK040209;Hilversum;Noord-Holland Zuid;Noord-Holland;;567.946154;134;433.946154;62;0;0;0;2;23;62;45;0;1155190;0;0;348767.282;182005.602;982126.203;221;0;0;0;0;0
BU04020906;WK040209;Hilversum;Noord-Holland Zuid;Noord-Holland;;9.47692308;6;3.47692308;75;0;0;0;9;19;75;7;0;60876;0;0;23012.8696;9005.93308;62378.4618;8;0;0;0;0;0
BU04020907;WK040209;Hilversum;Noord-Holland Zuid;Noord-Holland;;23.8769231;4;19.8769231;46;0;0;0;7;44;46;4;0;69073;0;0;13215.9438;5583.88889;57850.2834;11;0;0;0;0;0
BU04060001;WK040600;Huizen;Noord-Holland Zuid;Noord-Holland;;2155.90769;1673;482.907692;50;0;0;0;2;22;50;1826;0;3584426;0;0;4400015.55;2290740.45;2512465.68;1902;0;0;0;0;0
BU04060002;WK040600;Huizen;Noord-Holland Zuid;Noord-Holland;;1327.33077;1250;77.3307692;49;0;0;0;2;14;49;1388;0;1915314;0;0;3328715.88;1738743.47;1320581.2;1316;0;0;0;0;0
BU04060103;WK040601;Huizen;Noord-Holland Zuid;Noord-Holland;;1108.48462;1008;100.484615;52;0;0;0;2;13;52;862;0;1782286;0;0;2888313.37;1444764.41;1328894.97;1042;0;0;0;0;0
BU04060204;WK040602;Huizen;Noord-Holland Zuid;Noord-Holland;;94.0923077;94;0.0923076923;74;0;0;0;3;12;74;81;0;325906;0;0;387944.81;141194.861;304873.647;96;0;0;0;0;0
BU04060205;WK040602;Huizen;Noord-Holland Zuid;Noord-Holland;;144.846154;109;35.8461538;78;0;0;0;2;23;78;100;0;414036;0;0;416832.364;160540.996;362480.862;113;0;0;0;0;0
BU04060206;WK040602;Huizen;Noord-Holland Zuid;Noord-Holland;;360.592308;149;211.592308;88;0;0;0;2;25;88;214;0;1025459;0;0;628673.07;221860;921493.608;165;0;0;0;0;0
BU04060307;WK040603;Huizen;Noord-Holland Zuid;Noord-Holland;;34.8923077;32;2.89230769;71;0;0;0;3;13;71;37;0;113770;0;0;125401.902;46962.044;105995.12;35;0;0;0;0;0
BU04060308;WK040603;Huizen;Noord-Holland Zuid;Noord-Holland;;66.8307692;63;3.83076923;74;0;0;0;3;13;74;68;0;192475;0;0;250845.364;92540.4796;173126.211;69;0;0;0;0;0
BU04060327;WK040603;Huizen;Noord-Holland Zuid;Noord-Holland;;8.36153846;7;1.36153846;63;0;0;0;5;20;63;6;0;52533;0;0;27453.9897;10353.2711;52186.5922;9;0;0;0;0;0
BU04060328;WK040603;Huizen;Noord-Holland Zuid;Noord-Holland;;1.27692308;1;0.276923077;60;0;0;0;5;25;60;1;0;7490;0;0;3899.68707;1497.04444;6521.63396;2;0;0;0;0;0
BU04060329;WK040603;Huizen;Noord-Holland Zuid;Noord-Holland;;35.4307692;4;31.4307692;40;0;0;0;1;24;40;42;0;67757;0;0;13755.2557;5704.33733;59150.2098;7;0;0;0;0;0
BU04060330;WK040603;Huizen;Noord-Holland Zuid;Noord-Holland;;42.9153846;42;0.915384615;64;0;0;0;3;12;64;320;0;104832;0;0;148216.534;62490.7835;92236.1432;44;0;0;0;0;0
BU04060409;WK040604;Huizen;Noord-Holland Zuid;Noord-Holland;;246.461538;244;2.46153846;66;0;0;0;2;12;66;869;0;453603;0;0;897620.604;360447.754;354969.261;247;0;0;0;0;0
BU04060410;WK040604;Huizen;Noord-Holland Zuid;Noord-Holland;;1090.51538;980;110.515385;52;0;0;0;2;13;52;661;0;1696907;0;0;2762167.4;1353528.65;1240497.47;1030;0;0;0;0;0
BU04060511;WK040605;Huizen;Noord-Holland Zuid;Noord-Holland;;466.261538;359;107.261538;40;0;0;0;2;17;40;650;0;614367;0;0;753780.17;464730.066;410436.868;378;0;0;0;0;0
BU04060512;WK040605;Huizen;Noord-Holland Zuid;Noord-Holland;;209.992308;34;175.992308;46;0;0;0;3;38;46;166;0;452472;0;0;47719.0461;40097.096;359119.657;65;0;0;0;0;0
BU04060513;WK040605;Huizen;Noord-Holland Zuid;Noord-Holland;;1131.62308;232;899.623077;38;0;0;0;1;41;38;686;0;2600821;0;0;437006.157;307007.782;2083456.85;360;0;0;0;0;0
BU04060614;WK040606;Huizen;Noord-Holland Zuid;Noord-Holland;;1665.47692;1331;334.476923;37;0;0;0;2;16;37;1494;0;2040719;0;0;2521402.64;1728785.92;1298857.45;1428;0;0;0;0;0
BU04060615;WK040606;Huizen;Noord-Holland Zuid;Noord-Holland;;607.546154;559;48.5461538;45;0;0;0;2;14;45;1358;0;810880;0;0;1324606.3;754513.658;530304.049;604;0;0;0;0;0
BU04060716;WK040607;Huizen;Noord-Holland Zuid;Noord-Holland;;1821.89231;1599;222.892308;42;0;0;0;2;16;42;968;0;2509981;0;0;3724444.34;2250573.49;1588727;1888;0;0;0;0;0
BU04060817;WK040608;Huizen;Noord-Holland Zuid;Noord-Holland;;1581.76154;1453;128.761538;39;0;0;0;2;14;39;985;0;2006831;0;0;3158715.31;2090350.17;1247378.23;1621;0;0;0;0;0
BU04060818;WK040608;Huizen;Noord-Holland Zuid;Noord-Holland;;1582.82308;1366;216.823077;34;0;0;0;1;16;34;1312;0;1869613;0;0;2772439.53;1794941.09;1124261.1;1446;0;0;0;0;0
BU04060919;WK040609;Huizen;Noord-Holland Zuid;Noord-Holland;;1437.36923;1409;28.3692308;37;0;0;0;2;11;37;1257;0;1567167;0;0;2878748.31;1858929.18;909967.139;1469;0;0;0;0;0
BU04061020;WK040610;Huizen;Noord-Holland Zuid;Noord-Holland;;778.253846;750;28.2538462;37;0;0;0;1;11;37;1071;0;848631;0;0;1505304.58;978934.764;499935.883;778;0;0;0;0;0
BU04061021;WK040610;Huizen;Noord-Holland Zuid;Noord-Holland;;222.569231;221;1.56923077;42;0;0;0;2;12;42;940;0;276717;0;0;516453.567;315762.93;172957.739;233;0;0;0;0;0
BU04061123;WK040611;Huizen;Noord-Holland Zuid;Noord-Holland;;1492.73077;1478;14.7307692;38;0;0;0;1;11;38;1065;0;1684547;0;0;3154226.78;2022703.88;1012808.55;1513;0;0;0;0;0
BU04061124;WK040611;Huizen;Noord-Holland Zuid;Noord-Holland;;911.446154;821;90.4461538;33;0;0;0;1;14;33;1944;0;920330;0;0;1450736.47;987115.153;484934.91;879;0;0;0;0;0
BU04061125;WK040611;Huizen;Noord-Holland Zuid;Noord-Holland;;622.346154;593;29.3461538;35;0;0;0;1;11;35;741;0;669415;0;0;1142772.48;766131.19;395888.399;601;0;0;0;0;0
BU04061226;WK040612;Huizen;Noord-Holland Zuid;Noord-Holland;;822.530769;801;21.5307692;38;0;0;0;2;11;38;840;0;995866;0;0;1703065.64;1108290.76;640449.491;811;0;0;0;0;0
BU04061231;WK040612;Huizen;Noord-Holland Zuid;Noord-Holland;;120;120;0;44;0;0;0;2;11;44;915;0;154877;0;0;294078.284;176266.378;103105.194;120;0;0;0;0;0
BU04170320;WK041703;Laren;Noord-Holland Zuid;Noord-Holland;;1735.95385;995;740.953846;60;0;0;0;3;28;60;1431;0;3523399;0;0;2893208;1366904.62;2646061.07;1369;0;0;0;0;0
BU04170321;WK041703;Laren;Noord-Holland Zuid;Noord-Holland;;174.6;5;169.6;106;0;0;0;1;58;106;31;0;570357;0;0;16962.7529;6875.56889;471878.022;11;0;0;0;0;0
BU04170322;WK041703;Laren;Noord-Holland Zuid;Noord-Holland;;683.8;569;114.8;46;0;0;0;2;18;46;634;0;1042503;0;0;1475155.85;778884.1;719524.668;621;0;0;0;0;0
BU04170323;WK041703;Laren;Noord-Holland Zuid;Noord-Holland;;545.192308;512;33.1923077;62;0;0;0;2;14;62;342;0;989099;0;0;1756591.86;737630.819;758114.568;553;0;0;0;0;0
BU04170324;WK041703;Laren;Noord-Holland Zuid;Noord-Holland;;183.223077;164;19.2230769;36;0;0;0;2;13;36;759;0;212577;0;0;322820.031;220786.997;132058.45;169;0;0;0;0;0
BU04170325;WK041703;Laren;Noord-Holland Zuid;Noord-Holland;;161.346154;154;7.34615385;73;0;0;0;3;12;73;147;0;403483;0;0;635070.589;228938.782;349331.521;157;0;0;0;0;0
BU04170326;WK041703;Laren;Noord-Holland Zuid;Noord-Holland;;164.961538;109;55.9615385;68;0;0;0;2;15;68;227;0;388299;0;0;442186.984;160790.523;341158.617;116;0;0;0;0;0
BU04170327;WK041703;Laren;Noord-Holland Zuid;Noord-Holland;;371.030769;246;125.030769;61;0;0;0;2;19;61;269;0;754662;0;0;821164.985;347160.496;618595.304;256;0;0;0;0;0
BU04170328;WK041703;Laren;Noord-Holland Zuid;Noord-Holland;;2375.52308;2199;176.523077;50;0;0;0;2;14;50;1238;0;3428671;0;0;5981460.87;3047479.99;2333395.19;2402;0;0;0;0;0
BU04170329;WK041703;Laren;Noord-Holland Zuid;Noord-Holland;;380.276923;296;84.2769231;75;0;0;0;2;16;75;283;0;891195;0;0;1094008.33;430729.407;757409.348;315;0;0;0;0;0
BU04570001;WK045700;Weesp;Noord-Holland Zuid;Noord-Holland;;1519.8;1194;325.8;50;0;0;0;2;19;50;2360;0;2298764;0;0;2882945.75;1583851.13;1571181.62;1373;0;0;0;0;0
BU04570002;WK045700;Weesp;Noord-Holland Zuid;Noord-Holland;;586.484615;513;73.4846154;45;0;0;0;2;14;45;3013;0;718458;0;0;1141705.75;662142.161;448062.422;560;0;0;0;0;0
BU04570101;WK045701;Weesp;Noord-Holland Zuid;Noord-Holland;;750.023077;118;632.023077;45;0;0;0;1;28;45;659;0;1288256;0;0;347742.36;170257.946;1031901.43;169;0;0;0;0;0
BU04570102;WK045701;Weesp;Noord-Holland Zuid;Noord-Holland;;415.707692;368;47.7076923;41;0;0;0;1;14;41;1914;0;496820;0;0;785133.21;461718.132;302778.229;390;0;0;0;0;0
BU04570103;WK045701;Weesp;Noord-Holland Zuid;Noord-Holland;;333.415385;314;19.4153846;45;0;0;0;2;13;45;1231;0;461259;0;0;772508.564;428214.814;311657.104;331;0;0;0;0;0
BU04570104;WK045701;Weesp;Noord-Holland Zuid;Noord-Holland;;259.3;254;5.3;46;0;0;0;2;13;46;1272;0;357281;0;0;654292.464;361995.843;229621.292;295;0;0;0;0;0
BU04570201;WK045702;Weesp;Noord-Holland Zuid;Noord-Holland;;1162.01538;1106;56.0153846;33;0;0;0;1;11;33;1533;0;1134339;0;0;2021770.16;1304222.01;593933.101;1132;0;0;0;0;0
BU04570202;WK045702;Weesp;Noord-Holland Zuid;Noord-Holland;;553.353846;500;53.3538462;35;0;0;0;2;12;35;1642;0;612651;0;0;911578.38;628783.449;357942.389;551;0;0;0;0;0
BU04570301;WK045703;Weesp;Noord-Holland Zuid;Noord-Holland;;459.5;424;35.5;34;0;0;0;2;12;34;887;0;459777;0;0;777110.034;531257.034;239450.299;458;0;0;0;0;0
BU04570302;WK045703;Weesp;Noord-Holland Zuid;Noord-Holland;;1004.14615;930;74.1461538;37;0;0;0;2;14;37;1731;0;1183635;0;0;1905707.31;1192288.32;672243.116;1085;0;0;0;0;0
BU04570303;WK045703;Weesp;Noord-Holland Zuid;Noord-Holland;;1030.17692;904;126.176923;32;0;0;0;2;13;32;1831;0;1072834;0;0;1701566.28;1114705.48;581911.746;1004;0;0;0;0;0
BU04570304;WK045703;Weesp;Noord-Holland Zuid;Noord-Holland;;2695.4;75;2620.4;39;0;0;0;1;17;39;1277;0;3577734;0;0;168758.414;89869.7196;3083764.8;408;0;0;0;0;0
BU04570401;WK045704;Weesp;Noord-Holland Zuid;Noord-Holland;;756.723077;702;54.7230769;39;0;0;0;1;13;39;1209;0;925130;0;0;1536455.3;961234.507;581256.101;728;0;0;0;0;0
BU04570402;WK045704;Weesp;Noord-Holland Zuid;Noord-Holland;;797.338462;797;0.338461538;37;0;0;0;1;10;37;1215;0;842642;0;0;1659712.07;1053642.09;483964.273;801;0;0;0;0;0
BU04570701;WK045707;Weesp;Noord-Holland Zuid;Noord-Holland;;165.461538;115;50.4615385;53;0;0;0;3;22;53;17;0;457756;0;0;382167.114;163582.352;402641.637;144;0;0;0;0;0
BU04570801;WK045708;Weesp;Noord-Holland Zuid;Noord-Holland;;220.430769;136;84.4307692;56;0;0;0;5;23;56;12;0;708637;0;0;498946.405;194666.143;640043.629;245;0;0;0;0;0
BU04570901;WK045709;Weesp;Noord-Holland Zuid;Noord-Holland;;627.553846;510;117.553846;35;0;0;0;2;21;35;788;0;901857;0;0;974120.044;723267.384;598955.104;550;0;0;0;0;0
BU04570902;WK045709;Weesp;Noord-Holland Zuid;Noord-Holland;;297.507692;12;285.507692;32;0;0;0;1;27;32;550;0;492999;0;0;39632.7224;16731.6924;409441.314;43;0;0;0;0;0
BU04570903;WK045709;Weesp;Noord-Holland Zuid;Noord-Holland;;36.7461538;33;3.74615385;46;0;0;0;3;17;46;5;0;230515;0;0;88089.8322;46999.1609;239595.134;38;0;0;0;0;0
BU16960000;WK169600;Wijdemeren;Noord-Holland Zuid;Noord-Holland;;939.369231;714;225.369231;56;0;0;0;2;19;56;101;0;1849220;0;0;1906335.91;970498.084;1467217.09;801;0;0;0;0;0
BU16960100;WK169601;Wijdemeren;Noord-Holland Zuid;Noord-Holland;;190.769231;158;32.7692308;59;0;0;0;3;17;59;37;0;417754;0;0;488457.107;219669.79;343261.616;183;0;0;0;0;0
BU16960101;WK169601;Wijdemeren;Noord-Holland Zuid;Noord-Holland;;2964.28462;2674;290.284615;42;0;0;0;2;14;42;333;0;3915003;0;0;6099278.85;3687915.32;2499740.71;3039;0;0;0;0;0
BU16960102;WK169601;Wijdemeren;Noord-Holland Zuid;Noord-Holland;;88.9153846;75;13.9153846;58;0;0;0;3;14;58;72;0;200900;0;0;256461.762;104335.326;169686.869;86;0;0;0;0;0
BU16960103;WK169601;Wijdemeren;Noord-Holland Zuid;Noord-Holland;;42.5538462;38;4.55384615;64;0;0;0;4;13;64;12;0;132951;0;0;139331.962;53280.1236;125269.45;49;0;0;0;0;0
BU16960200;WK169602;Wijdemeren;Noord-Holland Zuid;Noord-Holland;;125.161538;120;5.16153846;58;0;0;0;2;13;58;31;0;202532;0;0;385760.824;167152.059;147229.633;124;0;0;0;0;0
BU16960201;WK169602;Wijdemeren;Noord-Holland Zuid;Noord-Holland;;559.961538;491;68.9615385;46;0;0;0;2;13;46;111;0;879038;0;0;1257189.09;686127.62;635875.916;571;0;0;0;0;0
BU16960202;WK169602;Wijdemeren;Noord-Holland Zuid;Noord-Holland;;71.2461538;56;15.2461538;59;0;0;0;2;21;59;29;0;127798;0;0;186999.914;80438.5066;91907.0126;61;0;0;0;0;0
BU16960300;WK169603;Wijdemeren;Noord-Holland Zuid;Noord-Holland;;1565.33846;1090;475.338462;50;0;0;0;4;19;50;111;0;2912392;0;0;3117650.09;1468392.08;2186570.81;1565;0;0;0;0;0
BU16960400;WK169604;Wijdemeren;Noord-Holland Zuid;Noord-Holland;;3359.99231;2706;653.992308;49;0;0;0;2;18;49;330;0;5357030;0;0;6907026.02;3747634;3792897.76;3125;0;0;0;0;0
BU16960401;WK169604;Wijdemeren;Noord-Holland Zuid;Noord-Holland;;66.7692308;65;1.76923077;65;0;0;0;3;13;65;310;0;134141;0;0;240957.208;92948.2164;107035.648;69;0;0;0;0;0
BU16960402;WK169604;Wijdemeren;Noord-Holland Zuid;Noord-Holland;;359.238462;137;222.238462;54;0;0;0;14;22;54;138;0;748885;0;0;464762.194;187383.113;467357.257;663;0;0;0;0;0
BU16960500;WK169605;Wijdemeren;Noord-Holland Zuid;Noord-Holland;;143.407692;138;5.40769231;59;0;0;0;2;12;59;66;0;248523;0;0;448631.73;190733.22;190341.703;145;0;0;0;0;0
BU16960601;WK169606;Wijdemeren;Noord-Holland Zuid;Noord-Holland;;697.146154;545;152.146154;51;0;0;0;4;17;51;137;0;1177584;0;0;1466668.65;777182.586;845694.156;730;0;0;0;0;0
BU16960602;WK169606;Wijdemeren;Noord-Holland Zuid;Noord-Holland;;609.238462;570;39.2384615;41;0;0;0;2;14;41;337;0;828488;0;0;1298020.25;785171.313;552903.529;604;0;0;0;0;0
BU16960603;WK169606;Wijdemeren;Noord-Holland Zuid;Noord-Holland;;418.315385;287;131.315385;65;0;0;0;2;20;65;45;0;1039961;0;0;1020248.46;408293.475;886566.922;328;0;0;0;0;0
BU16960604;WK169606;Wijdemeren;Noord-Holland Zuid;Noord-Holland;;909.3;831;78.3;44;0;0;0;2;14;44;177;0;1368582;0;0;1989024.25;1161622.85;974201.27;925;0;0;0;0;0
BU19420000;WK194200;Gooise_Meren;Noord-Holland Zuid;Noord-Holland;;1548.90769;936;612.907692;47;0;0;0;3;30;47;3343;0;2708743;0;0;1943876.17;1155774.37;1833946.85;1324;0;0;0;0;0
BU19420001;WK194200;Gooise_Meren;Noord-Holland Zuid;Noord-Holland;;1213.05385;867;346.053846;45;0;0;0;2;24;45;2696;0;1856528;0;0;1773439.96;1084168.63;1227662.57;1019;0;0;0;0;0
BU19420002;WK194200;Gooise_Meren;Noord-Holland Zuid;Noord-Holland;;798.776923;632;166.776923;47;0;0;0;2;20;47;2843;0;1179836;0;0;1503322.99;839325.391;785707.671;719;0;0;0;0;0
BU19420003;WK194200;Gooise_Meren;Noord-Holland Zuid;Noord-Holland;;569.123077;500;69.1230769;52;0;0;0;2;15;52;2577;0;859015;0;0;1336803.36;696771.714;608915.111;537;0;0;0;0;0
BU19420004;WK194200;Gooise_Meren;Noord-Holland Zuid;Noord-Holland;;655.361538;564;91.3615385;42;0;0;0;2;17;42;2759;0;825326;0;0;1309413.07;753585.446;508173.691;616;0;0;0;0;0
BU19420005;WK194200;Gooise_Meren;Noord-Holland Zuid;Noord-Holland;;541.484615;499;42.4846154;48;0;0;0;2;12;48;2243;0;706962;0;0;1246883.96;710449.054;468930.693;527;0;0;0;0;0
BU19420006;WK194200;Gooise_Meren;Noord-Holland Zuid;Noord-Holland;;510.284615;420;90.2846154;47;0;0;0;2;14;47;2220;0;659755;0;0;901260.738;558575.108;431703.596;472;0;0;0;0;0
BU19420007;WK194200;Gooise_Meren;Noord-Holland Zuid;Noord-Holland;;717.823077;633;84.8230769;41;0;0;0;2;15;41;1592;0;942623;0;0;1292479.99;813194.991;570761.659;774;0;0;0;0;0
BU19420008;WK194200;Gooise_Meren;Noord-Holland Zuid;Noord-Holland;;560;459;101;56;0;0;0;3;19;56;2068;0;902839;0;0;1291482.5;620260.518;610433.55;584;0;0;0;0;0
BU19420100;WK194201;Gooise_Meren;Noord-Holland Zuid;Noord-Holland;;443.184615;315;128.184615;64;0;0;0;3;23;64;2024;0;850750;0;0;994295.875;441066.788;635812.076;384;0;0;0;0;0
BU19420101;WK194201;Gooise_Meren;Noord-Holland Zuid;Noord-Holland;;395.992308;245;150.992308;45;0;0;0;2;24;45;1587;0;653469;0;0;568604.018;333555.852;467455.853;302;0;0;0;0;0
BU19420102;WK194201;Gooise_Meren;Noord-Holland Zuid;Noord-Holland;;542.869231;438;104.869231;53;0;0;0;2;16;53;1485;0;869277;0;0;1305382.51;621443.703;633275.049;489;0;0;0;0;0
BU19420103;WK194201;Gooise_Meren;Noord-Holland Zuid;Noord-Holland;;210.184615;191;19.1846154;74;0;0;0;3;16;74;796;0;447047;0;0;730270.65;289300.342;359376.066;199;0;0;0;0;0
BU19420104;WK194201;Gooise_Meren;Noord-Holland Zuid;Noord-Holland;;616.638462;431;185.638462;55;0;0;0;2;15;55;911;0;1009489;0;0;1234777.49;580776.983;782096.41;455;0;0;0;0;0
BU19420200;WK194202;Gooise_Meren;Noord-Holland Zuid;Noord-Holland;;86.5307692;1;85.5307692;88;0;0;0;3;21;88;469;0;192791;0;0;2002.54576;1314.57778;173227.339;16;0;0;0;0;0
BU19420201;WK194202;Gooise_Meren;Noord-Holland Zuid;Noord-Holland;;460.707692;444;16.7076923;54;0;0;0;2;14;54;1598;0;685416;0;0;1317962.23;647774.243;478068.449;460;0;0;0;0;0
BU19420202;WK194202;Gooise_Meren;Noord-Holland Zuid;Noord-Holland;;423.084615;410;13.0846154;41;0;0;0;1;13;41;1918;0;527827;0;0;929240.207;571017.744;337000.516;422;0;0;0;0;0
BU19420203;WK194202;Gooise_Meren;Noord-Holland Zuid;Noord-Holland;;273.323077;260;13.3230769;55;0;0;0;2;12;55;1323;0;411556;0;0;820663.116;383188.556;289052.502;284;0;0;0;0;0
BU19420204;WK194202;Gooise_Meren;Noord-Holland Zuid;Noord-Holland;;603.176923;531;72.1769231;53;0;0;0;2;14;53;1361;0;890348;0;0;1389622.7;740428.734;625095.149;559;0;0;0;0;0
BU19420205;WK194202;Gooise_Meren;Noord-Holland Zuid;Noord-Holland;;1025.30769;920;105.307692;41;0;0;0;2;14;41;1503;0;1306519;0;0;2040874.15;1190067.14;763235.361;1172;0;0;0;0;0
BU19420206;WK194202;Gooise_Meren;Noord-Holland Zuid;Noord-Holland;;1570.20769;1275;295.207692;43;0;0;0;2;16;43;1450;0;1996674;0;0;2651648.11;1625351.85;1150904.5;1712;0;0;0;0;0
BU19420207;WK194202;Gooise_Meren;Noord-Holland Zuid;Noord-Holland;;849.353846;801;48.3538462;38;0;0;0;2;13;38;1099;0;1022797;0;0;1635847.76;1092192.25;618994.128;884;0;0;0;0;0
BU19420208;WK194202;Gooise_Meren;Noord-Holland Zuid;Noord-Holland;;713.707692;700;13.7076923;40;0;0;0;2;11;40;1624;0;826372;0;0;1539740.54;971825.246;496940.546;738;0;0;0;0;0
BU19420209;WK194202;Gooise_Meren;Noord-Holland Zuid;Noord-Holland;;1287.51538;1070;217.515385;36;0;0;0;2;17;36;1072;0;1573308;0;0;1975442.01;1328936.6;889869.838;1331;0;0;0;0;0
BU19420300;WK194203;Gooise_Meren;Noord-Holland Zuid;Noord-Holland;;519.569231;392;127.569231;64;0;0;0;3;18;64;1343;0;990178;0;0;1249723.44;548760.917;762687.906;456;0;0;0;0;0
BU19420301;WK194203;Gooise_Meren;Noord-Holland Zuid;Noord-Holland;;206.746154;155;51.7461538;66;0;0;0;3;21;66;1144;0;401109;0;0;430819.821;203083.649;298057.597;202;0;0;0;0;0
BU19420302;WK194203;Gooise_Meren;Noord-Holland Zuid;Noord-Holland;;674.830769;517;157.830769;69;0;0;0;2;15;69;1009;0;1272568;0;0;1834332.15;746635.298;1012828.22;550;0;0;0;0;0
BU19420303;WK194203;Gooise_Meren;Noord-Holland Zuid;Noord-Holland;;272.730769;269;3.73076923;65;0;0;0;3;12;65;769;0;530499;0;0;975162.444;392849.414;417359.586;284;0;0;0;0;0
BU19420304;WK194203;Gooise_Meren;Noord-Holland Zuid;Noord-Holland;;931.923077;696;235.923077;40;0;0;0;2;18;40;1217;0;1230717;0;0;1442730.73;872757.791;784798.771;819;0;0;0;0;0
BU19420305;WK194203;Gooise_Meren;Noord-Holland Zuid;Noord-Holland;;238.815385;213;25.8153846;55;0;0;0;3;13;55;563;0;380596;0;0;682511.24;312697.682;278351.58;233;0;0;0;0;0
BU19420306;WK194203;Gooise_Meren;Noord-Holland Zuid;Noord-Holland;;349.069231;107;242.069231;33;0;0;0;1;52;33;66;0;909398;0;0;312894.245;149408.157;695689.939;130;0;0;0;0;0
BU19420400;WK194204;Gooise_Meren;Noord-Holland Zuid;Noord-Holland;;748.738462;639;109.738462;51;0;0;0;2;15;51;1288;0;1112565;0;0;1635631.86;871871.162;773159.137;712;0;0;0;0;0
BU19420401;WK194204;Gooise_Meren;Noord-Holland Zuid;Noord-Holland;;565.884615;535;30.8846154;46;0;0;0;2;13;46;222;0;933594;0;0;1345685.59;767331.796;689765.736;579;0;0;0;0;0
BU19420402;WK194204;Gooise_Meren;Noord-Holland Zuid;Noord-Holland;;858.5;773;85.5;52;0;0;0;3;15;52;302;0;1376215;0;0;2204015.39;1098825.46;931753.607;1002;0;0;0;0;0
BU19420403;WK194204;Gooise_Meren;Noord-Holland Zuid;Noord-Holland;;340.738462;324;16.7384615;47;0;0;0;2;14;47;893;0;482839;0;0;844213.261;462096.808;323498.244;352;0;0;0;0;0
BU19420404;WK194204;Gooise_Meren;Noord-Holland Zuid;Noord-Holland;;537.953846;527;10.9538462;40;0;0;0;2;12;40;1158;0;638298;0;0;1201258.28;738181.957;388717.235;561;0;0;0;0;0
BU19420408;WK194204;Gooise_Meren;Noord-Holland Zuid;Noord-Holland;;157.953846;4;153.953846;21;0;0;0;2;72;21;17;0;602071;0;0;15625.881;5979.08953;503521.277;35;0;0;0;0;0
BU19420409;WK194204;Gooise_Meren;Noord-Holland Zuid;Noord-Holland;;1;1;0;63;0;0;0;2;11;63;8;0;38947;0;0;3522.10794;1367.20178;42861.1185;1;0;0;0;0;0
BU19420410;WK194204;Gooise_Meren;Noord-Holland Zuid;Noord-Holland;;138.261538;74;64.2615385;56;0;0;0;3;34;56;11;0;564928;0;0;259484.26;104919.795;537602.598;91;0;0;0;0;0
BU19420501;WK194205;Gooise_Meren;Noord-Holland Zuid;Noord-Holland;;1152.86154;836;316.861538;56;0;0;0;3;23;56;1147;0;1988074;0;0;2189809.14;1165418.67;1405121.1;1071;0;0;0;0;0
BU19420502;WK194205;Gooise_Meren;Noord-Holland Zuid;Noord-Holland;;1847.95385;1687;160.953846;42;0;0;0;2;14;42;974;0;2452056;0;0;3768703.58;2325487.96;1557344.29;1933;0;0;0;0;0
BU19420503;WK194205;Gooise_Meren;Noord-Holland Zuid;Noord-Holland;;201.376923;181;20.3769231;52;0;0;0;3;13;52;191;0;360545;0;0;536517.539;272104.805;276287.179;197;0;0;0;0;0
BU19420504;WK194205;Gooise_Meren;Noord-Holland Zuid;Noord-Holland;;543.8;10;533.8;43;0;0;0;3;44;43;522;0;1320650;0;0;30480.956;13581.5409;1074640.38;166;0;0;0;0;0
BU19420506;WK194205;Gooise_Meren;Noord-Holland Zuid;Noord-Holland;;278.638462;253;25.6384615;56;0;0;0;3;14;56;739;0;485521;0;0;790443.656;369951.251;352053.733;318;0;0;0;0;0
BU19420507;WK194205;Gooise_Meren;Noord-Holland Zuid;Noord-Holland;;582.623077;549;33.6230769;54;0;0;0;2;14;54;1066;0;938465;0;0;1587186.39;760274.595;670320.476;617;0;0;0;0;0
BU19420508;WK194205;Gooise_Meren;Noord-Holland Zuid;Noord-Holland;;1156.18462;1054;102.184615;49;0;0;0;2;15;49;1295;0;1779408;0;0;2891141.7;1476968.96;1242420.16;1187;0;0;0;0;0
BU19420509;WK194205;Gooise_Meren;Noord-Holland Zuid;Noord-Holland;;1097.86154;716;381.861538;51;0;0;0;2;20;51;509;0;1844182;0;0;1793306.58;967248.688;1375688.41;826;0;0;0;0;0
BU19420510;WK194205;Gooise_Meren;Noord-Holland Zuid;Noord-Holland;;1009.33077;911;98.3307692;52;0;0;0;2;14;52;995;0;1602929;0;0;2674362.61;1282029.06;1164007.55;991;0;0;0;0;0
BU19420511;WK194205;Gooise_Meren;Noord-Holland Zuid;Noord-Holland;;132.969231;96;36.9692308;96;0;0;0;2;25;96;686;0;380369;0;0;391487.156;141596.626;326025.272;99;0;0;0;0;0
BU19420512;WK194205;Gooise_Meren;Noord-Holland Zuid;Noord-Holland;;506.176923;259;247.176923;57;0;0;0;3;32;57;33;0;1461063;0;0;800723.062;367705.956;1244431.64;363;0;0;0;0;0
BU19420513;WK194205;Gooise_Meren;Noord-Holland Zuid;Noord-Holland;;39;25;14;53;0;0;0;5;25;53;3;0;143649;0;0;87153.6811;34891.6236;138419.077;42;0;0;0;0;0
BU19420515;WK194205;Gooise_Meren;Noord-Holland Zuid;Noord-Holland;;46;46;0;64;0;0;0;2;12;64;60;0;118423;0;0;165106.657;68862.9769;105275;46;0;0;0;0;0
BU19420555;WK194205;Gooise_Meren;Noord-Holland Zuid;Noord-Holland;;450.753846;0;450.753846;38;0;0;0;3;52;38;909;0;1057960;0;0;0;0;802817.186;86;0;0;0;0;0
BU19420565;WK194205;Gooise_Meren;Noord-Holland Zuid;Noord-Holland;;581.576923;511;70.5769231;41;0;0;0;2;15;41;1767;0;687965;0;0;1031673.46;668069.237;382740.234;617;0;0;0;0;0
BU19420575;WK194205;Gooise_Meren;Noord-Holland Zuid;Noord-Holland;;209.676923;183;26.6769231;44;0;0;0;3;15;44;819;0;286316;0;0;445672.392;253252.62;164806.023;261;0;0;0;0;0
BU19420585;WK194205;Gooise_Meren;Noord-Holland Zuid;Noord-Holland;;461.230769;405;56.2307692;40;0;0;0;1;12;40;994;0;578359;0;0;875943.695;554154.758;386065.394;412;0;0;0;0;0
BU03769997;WK037699;Blaricum;Noord-Holland Zuid;Noord-Holland;;0;0;0;0;0;0;0;0;0;0;0;0;0;0;0;0;0;0;0;0;0;0;0;0
BU04069997;WK040699;Huizen;Noord-Holland Zuid;Noord-Holland;;70;70;0;0;0;0;0;0;0;0;0;0;0;0;0;122039.636;85268.3191;98889.5548;0;0;0;0;0;0
BU19429997;WK194299;Gooise_Meren;Noord-Holland Zuid;Noord-Holland;;0.546153846;0;0.546153846;0;0;0;0;0;0;0;0;0;0;0;0;0;0;42935.6845;0;0;0;0;0;0
